This is pdfTeX, Version 3.141592653-2.6-1.40.28 (TeX Live 2025) (preloaded format=pdflatex 2025.12.12)  12 DEC 2025 03:13
entering extended mode
 restricted \write18 enabled.
 %&-line parsing enabled.
**paper1a.tex
(./paper1a.tex
LaTeX2e <2025-11-01>
L3 programming layer <2025-11-14>
(./cup-journal.cls
Document Class: cup-journal 2023/05/02 v1.3 Submission to CUP journals
(c:/texlive/2025/texmf-dist/tex/latex/base/article.cls
Document Class: article 2025/01/22 v1.4n Standard LaTeX document class
(c:/texlive/2025/texmf-dist/tex/latex/base/size10.clo
File: size10.clo 2025/01/22 v1.4n Standard LaTeX file (size option)
)
\c@part=\count275
\c@section=\count276
\c@subsection=\count277
\c@subsubsection=\count278
\c@paragraph=\count279
\c@subparagraph=\count280
\c@figure=\count281
\c@table=\count282
\abovecaptionskip=\skip49
\belowcaptionskip=\skip50
\bibindent=\dimen148
)
(c:/texlive/2025/texmf-dist/tex/latex/lastpage/lastpage.sty
Package: lastpage 2025/08/14 v2.1h lastpage: 2.09 or 2e? (HMM)

(c:/texlive/2025/texmf-dist/tex/latex/lastpage/lastpage2e.sty
Package: lastpage2e 2025/08/14 v2.1h Decide which 2e lastpage version to use (H
MM)

(c:/texlive/2025/texmf-dist/tex/latex/lastpage/lastpagemodern.sty
Package: lastpagemodern 2025-08-14 v2.1h Refers to last page's name (HMM; JPG)
\c@lastpagecount=\count283
) 
)) (c:/texlive/2025/texmf-dist/tex/latex/enumitem/enumitem.sty
Package: enumitem 2025/02/06 v3.11 Customized lists
\enitkv@toks@=\toks17
\labelindent=\skip51
\enit@outerparindent=\dimen149
\enit@toks=\toks18
\enit@inbox=\box53
\enit@count@id=\count284
\enitdp@description=\count285
)
(c:/texlive/2025/texmf-dist/tex/latex/threeparttable/threeparttable.sty
Package: threeparttable 2003/06/13  v 3.0
\@tempboxb=\box54
)
(c:/texlive/2025/texmf-dist/tex/latex/endnotes/endnotes.sty
Package: endnotes 2020-01-02 endnotes package
\c@endnote=\count286
\endnotesep=\dimen150
\@enotes=\write3
)
(c:/texlive/2025/texmf-dist/tex/latex/xkeyval/xkeyval.sty
Package: xkeyval 2025/11/04 v2.10 package option processing (HA)

(c:/texlive/2025/texmf-dist/tex/generic/xkeyval/xkeyval.tex
(c:/texlive/2025/texmf-dist/tex/generic/xkeyval/xkvutils.tex
\XKV@toks=\toks19
\XKV@tempa@toks=\toks20
\XKV@tempb@toks=\toks21

(c:/texlive/2025/texmf-dist/tex/generic/xkeyval/keyval.tex))
\XKV@depth=\count287
File: xkeyval.tex 2014/12/03 v2.7a key=value parser (HA)
))
(c:/texlive/2025/texmf-dist/tex/latex/geometry/geometry.sty
Package: geometry 2020/01/02 v5.9 Page Geometry

(c:/texlive/2025/texmf-dist/tex/generic/iftex/ifvtex.sty
Package: ifvtex 2019/10/25 v1.7 ifvtex legacy package. Use iftex instead.

(c:/texlive/2025/texmf-dist/tex/generic/iftex/iftex.sty
Package: iftex 2024/12/12 v1.0g TeX engine tests
))
\Gm@cnth=\count288
\Gm@cntv=\count289
\c@Gm@tempcnt=\count290
\Gm@bindingoffset=\dimen151
\Gm@wd@mp=\dimen152
\Gm@odd@mp=\dimen153
\Gm@even@mp=\dimen154
\Gm@layoutwidth=\dimen155
\Gm@layoutheight=\dimen156
\Gm@layouthoffset=\dimen157
\Gm@layoutvoffset=\dimen158
\Gm@dimlist=\toks22
)
(c:/texlive/2025/texmf-dist/tex/latex/changepage/changepage.sty
Package: changepage 2009/10/20 v1.0c check page and change page layout
\c@cp@cntr=\count291
\cp@tempcnt=\count292
)
(c:/texlive/2025/texmf-dist/tex/latex/stringstrings/stringstrings.sty
Package: stringstrings 2020/12/08 v1.24 Extensive array of string manipulation 
routines for cosmetic and programming application

(c:/texlive/2025/texmf-dist/tex/latex/base/ifthen.sty
Package: ifthen 2024/03/16 v1.1e Standard LaTeX ifthen package (DPC)
)
\c@@letterindex=\count293
\c@@@letterindex=\count294
\c@@@@letterindex=\count295
\c@@wordindex=\count296
\c@@iargc=\count297
\c@@gobblesize=\count298
\c@@maxrotation=\count299
\c@@stringsize=\count300
\c@@@stringsize=\count301
\c@@@@stringsize=\count302
\c@@revisedstringsize=\count303
\c@@gobbleindex=\count304
\c@@charsfound=\count305
\c@@alph=\count306
\c@@alphaindex=\count307
\c@@capstrigger=\count308
\c@@fromindex=\count309
\c@@toindex=\count310
\c@@previousindex=\count311
\c@@flag=\count312
\c@@matchloc=\count313
\c@@matchend=\count314
\c@@matchsize=\count315
\c@@matchmax=\count316
\c@@skipped=\count317
\c@@lcwords=\count318
\c@@@matchloc=\count319
)
(c:/texlive/2025/texmf-dist/tex/latex/textpos/textpos.sty
Package: textpos 2022/07/23 v1.10.1
Package textpos Info: choosing support for LaTeX3 on input line 60.
\TP@textbox=\box55
\TP@holdbox=\box56
\TPHorizModule=\dimen159
\TPVertModule=\dimen160
\TP@margin=\dimen161
\TP@absmargin=\dimen162

Grid set 16 x 16 = 38.39343pt x 49.68562pt
\TPboxrulesize=\dimen163
\TP@ox=\dimen164
\TP@oy=\dimen165
\TP@tbargs=\toks23
TextBlockOrigin set to 0pt x 0pt
) (c:/texlive/2025/texmf-dist/tex/latex/xcolor/xcolor.sty
Package: xcolor 2024/09/29 v3.02 LaTeX color extensions (UK)

(c:/texlive/2025/texmf-dist/tex/latex/graphics-cfg/color.cfg
File: color.cfg 2016/01/02 v1.6 sample color configuration
)
Package xcolor Info: Driver file: pdftex.def on input line 274.

(c:/texlive/2025/texmf-dist/tex/latex/graphics-def/pdftex.def
File: pdftex.def 2025/09/29 v1.2d Graphics/color driver for pdftex
)
(c:/texlive/2025/texmf-dist/tex/latex/graphics/mathcolor.ltx)
Package xcolor Info: Model `cmy' substituted by `cmy0' on input line 1349.
Package xcolor Info: Model `hsb' substituted by `rgb' on input line 1353.
Package xcolor Info: Model `RGB' extended on input line 1365.
Package xcolor Info: Model `HTML' substituted by `rgb' on input line 1367.
Package xcolor Info: Model `Hsb' substituted by `hsb' on input line 1368.
Package xcolor Info: Model `tHsb' substituted by `hsb' on input line 1369.
Package xcolor Info: Model `HSB' substituted by `hsb' on input line 1370.
Package xcolor Info: Model `Gray' substituted by `gray' on input line 1371.
Package xcolor Info: Model `wave' substituted by `hsb' on input line 1372.
)
(c:/texlive/2025/texmf-dist/tex/latex/colortbl/colortbl.sty
Package: colortbl 2024/10/29 v1.0k Color table columns (DPC)

(c:/texlive/2025/texmf-dist/tex/latex/tools/array.sty
Package: array 2025/09/25 v2.6n Tabular extension package (FMi)
\col@sep=\dimen166
\ar@mcellbox=\box57
\extrarowheight=\dimen167
\NC@list=\toks24
\extratabsurround=\skip52
\backup@length=\skip53
\ar@cellbox=\box58
)
\everycr=\toks25
\minrowclearance=\skip54
\rownum=\count320
)
(c:/texlive/2025/texmf-dist/tex/latex/xcolor/svgnam.def
File: svgnam.def 2024/09/29 v3.02 Predefined colors according to SVG 1.1 (UK)
)
(c:/texlive/2025/texmf-dist/tex/latex/caption/caption.sty
Package: caption 2023/08/05 v3.6o Customizing captions (AR)

(c:/texlive/2025/texmf-dist/tex/latex/caption/caption3.sty
Package: caption3 2023/07/31 v2.4d caption3 kernel (AR)
\caption@tempdima=\dimen168
\captionmargin=\dimen169
\caption@leftmargin=\dimen170
\caption@rightmargin=\dimen171
\caption@width=\dimen172
\caption@indent=\dimen173
\caption@parindent=\dimen174
\caption@hangindent=\dimen175
Package caption Info: Standard document class detected.
)
\c@caption@flags=\count321
\c@continuedfloat=\count322
Package caption Info: changepage package is loaded.
\caption@adjustwidth@hsize=\dimen176
\caption@adjustwidth@linewidth=\dimen177
Package caption Info: threeparttable package is loaded.
)
(c:/texlive/2025/texmf-dist/tex/latex/floatrow/floatrow.sty
Package: floatrow 2008/08/02 v0.3b floatrow: float package extension
\c@float@type=\count323
\float@exts=\toks26
\float@box=\box59
\@floatcapt=\box60
Package floatrow Info: Modified float package code loaded on input line 455.
Package floatrow Info: Modified rotfloat package code loaded on input line 473.

\FR@everyfloat=\toks27
\flrow@foot=\insert252
\FB@wd=\dimen178
\FBo@wd=\dimen179
\FBc@wd=\dimen180
\FBo@ht=\skip55
\FBc@ht=\skip56
\FBf@ht=\skip57
\FBo@max=\skip58
\FBc@max=\skip59
\FBf@max=\skip60
\c@FBl@b=\count324
\floatbox@depth=\count325
\c@FRobj=\count326
\c@FRsobj=\count327
\Xhsize=\skip61
\sXhsize=\skip62
\Zhsize=\skip63
\sZhsize=\skip64
\flrow@rowbox=\box61
\FR@Zunitlength=\dimen181
\c@FBcnt=\count328
\FPOScnt=\count329
\LTleft=\skip65
\LTright=\skip66
\LTleft=\skip67
\LTright=\skip68
\flrow@types=\toks28
)
(c:/texlive/2025/texmf-dist/tex/latex/graphics/graphicx.sty
Package: graphicx 2024/12/31 v1.2e Enhanced LaTeX Graphics (DPC,SPQR)

(c:/texlive/2025/texmf-dist/tex/latex/graphics/graphics.sty
Package: graphics 2024/08/06 v1.4g Standard LaTeX Graphics (DPC,SPQR)

(c:/texlive/2025/texmf-dist/tex/latex/graphics/trig.sty
Package: trig 2023/12/02 v1.11 sin cos tan (DPC)
)
(c:/texlive/2025/texmf-dist/tex/latex/graphics-cfg/graphics.cfg
File: graphics.cfg 2016/06/04 v1.11 sample graphics configuration
)
Package graphics Info: Driver file: pdftex.def on input line 106.
)
\Gin@req@height=\dimen182
\Gin@req@width=\dimen183
)
(c:/texlive/2025/texmf-dist/tex/latex/url/url.sty
\Urlmuskip=\muskip17
Package: url 2013/09/16  ver 3.4  Verb mode for urls, etc.
)
(c:/texlive/2025/texmf-dist/tex/latex/mdframed/mdframed.sty
Package: mdframed 2013/07/01 1.9b: mdframed

(c:/texlive/2025/texmf-dist/tex/latex/kvoptions/kvoptions.sty
Package: kvoptions 2022-06-15 v3.15 Key value format for package options (HO)

(c:/texlive/2025/texmf-dist/tex/generic/ltxcmds/ltxcmds.sty
Package: ltxcmds 2023-12-04 v1.26 LaTeX kernel commands for general use (HO)
)
(c:/texlive/2025/texmf-dist/tex/latex/kvsetkeys/kvsetkeys.sty
Package: kvsetkeys 2022-10-05 v1.19 Key value parser (HO)
))
(c:/texlive/2025/texmf-dist/tex/latex/l3packages/xparse/xparse.sty
(c:/texlive/2025/texmf-dist/tex/latex/l3kernel/expl3.sty
Package: expl3 2025-11-14 L3 programming layer (loader) 

(c:/texlive/2025/texmf-dist/tex/latex/l3backend/l3backend-pdftex.def
File: l3backend-pdftex.def 2025-10-09 L3 backend support: PDF output (pdfTeX)
\l__color_backend_stack_int=\count330
))
Package: xparse 2025-10-09 L3 Experimental document command parser
)
(c:/texlive/2025/texmf-dist/tex/latex/etoolbox/etoolbox.sty
Package: etoolbox 2025/10/02 v2.5m e-TeX tools for LaTeX (JAW)
\etb@tempcnta=\count331
)
(c:/texlive/2025/texmf-dist/tex/latex/zref/zref-abspage.sty
Package: zref-abspage 2025-06-08 v2.36 Module abspage for zref (HO)

(c:/texlive/2025/texmf-dist/tex/latex/zref/zref-base.sty
Package: zref-base 2025-06-08 v2.36 Module base for zref (HO)

(c:/texlive/2025/texmf-dist/tex/generic/infwarerr/infwarerr.sty
Package: infwarerr 2019/12/03 v1.5 Providing info/warning/error messages (HO)
)
(c:/texlive/2025/texmf-dist/tex/generic/kvdefinekeys/kvdefinekeys.sty
Package: kvdefinekeys 2019-12-19 v1.6 Define keys (HO)
)
(c:/texlive/2025/texmf-dist/tex/generic/pdftexcmds/pdftexcmds.sty
Package: pdftexcmds 2020-06-27 v0.33 Utility functions of pdfTeX for LuaTeX (HO
)
Package pdftexcmds Info: \pdf@primitive is available.
Package pdftexcmds Info: \pdf@ifprimitive is available.
Package pdftexcmds Info: \pdfdraftmode found.
)
(c:/texlive/2025/texmf-dist/tex/generic/etexcmds/etexcmds.sty
Package: etexcmds 2019/12/15 v1.7 Avoid name clashes with e-TeX commands (HO)
)
(c:/texlive/2025/texmf-dist/tex/latex/auxhook/auxhook.sty
Package: auxhook 2019-12-17 v1.6 Hooks for auxiliary files (HO)
)
Package zref Info: New property list: main on input line 767.
Package zref Info: New property: default on input line 768.
Package zref Info: New property: page on input line 769.
)
\c@abspage=\count332
Package zref Info: New property: abspage on input line 67.
)
(c:/texlive/2025/texmf-dist/tex/latex/needspace/needspace.sty
Package: needspace 2025/03/13 v1.3e reserve vertical space
)
\mdf@templength=\skip69
\c@mdf@globalstyle@cnt=\count333
\mdf@skipabove@length=\skip70
\mdf@skipbelow@length=\skip71
\mdf@leftmargin@length=\skip72
\mdf@rightmargin@length=\skip73
\mdf@innerleftmargin@length=\skip74
\mdf@innerrightmargin@length=\skip75
\mdf@innertopmargin@length=\skip76
\mdf@innerbottommargin@length=\skip77
\mdf@splittopskip@length=\skip78
\mdf@splitbottomskip@length=\skip79
\mdf@outermargin@length=\skip80
\mdf@innermargin@length=\skip81
\mdf@linewidth@length=\skip82
\mdf@innerlinewidth@length=\skip83
\mdf@middlelinewidth@length=\skip84
\mdf@outerlinewidth@length=\skip85
\mdf@roundcorner@length=\skip86
\mdf@footenotedistance@length=\skip87
\mdf@userdefinedwidth@length=\skip88
\mdf@needspace@length=\skip89
\mdf@frametitleaboveskip@length=\skip90
\mdf@frametitlebelowskip@length=\skip91
\mdf@frametitlerulewidth@length=\skip92
\mdf@frametitleleftmargin@length=\skip93
\mdf@frametitlerightmargin@length=\skip94
\mdf@shadowsize@length=\skip95
\mdf@extratopheight@length=\skip96
\mdf@subtitleabovelinewidth@length=\skip97
\mdf@subtitlebelowlinewidth@length=\skip98
\mdf@subtitleaboveskip@length=\skip99
\mdf@subtitlebelowskip@length=\skip100
\mdf@subtitleinneraboveskip@length=\skip101
\mdf@subtitleinnerbelowskip@length=\skip102
\mdf@subsubtitleabovelinewidth@length=\skip103
\mdf@subsubtitlebelowlinewidth@length=\skip104
\mdf@subsubtitleaboveskip@length=\skip105
\mdf@subsubtitlebelowskip@length=\skip106
\mdf@subsubtitleinneraboveskip@length=\skip107
\mdf@subsubtitleinnerbelowskip@length=\skip108

(c:/texlive/2025/texmf-dist/tex/latex/mdframed/md-frame-0.mdf
File: md-frame-0.mdf 2013/07/01\ 1.9b: md-frame-0
)
\mdf@frametitlebox=\box62
\mdf@footnotebox=\box63
\mdf@splitbox@one=\box64
\mdf@splitbox@two=\box65
\mdf@splitbox@save=\box66
\mdfsplitboxwidth=\skip109
\mdfsplitboxtotalwidth=\skip110
\mdfsplitboxheight=\skip111
\mdfsplitboxdepth=\skip112
\mdfsplitboxtotalheight=\skip113
\mdfframetitleboxwidth=\skip114
\mdfframetitleboxtotalwidth=\skip115
\mdfframetitleboxheight=\skip116
\mdfframetitleboxdepth=\skip117
\mdfframetitleboxtotalheight=\skip118
\mdffootnoteboxwidth=\skip119
\mdffootnoteboxtotalwidth=\skip120
\mdffootnoteboxheight=\skip121
\mdffootnoteboxdepth=\skip122
\mdffootnoteboxtotalheight=\skip123
\mdftotallinewidth=\skip124
\mdfboundingboxwidth=\skip125
\mdfboundingboxtotalwidth=\skip126
\mdfboundingboxheight=\skip127
\mdfboundingboxdepth=\skip128
\mdfboundingboxtotalheight=\skip129
\mdf@freevspace@length=\skip130
\mdf@horizontalwidthofbox@length=\skip131
\mdf@verticalmarginwhole@length=\skip132
\mdf@horizontalspaceofbox=\skip133
\mdfsubtitleheight=\skip134
\mdfsubsubtitleheight=\skip135
\c@mdfcountframes=\count334

****** mdframed patching \endmdf@trivlist

****** -- success******

\mdf@envdepth=\count335
\c@mdf@env@i=\count336
\c@mdf@env@ii=\count337
\c@mdf@zref@counter=\count338
Package zref Info: New property: mdf@pagevalue on input line 895.
)
(c:/texlive/2025/texmf-dist/tex/latex/mfirstuc/mfirstuc.sty
Package: mfirstuc 2025/04/03 v2.09 (NLCT)
\@glsmfirst=\toks29
\@glsmrest=\toks30
)
(c:/texlive/2025/texmf-dist/tex/generic/alphalph/alphalph.sty
Package: alphalph 2019/12/09 v2.6 Convert numbers to letters (HO)

(c:/texlive/2025/texmf-dist/tex/generic/intcalc/intcalc.sty
Package: intcalc 2019/12/15 v1.3 Expandable calculations with integers (HO)
))
\cup@author@cnt=\count339
\cup@affil@cnt=\count340
\cup@affil@alt@cnt=\count341
\cup@footnote@cnt=\count342
\cup@affil@marker@cnt=\count343
\cup@space@pre@title=\skip136
\cup@space@post@title=\skip137
\cup@space@post@author=\skip138
\cup@space@post@address=\skip139
\cup@space@post@email=\skip140
\cup@space@post@date=\skip141
\cup@space@inter@extra=\skip142
\cup@maketitle@width=\skip143
\c@scheme=\count344
\c@chart=\count345
\c@graph=\count346
\cup@collect@toks=\toks31
\cup@collect@empty@toks=\toks32

(c:/texlive/2025/texmf-dist/tex/latex/fbb/fbb.sty
Package: fbb 2020/07/01 v1.16 Style file for fbb fonts.

`fbb' v1.16, 2020/07/01 Text macros for fbb, a Bembo-like font family (msharpe)
(c:/texlive/2025/texmf-dist/tex/latex/base/fontenc.sty
Package: fontenc 2025/07/18 v2.1d Standard LaTeX package

(c:/texlive/2025/texmf-dist/tex/latex/ly1/ly1enc.def
File: ly1enc.def 2022/06/11 v0.8 TeX 'n ANSI encoding (DPC/KB)
Now handling font encoding LY1 ...
... processing UTF-8 mapping file for font encoding LY1

(c:/texlive/2025/texmf-dist/tex/latex/base/ly1enc.dfu
File: ly1enc.dfu 2022/06/07 v1.3c UTF-8 support
   defining Unicode char U+00A0 (decimal 160)
   defining Unicode char U+00A1 (decimal 161)
   defining Unicode char U+00A2 (decimal 162)
   defining Unicode char U+00A3 (decimal 163)
   defining Unicode char U+00A4 (decimal 164)
   defining Unicode char U+00A5 (decimal 165)
   defining Unicode char U+00A6 (decimal 166)
   defining Unicode char U+00A7 (decimal 167)
   defining Unicode char U+00AA (decimal 170)
   defining Unicode char U+00AB (decimal 171)
   defining Unicode char U+00AD (decimal 173)
   defining Unicode char U+00AE (decimal 174)
   defining Unicode char U+00B0 (decimal 176)
   defining Unicode char U+00B5 (decimal 181)
   defining Unicode char U+00B6 (decimal 182)
   defining Unicode char U+00B7 (decimal 183)
   defining Unicode char U+00BA (decimal 186)
   defining Unicode char U+00BB (decimal 187)
   defining Unicode char U+00BC (decimal 188)
   defining Unicode char U+00BD (decimal 189)
   defining Unicode char U+00BE (decimal 190)
   defining Unicode char U+00BF (decimal 191)
   defining Unicode char U+00C0 (decimal 192)
   defining Unicode char U+00C1 (decimal 193)
   defining Unicode char U+00C2 (decimal 194)
   defining Unicode char U+00C3 (decimal 195)
   defining Unicode char U+00C4 (decimal 196)
   defining Unicode char U+00C5 (decimal 197)
   defining Unicode char U+00C6 (decimal 198)
   defining Unicode char U+00C7 (decimal 199)
   defining Unicode char U+00C8 (decimal 200)
   defining Unicode char U+00C9 (decimal 201)
   defining Unicode char U+00CA (decimal 202)
   defining Unicode char U+00CB (decimal 203)
   defining Unicode char U+00CC (decimal 204)
   defining Unicode char U+00CD (decimal 205)
   defining Unicode char U+00CE (decimal 206)
   defining Unicode char U+00CF (decimal 207)
   defining Unicode char U+00D0 (decimal 208)
   defining Unicode char U+00D1 (decimal 209)
   defining Unicode char U+00D2 (decimal 210)
   defining Unicode char U+00D3 (decimal 211)
   defining Unicode char U+00D4 (decimal 212)
   defining Unicode char U+00D5 (decimal 213)
   defining Unicode char U+00D6 (decimal 214)
   defining Unicode char U+00D8 (decimal 216)
   defining Unicode char U+00D9 (decimal 217)
   defining Unicode char U+00DA (decimal 218)
   defining Unicode char U+00DB (decimal 219)
   defining Unicode char U+00DC (decimal 220)
   defining Unicode char U+00DD (decimal 221)
   defining Unicode char U+00DE (decimal 222)
   defining Unicode char U+00DF (decimal 223)
   defining Unicode char U+00E0 (decimal 224)
   defining Unicode char U+00E1 (decimal 225)
   defining Unicode char U+00E2 (decimal 226)
   defining Unicode char U+00E3 (decimal 227)
   defining Unicode char U+00E4 (decimal 228)
   defining Unicode char U+00E5 (decimal 229)
   defining Unicode char U+00E6 (decimal 230)
   defining Unicode char U+00E7 (decimal 231)
   defining Unicode char U+00E8 (decimal 232)
   defining Unicode char U+00E9 (decimal 233)
   defining Unicode char U+00EA (decimal 234)
   defining Unicode char U+00EB (decimal 235)
   defining Unicode char U+00EC (decimal 236)
   defining Unicode char U+00ED (decimal 237)
   defining Unicode char U+00EE (decimal 238)
   defining Unicode char U+00EF (decimal 239)
   defining Unicode char U+00F0 (decimal 240)
   defining Unicode char U+00F1 (decimal 241)
   defining Unicode char U+00F2 (decimal 242)
   defining Unicode char U+00F3 (decimal 243)
   defining Unicode char U+00F4 (decimal 244)
   defining Unicode char U+00F5 (decimal 245)
   defining Unicode char U+00F6 (decimal 246)
   defining Unicode char U+00F8 (decimal 248)
   defining Unicode char U+00F9 (decimal 249)
   defining Unicode char U+00FA (decimal 250)
   defining Unicode char U+00FB (decimal 251)
   defining Unicode char U+00FC (decimal 252)
   defining Unicode char U+00FD (decimal 253)
   defining Unicode char U+00FE (decimal 254)
   defining Unicode char U+00FF (decimal 255)
   defining Unicode char U+0131 (decimal 305)
   defining Unicode char U+0141 (decimal 321)
   defining Unicode char U+0142 (decimal 322)
   defining Unicode char U+0152 (decimal 338)
   defining Unicode char U+0153 (decimal 339)
   defining Unicode char U+0160 (decimal 352)
   defining Unicode char U+0161 (decimal 353)
   defining Unicode char U+0174 (decimal 372)
   defining Unicode char U+0175 (decimal 373)
   defining Unicode char U+0176 (decimal 374)
   defining Unicode char U+0177 (decimal 375)
   defining Unicode char U+0178 (decimal 376)
   defining Unicode char U+017D (decimal 381)
   defining Unicode char U+017E (decimal 382)
   defining Unicode char U+0192 (decimal 402)
   defining Unicode char U+0218 (decimal 536)
   defining Unicode char U+0219 (decimal 537)
   defining Unicode char U+021A (decimal 538)
   defining Unicode char U+021B (decimal 539)
   defining Unicode char U+0237 (decimal 567)
   defining Unicode char U+02C6 (decimal 710)
   defining Unicode char U+02DC (decimal 732)
   defining Unicode char U+2013 (decimal 8211)
   defining Unicode char U+2014 (decimal 8212)
   defining Unicode char U+201C (decimal 8220)
   defining Unicode char U+201D (decimal 8221)
   defining Unicode char U+2020 (decimal 8224)
   defining Unicode char U+2021 (decimal 8225)
   defining Unicode char U+2022 (decimal 8226)
   defining Unicode char U+2026 (decimal 8230)
   defining Unicode char U+2030 (decimal 8240)
   defining Unicode char U+2039 (decimal 8249)
   defining Unicode char U+203A (decimal 8250)
   defining Unicode char U+2122 (decimal 8482)
   defining Unicode char U+FB00 (decimal 64256)
   defining Unicode char U+FB01 (decimal 64257)
   defining Unicode char U+FB02 (decimal 64258)
   defining Unicode char U+FB03 (decimal 64259)
   defining Unicode char U+FB04 (decimal 64260)
   defining Unicode char U+FB05 (decimal 64261)
   defining Unicode char U+FB06 (decimal 64262)
)))
(c:/texlive/2025/texmf-dist/tex/latex/base/textcomp.sty
Package: textcomp 2024/04/24 v2.1b Standard LaTeX package
)
(c:/texlive/2025/texmf-dist/tex/generic/iftex/ifetex.sty
Package: ifetex 2019/10/25 v1.3 ifetex legacy package. Use iftex instead.
)
(c:/texlive/2025/texmf-dist/tex/generic/xstring/xstring.sty
(c:/texlive/2025/texmf-dist/tex/generic/xstring/xstring.tex
\xs_counta=\count347
\xs_countb=\count348
)
Package: xstring 2023/08/22 v1.86 String manipulations (CT)
)
(c:/texlive/2025/texmf-dist/tex/latex/fontaxes/fontaxes.sty
Package: fontaxes 2025-05-24 v2.0.1 Font selection axes (deprecated)

(c:/texlive/2025/texmf-dist/tex/latex/figureversions/figureversions.sty
Package: figureversions 2025-04-29 v1.0.1 Figure versions
))
LaTeX Info: Redefining \swshape on input line 41.


Package fontaxes Warning: Axis `shape` not supported for command
(fontaxes)                \fa@naming@exception on line 41


Package fontaxes Warning: Axis `shape` not supported for command
(fontaxes)                \fa@naming@exception on line 41

LaTeX Encoding Info:    Redeclaring text command \textcircled (encoding TS1) on
 input line 114.
) (c:/texlive/2025/texmf-dist/tex/latex/sourcesanspro/sourcesanspro.sty
Package: sourcesanspro 2018/05/19 v2.7 Adobe's Source Sans Pro typeface

(c:/texlive/2025/texmf-dist/tex/generic/iftex/ifxetex.sty
Package: ifxetex 2019/10/25 v0.7 ifxetex legacy package. Use iftex instead.
)
(c:/texlive/2025/texmf-dist/tex/generic/iftex/ifluatex.sty
Package: ifluatex 2019/10/25 v1.5 ifluatex legacy package. Use iftex instead.
)
(c:/texlive/2025/texmf-dist/tex/latex/base/fontenc.sty
Package: fontenc 2025/07/18 v2.1d Standard LaTeX package
LaTeX Font Info:    Trying to load font information for T1+fbb-TLF on input lin
e 116.

(c:/texlive/2025/texmf-dist/tex/latex/fbb/T1fbb-TLF.fd
File: T1fbb-TLF.fd 2020/07/01 (msharpe) Font definitions for T1/fbb-TLF.
)
LaTeX Font Info:    Font shape `T1/fbb-TLF/m/n' will be
(Font)              scaled to size 9.70001pt on input line 116.
))
(c:/texlive/2025/texmf-dist/tex/latex/sansmath/sansmath.sty
Package: sansmath 2007/02/28  ver 1.1 Donald Arseneau
\c@mv@sans=\count349
LaTeX Font Info:    Overwriting math alphabet `\mathrm' in version `sans'
(Font)                  OT1/cmr/m/n --> OT1/SourceSansPro-TLF/m/n on input line
 103.
LaTeX Font Info:    Overwriting math alphabet `\mathsfsl' in version `sans'
(Font)                  OT1/SourceSansPro-TLF/m/sl --> OT1/SourceSansPro-TLF/m/
sl on input line 104.
LaTeX Font Info:    Overwriting symbol font `operators' in version `sans'
(Font)                  OT1/cmr/m/n --> OT1/SourceSansPro-TLF/m/n on input line
 105.
LaTeX Font Info:    Overwriting symbol font `letters' in version `sans'
(Font)                  OML/cmm/m/it --> OML/cmm/m/it on input line 109.
LaTeX Font Info:    Overwriting symbol font `symbols' in version `sans'
(Font)                  OMS/cmsy/m/n --> OMS/cmsy/m/n on input line 110.
LaTeX Font Info:    Overwriting math alphabet `\mathsfbf' in version `sans'
(Font)                  OT1/SourceSansPro-TLF/bx/sl --> OT1/SourceSansPro-TLF/b
x/n on input line 112.
)
(c:/texlive/2025/texmf-dist/tex/latex/mathastext/mathastext.sty
Package: mathastext 2024/10/26 v1.4e Use the text font in math mode (JFB)

Package mathastext Info: Starting the math mode configuration.
\mst@exists@muskip=\muskip18
\mst@forall@muskip=\muskip19
\mst@prime@muskip=\muskip20
\mst@do@nonletters=\toks33
\mst@undo@nonletters=\toks34
\mst@do@easynonletters=\toks35
\mst@undo@easynonletters=\toks36
\symmtoperatorfont=\mathgroup4
\symmtletterfont=\mathgroup5
(   mathastext:   ) will use Euler font; command \MTEulerScale
\symmteulervm=\mathgroup6
(   mathastext:   ) ! and ?
(   mathastext:   ) punctuation: , . : ; and \colon
LaTeX Info: Redefining \relbar on input line 1197.
LaTeX Info: Redefining \rightarrowfill on input line 1198.
LaTeX Info: Redefining \leftarrowfill on input line 1201.
(   mathastext:   ) + and =
LaTeX Info: Redefining \Relbar on input line 1344.
(   mathastext:   ) adding = ; and + to \nfss@catcodes
(   mathastext:   ) parentheses ( ) [ ] and slash /
(   mathastext:   ) alldelims: < > \backslash \setminus | \vert \mid \{ \}
LaTeX Font Info:    Redeclaring math symbol \setminus on input line 1410.
LaTeX Info: Redefining \models on input line 1429.
(   mathastext:   ) \# \mathdollar \% \& 
(   mathastext:   ) \imath and \jmath 
LaTeX Font Info:    Overwriting math alphabet `\Mathnormalbold' in version `nor
mal'
(Font)                  T1/fbb-TLF/b/it --> T1/fbb-TLF/b/it on input line 2934.

LaTeX Font Info:    Overwriting math alphabet `\Mathnormalbold' in version `bol
d'
(Font)                  T1/fbb-TLF/b/it --> T1/fbb-TLF/b/it on input line 2934.

LaTeX Font Info:    Overwriting symbol font `mtletterfont' in version `normal'
(Font)                  T1/fbb-TLF/m/it --> T1/fbb-TLF/m/it on input line 2934.

LaTeX Font Info:    Overwriting symbol font `mtletterfont' in version `bold'
(Font)                  T1/fbb-TLF/m/it --> T1/fbb-TLF/b/it on input line 2934.

LaTeX Font Info:    Overwriting symbol font `mtoperatorfont' in version `normal
'
(Font)                  T1/fbb-TLF/m/n --> T1/fbb-TLF/m/n on input line 2934.
LaTeX Font Info:    Overwriting symbol font `mtoperatorfont' in version `bold'
(Font)                  T1/fbb-TLF/m/n --> T1/fbb-TLF/b/n on input line 2934.
LaTeX Font Info:    Overwriting math alphabet `\Mathbf' in version `normal'
(Font)                  T1/fbb-TLF/b/n --> T1/fbb-TLF/b/n on input line 2934.
LaTeX Font Info:    Overwriting math alphabet `\Mathbf' in version `bold'
(Font)                  T1/fbb-TLF/b/n --> T1/fbb-TLF/b/n on input line 2934.
LaTeX Font Info:    Overwriting math alphabet `\Mathit' in version `normal'
(Font)                  T1/fbb-TLF/m/it --> T1/fbb-TLF/m/it on input line 2934.

LaTeX Font Info:    Overwriting math alphabet `\Mathit' in version `bold'
(Font)                  T1/fbb-TLF/m/it --> T1/fbb-TLF/b/it on input line 2934.

LaTeX Font Info:    Overwriting math alphabet `\Mathsf' in version `normal'
(Font)                  T1/SourceSansPro-TLF/m/n --> T1/SourceSansPro-TLF/m/n o
n input line 2934.
LaTeX Font Info:    Overwriting math alphabet `\Mathsf' in version `bold'
(Font)                  T1/SourceSansPro-TLF/m/n --> T1/SourceSansPro-TLF/b/n o
n input line 2934.
LaTeX Font Info:    Overwriting math alphabet `\Mathtt' in version `normal'
(Font)                  T1/cmtt/m/n --> T1/cmtt/m/n on input line 2934.
LaTeX Font Info:    Overwriting math alphabet `\Mathtt' in version `bold'
(Font)                  T1/cmtt/m/n --> T1/cmtt/b/n on input line 2934.
LaTeX Font Info:    Overwriting symbol font `mteulervm' in version `bold'
(Font)                  U/zeur/m/n --> U/zeur/b/n on input line 2934.
LaTeX Font Info:    Overwriting math alphabet `\MathEulerBold' in version `norm
al'
(Font)                  U/zeur/b/n --> U/zeur/b/n on input line 2934.
LaTeX Font Info:    Overwriting math alphabet `\MathEulerBold' in version `bold
'
(Font)                  U/zeur/b/n --> U/zeur/b/n on input line 2934.
(   mathastext:   ) Latin letters in the `normal', resp. `bold',
(   mathastext:   ) math versions are now set up to use the fonts
(   mathastext:   ) T1/fbb-TLF/m/it, resp. T1/fbb-TLF/b/it.
(   mathastext:   ) Other characters (digits, ...) and \log-like names will be
(   mathastext:   ) typeset with the n shape.
(   mathastext:   ) \hbar
(   mathastext:   ) minus either as endash, Unicode minus, emdash or hyphen
(   mathastext:   ) The italic option is in effect.
(   mathastext:   ) Greek letters will use the Euler font.
(   mathastext:   ) Use \MathastextEulerScale{<factor>} to scale the font.
(   mathastext:   ) \HUGE has been (re)-defined.
(   mathastext:   ) mathastext has declared larger sizes for subscripts.
(   mathastext:   ) To keep LaTeX defaults, use option `defaultmathsizes'.

Package mathastext Info: Loading is complete.  You can now use \Mathastext to
(mathastext)             modify the normal and bold math versions.  Use it
(mathastext)             with optional argument or use \MTDeclareVersion to
(mathastext)             declare additional math versions.
)
(c:/texlive/2025/texmf-dist/tex/latex/environ/environ.sty
Package: environ 2014/05/04 v0.3 A new way to define environments

(c:/texlive/2025/texmf-dist/tex/latex/trimspaces/trimspaces.sty
Package: trimspaces 2009/09/17 v1.1 Trim spaces around a token list
)
\@envbody=\toks37
)
(c:/texlive/2025/texmf-dist/tex/latex/biblatex-chicago/biblatex-chicago.sty
Package: biblatex-chicago 2022/07/02 v 3.18 biblatex style

(c:/texlive/2025/texmf-dist/tex/latex/hyperref/nameref.sty
Package: nameref 2025-06-21 v2.57 Cross-referencing by name of section

(c:/texlive/2025/texmf-dist/tex/latex/refcount/refcount.sty
Package: refcount 2019/12/15 v3.6 Data extraction from label references (HO)
)
(c:/texlive/2025/texmf-dist/tex/generic/gettitlestring/gettitlestring.sty
Package: gettitlestring 2019/12/15 v1.6 Cleanup title references (HO)
)
\c@section@level=\count350
)
(c:/texlive/2025/texmf-dist/tex/latex/biblatex/biblatex.sty
Package: biblatex 2025/07/10 v3.21 programmable bibliographies (PK/MW)

(c:/texlive/2025/texmf-dist/tex/latex/logreq/logreq.sty
Package: logreq 2010/08/04 v1.0 xml request logger
\lrq@indent=\count351

(c:/texlive/2025/texmf-dist/tex/latex/logreq/logreq.def
File: logreq.def 2010/08/04 v1.0 logreq spec v1.0
))
\c@tabx@nest=\count352
\c@listtotal=\count353
\c@listcount=\count354
\c@liststart=\count355
\c@liststop=\count356
\c@citecount=\count357
\c@citetotal=\count358
\c@multicitecount=\count359
\c@multicitetotal=\count360
\c@instcount=\count361
\c@maxnames=\count362
\c@minnames=\count363
\c@maxitems=\count364
\c@minitems=\count365
\c@citecounter=\count366
\c@maxcitecounter=\count367
\c@savedcitecounter=\count368
\c@uniquelist=\count369
\c@uniquename=\count370
\c@refsection=\count371
\c@refsegment=\count372
\c@maxextratitle=\count373
\c@maxextratitleyear=\count374
\c@maxextraname=\count375
\c@maxextradate=\count376
\c@maxextraalpha=\count377
\c@abbrvpenalty=\count378
\c@highnamepenalty=\count379
\c@lownamepenalty=\count380
\c@maxparens=\count381
\c@parenlevel=\count382
\blx@tempcnta=\count383
\blx@tempcntb=\count384
\blx@tempcntc=\count385
\c@blx@maxsection=\count386
\blx@maxsegment@0=\count387
\blx@notetype=\count388
\blx@parenlevel@text=\count389
\blx@parenlevel@foot=\count390
\blx@sectionciteorder@0=\count391
\blx@sectionciteorderinternal@0=\count392
\blx@entrysetcounter=\count393
\blx@biblioinstance=\count394
\labelnumberwidth=\skip144
\labelalphawidth=\skip145
\biblabelsep=\skip146
\bibitemsep=\skip147
\bibnamesep=\skip148
\bibinitsep=\skip149
\bibparsep=\skip150
\bibhang=\skip151
\blx@bcfin=\read2
\blx@bcfout=\write4
\blx@langwohyphens=\language90
\c@mincomprange=\count395
\c@maxcomprange=\count396
\c@mincompwidth=\count397
Package biblatex Info: Trying to load biblatex default data model...
Package biblatex Info: ... file 'blx-dm.def' found.

(c:/texlive/2025/texmf-dist/tex/latex/biblatex/blx-dm.def
File: blx-dm.def 2025/07/10 v3.21 biblatex datamodel (PK/MW)
)
Package biblatex Info: Trying to load biblatex style data model...
Package biblatex Info: ... file 'chicago-authordate-trad.dbx' not found.
Package biblatex Info: Trying to load biblatex custom data model...
Package biblatex Info: ... file 'biblatex-dm.cfg' not found.
\c@afterword=\count398
\c@savedafterword=\count399
\c@annotator=\count400
\c@savedannotator=\count401
\c@author=\count402
\c@savedauthor=\count403
\c@bookauthor=\count404
\c@savedbookauthor=\count405
\c@commentator=\count406
\c@savedcommentator=\count407
\c@editor=\count408
\c@savededitor=\count409
\c@editora=\count410
\c@savededitora=\count411
\c@editorb=\count412
\c@savededitorb=\count413
\c@editorc=\count414
\c@savededitorc=\count415
\c@foreword=\count416
\c@savedforeword=\count417
\c@holder=\count418
\c@savedholder=\count419
\c@introduction=\count420
\c@savedintroduction=\count421
\c@namea=\count422
\c@savednamea=\count423
\c@nameb=\count424
\c@savednameb=\count425
\c@namec=\count426
\c@savednamec=\count427
\c@translator=\count428
\c@savedtranslator=\count429
\c@shortauthor=\count430
\c@savedshortauthor=\count431
\c@shorteditor=\count432
\c@savedshorteditor=\count433
\c@labelname=\count434
\c@savedlabelname=\count435
\c@institution=\count436
\c@savedinstitution=\count437
\c@lista=\count438
\c@savedlista=\count439
\c@listb=\count440
\c@savedlistb=\count441
\c@listc=\count442
\c@savedlistc=\count443
\c@listd=\count444
\c@savedlistd=\count445
\c@liste=\count446
\c@savedliste=\count447
\c@listf=\count448
\c@savedlistf=\count449
\c@location=\count450
\c@savedlocation=\count451
\c@organization=\count452
\c@savedorganization=\count453
\c@origlocation=\count454
\c@savedoriglocation=\count455
\c@origpublisher=\count456
\c@savedorigpublisher=\count457
\c@publisher=\count458
\c@savedpublisher=\count459
\c@language=\count460
\c@savedlanguage=\count461
\c@origlanguage=\count462
\c@savedoriglanguage=\count463
\c@pageref=\count464
\c@savedpageref=\count465
\shorthandwidth=\skip152
\shortjournalwidth=\skip153
\shortserieswidth=\skip154
\shorttitlewidth=\skip155
\shortauthorwidth=\skip156
\shorteditorwidth=\skip157
\locallabelnumberwidth=\skip158
\locallabelalphawidth=\skip159
\localshorthandwidth=\skip160
\localshortjournalwidth=\skip161
\localshortserieswidth=\skip162
\localshorttitlewidth=\skip163
\localshortauthorwidth=\skip164
\localshorteditorwidth=\skip165
Package biblatex Info: Trying to load compatibility code...
Package biblatex Info: ... file 'blx-compat.def' found.

(c:/texlive/2025/texmf-dist/tex/latex/biblatex/blx-compat.def
File: blx-compat.def 2025/07/10 v3.21 biblatex compatibility (PK/MW)
)
Package biblatex Info: Trying to load generic definitions...
Package biblatex Info: ... file 'biblatex.def' found.

(c:/texlive/2025/texmf-dist/tex/latex/biblatex/biblatex.def
File: biblatex.def 2025/07/10 v3.21 biblatex compatibility (PK/MW)
\c@textcitecount=\count466
\c@textcitetotal=\count467
\c@textcitemaxnames=\count468
\c@biburlbigbreakpenalty=\count469
\c@biburlbreakpenalty=\count470
\c@biburlnumpenalty=\count471
\c@biburlucpenalty=\count472
\c@biburllcpenalty=\count473
\biburlbigskip=\muskip21
\biburlnumskip=\muskip22
\biburlucskip=\muskip23
\biburllcskip=\muskip24
\c@smartand=\count474
)
Package biblatex Info: Trying to load natbib compatibility...
Package biblatex Info: ... file 'blx-natbib.def' found.

(c:/texlive/2025/texmf-dist/tex/latex/biblatex/blx-natbib.def
File: blx-natbib.def 2025/07/10 v3.21 biblatex compatibility (PK/MW)
Package biblatex Info: Delimiter 'nameyeardelim' in context '' already defined,
 overwriting.
)
Package biblatex Info: Trying to load bibliography style 'chicago-authordate-tr
ad'...
Package biblatex Info: ... file 'chicago-authordate-trad.bbx' found.

(c:/texlive/2025/texmf-dist/tex/latex/biblatex-chicago/chicago-authordate-trad.
bbx
File: chicago-authordate-trad.bbx 
Package biblatex Info: Trying to load bibliography style 'chicago-authordate'..
.
Package biblatex Info: ... file 'chicago-authordate.bbx' found.

(c:/texlive/2025/texmf-dist/tex/latex/biblatex-chicago/chicago-authordate.bbx
File: chicago-authordate.bbx 2022/11/17 v 3.18b biblatex bibliography style
\lositemsep=\skip166
Package biblatex Info: Delimiter 'revsdnamedelim' in context '' already defined
, overwriting.
\cms@tempcnta=\count475
\cms@tempcntb=\count476
\c@bbx:relatedcount=\count477
\c@bbx:relatedtotal=\count478
))
Package biblatex Info: Trying to load citation style 'chicago-authordate-trad'.
..
Package biblatex Info: ... file 'chicago-authordate-trad.cbx' found.

(c:/texlive/2025/texmf-dist/tex/latex/biblatex-chicago/chicago-authordate-trad.
cbx
File: chicago-authordate-trad.cbx 2022/07/02 v 3.18 biblatex citation style
Package biblatex Info: Trying to load citation style 'chicago-dates-common'...
Package biblatex Info: ... file 'chicago-dates-common.cbx' found.

(c:/texlive/2025/texmf-dist/tex/latex/biblatex-chicago/chicago-dates-common.cbx
File: chicago-dates-common.cbx 2024/04/15 v 3.20 biblatex citation style
Package biblatex Info: Redefining '\cite'.
Package biblatex Info: Redefining '\parencite'.
Package biblatex Info: Redefining '\footcite'.
Package biblatex Info: Redefining '\footcitetext'.
Package biblatex Info: Redefining '\citetitle'.
Package biblatex Info: Redefining '\footfullcite'.
Package biblatex Info: Redefining '\fullcite'.
Package biblatex Info: Redefining '\textcite'.
Package biblatex Info: Redefining '\textcites'.
Package biblatex Info: Redefining '\cites'.
Package biblatex Info: Redefining '\parencites'.
Package biblatex Info: Redefining '\footcites'.
Package biblatex Info: Redefining '\footcitetexts'.
\c@cms@punct=\count479
Package biblatex Info: Delimiter 'dateeradelim' in context '' already defined, 
overwriting.
))
Package biblatex Info: Trying to load configuration file...
Package biblatex Info: ... file 'biblatex.cfg' found.
 (c:/texlive/2025/texmf-dist/tex/latex/biblatex/biblatex.cfg
File: biblatex.cfg 
)
Package biblatex Info: Input encoding 'utf8' detected.
Package biblatex Info: Document encoding is UTF8 ....
Package biblatex Info: ... and expl3
(biblatex)             2025-11-14 L3 programming layer (loader) 
(biblatex)             is new enough (at least 2020/04/06),
(biblatex)             setting 'casechanger=expl3'.

(c:/texlive/2025/texmf-dist/tex/latex/biblatex/blx-case-expl3.sty
Package: blx-case-expl3 2025/07/10 v3.21 expl3 case changing code for biblatex
))))
(./preamble.tex (c:/texlive/2025/texmf-dist/tex/latex/base/inputenc.sty
Package: inputenc 2024/02/08 v1.3d Input encoding file
\inpenc@prehook=\toks38
\inpenc@posthook=\toks39
)
(c:/texlive/2025/texmf-dist/tex/latex/amsmath/amsbsy.sty
Package: amsbsy 1999/11/29 v1.2d Bold Symbols

(c:/texlive/2025/texmf-dist/tex/latex/amsmath/amsgen.sty
File: amsgen.sty 1999/11/30 v2.0 generic functions
\@emptytoks=\toks40
\ex@=\dimen184
)
\pmbraise@=\dimen185
)
(c:/texlive/2025/texmf-dist/tex/latex/amsfonts/amssymb.sty
Package: amssymb 2013/01/14 v3.01 AMS font symbols

(c:/texlive/2025/texmf-dist/tex/latex/amsfonts/amsfonts.sty
Package: amsfonts 2013/01/14 v3.01 Basic AMSFonts support
\symAMSa=\mathgroup7
\symAMSb=\mathgroup8
LaTeX Font Info:    Redeclaring math symbol \hbar on input line 98.
LaTeX Font Info:    Overwriting math alphabet `\mathfrak' in version `bold'
(Font)                  U/euf/m/n --> U/euf/b/n on input line 106.
))
(c:/texlive/2025/texmf-dist/tex/latex/amsmath/amsmath.sty
Package: amsmath 2025/07/09 v2.17z AMS math features
\@mathmargin=\skip167

For additional information on amsmath, use the `?' option.
(c:/texlive/2025/texmf-dist/tex/latex/amsmath/amstext.sty
Package: amstext 2024/11/17 v2.01 AMS text
)
(c:/texlive/2025/texmf-dist/tex/latex/amsmath/amsopn.sty
Package: amsopn 2022/04/08 v2.04 operator names
)
\inf@bad=\count480
LaTeX Info: Redefining \frac on input line 233.
\uproot@=\count481
\leftroot@=\count482
LaTeX Info: Redefining \overline on input line 398.
LaTeX Info: Redefining \colon on input line 409.
\classnum@=\count483
\DOTSCASE@=\count484
LaTeX Info: Redefining \ldots on input line 495.
LaTeX Info: Redefining \dots on input line 498.
LaTeX Info: Redefining \cdots on input line 619.
\Mathstrutbox@=\box67
\strutbox@=\box68
LaTeX Info: Redefining \big on input line 721.
LaTeX Info: Redefining \Big on input line 722.
LaTeX Info: Redefining \bigg on input line 723.
LaTeX Info: Redefining \Bigg on input line 724.
\big@size=\dimen186
LaTeX Font Info:    Redeclaring font encoding OML on input line 742.
LaTeX Font Info:    Redeclaring font encoding OMS on input line 743.
\macc@depth=\count485
LaTeX Info: Redefining \bmod on input line 904.
LaTeX Info: Redefining \pmod on input line 909.
LaTeX Info: Redefining \smash on input line 939.
LaTeX Info: Redefining \relbar on input line 969.
LaTeX Info: Redefining \Relbar on input line 970.
\c@MaxMatrixCols=\count486
\dotsspace@=\muskip25
\c@parentequation=\count487
\dspbrk@lvl=\count488
\tag@help=\toks41
\row@=\count489
\column@=\count490
\maxfields@=\count491
\andhelp@=\toks42
\eqnshift@=\dimen187
\alignsep@=\dimen188
\tagshift@=\dimen189
\tagwidth@=\dimen190
\totwidth@=\dimen191
\lineht@=\dimen192
\@envbody=\toks43
\multlinegap=\skip168
\multlinetaggap=\skip169
\mathdisplay@stack=\toks44
LaTeX Info: Redefining \[ on input line 2950.
LaTeX Info: Redefining \] on input line 2951.
)
(c:/texlive/2025/texmf-dist/tex/latex/amscls/amsthm.sty
Package: amsthm 2020/05/29 v2.20.6
\thm@style=\toks45
\thm@bodyfont=\toks46
\thm@headfont=\toks47
\thm@notefont=\toks48
\thm@headpunct=\toks49
\thm@preskip=\skip170
\thm@postskip=\skip171
\thm@headsep=\skip172
\dth@everypar=\toks50
)
(c:/texlive/2025/texmf-dist/tex/latex/tikz-cd/tikz-cd.sty
Package: tikz-cd 2021/05/04 v1.0 Commutative diagrams with TikZ

(c:/texlive/2025/texmf-dist/tex/latex/pgf/frontendlayer/tikz.sty
(c:/texlive/2025/texmf-dist/tex/latex/pgf/basiclayer/pgf.sty
(c:/texlive/2025/texmf-dist/tex/latex/pgf/utilities/pgfrcs.sty
(c:/texlive/2025/texmf-dist/tex/generic/pgf/utilities/pgfutil-common.tex
\pgfutil@everybye=\toks51
\pgfutil@tempdima=\dimen193
\pgfutil@tempdimb=\dimen194
)
(c:/texlive/2025/texmf-dist/tex/generic/pgf/utilities/pgfutil-latex.def
\pgfutil@abb=\box69
)
(c:/texlive/2025/texmf-dist/tex/generic/pgf/utilities/pgfrcs.code.tex
(c:/texlive/2025/texmf-dist/tex/generic/pgf/pgf.revision.tex)
Package: pgfrcs 2025-08-29 v3.1.11a (3.1.11a)
))
Package: pgf 2025-08-29 v3.1.11a (3.1.11a)

(c:/texlive/2025/texmf-dist/tex/latex/pgf/basiclayer/pgfcore.sty
(c:/texlive/2025/texmf-dist/tex/latex/pgf/systemlayer/pgfsys.sty
(c:/texlive/2025/texmf-dist/tex/generic/pgf/systemlayer/pgfsys.code.tex
Package: pgfsys 2025-08-29 v3.1.11a (3.1.11a)

(c:/texlive/2025/texmf-dist/tex/generic/pgf/utilities/pgfkeys.code.tex
\pgfkeys@pathtoks=\toks52
\pgfkeys@temptoks=\toks53

(c:/texlive/2025/texmf-dist/tex/generic/pgf/utilities/pgfkeyslibraryfiltered.co
de.tex
\pgfkeys@tmptoks=\toks54
))
\pgf@x=\dimen195
\pgf@y=\dimen196
\pgf@xa=\dimen197
\pgf@ya=\dimen198
\pgf@xb=\dimen199
\pgf@yb=\dimen256
\pgf@xc=\dimen257
\pgf@yc=\dimen258
\pgf@xd=\dimen259
\pgf@yd=\dimen260
\w@pgf@writea=\write5
\r@pgf@reada=\read3
\c@pgf@counta=\count492
\c@pgf@countb=\count493
\c@pgf@countc=\count494
\c@pgf@countd=\count495
\t@pgf@toka=\toks55
\t@pgf@tokb=\toks56
\t@pgf@tokc=\toks57
\pgf@sys@id@count=\count496
 (c:/texlive/2025/texmf-dist/tex/generic/pgf/systemlayer/pgf.cfg
File: pgf.cfg 2025-08-29 v3.1.11a (3.1.11a)
)
Driver file for pgf: pgfsys-pdftex.def

(c:/texlive/2025/texmf-dist/tex/generic/pgf/systemlayer/pgfsys-pdftex.def
File: pgfsys-pdftex.def 2025-08-29 v3.1.11a (3.1.11a)

(c:/texlive/2025/texmf-dist/tex/generic/pgf/systemlayer/pgfsys-common-pdf.def
File: pgfsys-common-pdf.def 2025-08-29 v3.1.11a (3.1.11a)
)))
(c:/texlive/2025/texmf-dist/tex/generic/pgf/systemlayer/pgfsyssoftpath.code.tex
File: pgfsyssoftpath.code.tex 2025-08-29 v3.1.11a (3.1.11a)
\pgfsyssoftpath@smallbuffer@items=\count497
\pgfsyssoftpath@bigbuffer@items=\count498
)
(c:/texlive/2025/texmf-dist/tex/generic/pgf/systemlayer/pgfsysprotocol.code.tex
File: pgfsysprotocol.code.tex 2025-08-29 v3.1.11a (3.1.11a)
)) (c:/texlive/2025/texmf-dist/tex/generic/pgf/basiclayer/pgfcore.code.tex
Package: pgfcore 2025-08-29 v3.1.11a (3.1.11a)

(c:/texlive/2025/texmf-dist/tex/generic/pgf/math/pgfmath.code.tex
(c:/texlive/2025/texmf-dist/tex/generic/pgf/math/pgfmathutil.code.tex)
(c:/texlive/2025/texmf-dist/tex/generic/pgf/math/pgfmathparser.code.tex
\pgfmath@dimen=\dimen261
\pgfmath@count=\count499
\pgfmath@box=\box70
\pgfmath@toks=\toks58
\pgfmath@stack@operand=\toks59
\pgfmath@stack@operation=\toks60
)
(c:/texlive/2025/texmf-dist/tex/generic/pgf/math/pgfmathfunctions.code.tex)
(c:/texlive/2025/texmf-dist/tex/generic/pgf/math/pgfmathfunctions.basic.code.te
x)
(c:/texlive/2025/texmf-dist/tex/generic/pgf/math/pgfmathfunctions.trigonometric
.code.tex)
(c:/texlive/2025/texmf-dist/tex/generic/pgf/math/pgfmathfunctions.random.code.t
ex)
(c:/texlive/2025/texmf-dist/tex/generic/pgf/math/pgfmathfunctions.comparison.co
de.tex)
(c:/texlive/2025/texmf-dist/tex/generic/pgf/math/pgfmathfunctions.base.code.tex
)
(c:/texlive/2025/texmf-dist/tex/generic/pgf/math/pgfmathfunctions.round.code.te
x)
(c:/texlive/2025/texmf-dist/tex/generic/pgf/math/pgfmathfunctions.misc.code.tex
)
(c:/texlive/2025/texmf-dist/tex/generic/pgf/math/pgfmathfunctions.integerarithm
etics.code.tex)
(c:/texlive/2025/texmf-dist/tex/generic/pgf/math/pgfmathcalc.code.tex)
(c:/texlive/2025/texmf-dist/tex/generic/pgf/math/pgfmathfloat.code.tex
\c@pgfmathroundto@lastzeros=\count500
))
(c:/texlive/2025/texmf-dist/tex/generic/pgf/math/pgfint.code.tex)
(c:/texlive/2025/texmf-dist/tex/generic/pgf/basiclayer/pgfcorepoints.code.tex
File: pgfcorepoints.code.tex 2025-08-29 v3.1.11a (3.1.11a)
\pgf@picminx=\dimen262
\pgf@picmaxx=\dimen263
\pgf@picminy=\dimen264
\pgf@picmaxy=\dimen265
\pgf@pathminx=\dimen266
\pgf@pathmaxx=\dimen267
\pgf@pathminy=\dimen268
\pgf@pathmaxy=\dimen269
\pgf@xx=\dimen270
\pgf@xy=\dimen271
\pgf@yx=\dimen272
\pgf@yy=\dimen273
\pgf@zx=\dimen274
\pgf@zy=\dimen275
)
(c:/texlive/2025/texmf-dist/tex/generic/pgf/basiclayer/pgfcorepathconstruct.cod
e.tex
File: pgfcorepathconstruct.code.tex 2025-08-29 v3.1.11a (3.1.11a)
\pgf@path@lastx=\dimen276
\pgf@path@lasty=\dimen277
)
(c:/texlive/2025/texmf-dist/tex/generic/pgf/basiclayer/pgfcorepathusage.code.te
x
File: pgfcorepathusage.code.tex 2025-08-29 v3.1.11a (3.1.11a)
\pgf@shorten@end@additional=\dimen278
\pgf@shorten@start@additional=\dimen279
)
(c:/texlive/2025/texmf-dist/tex/generic/pgf/basiclayer/pgfcorescopes.code.tex
File: pgfcorescopes.code.tex 2025-08-29 v3.1.11a (3.1.11a)
\pgfpic=\box71
\pgf@hbox=\box72
\pgf@layerbox@main=\box73
\pgf@picture@serial@count=\count501
)
(c:/texlive/2025/texmf-dist/tex/generic/pgf/basiclayer/pgfcoregraphicstate.code
.tex
File: pgfcoregraphicstate.code.tex 2025-08-29 v3.1.11a (3.1.11a)
\pgflinewidth=\dimen280
)
(c:/texlive/2025/texmf-dist/tex/generic/pgf/basiclayer/pgfcoretransformations.c
ode.tex
File: pgfcoretransformations.code.tex 2025-08-29 v3.1.11a (3.1.11a)
\pgf@pt@x=\dimen281
\pgf@pt@y=\dimen282
\pgf@pt@temp=\dimen283
)
(c:/texlive/2025/texmf-dist/tex/generic/pgf/basiclayer/pgfcorequick.code.tex
File: pgfcorequick.code.tex 2025-08-29 v3.1.11a (3.1.11a)
)
(c:/texlive/2025/texmf-dist/tex/generic/pgf/basiclayer/pgfcoreobjects.code.tex
File: pgfcoreobjects.code.tex 2025-08-29 v3.1.11a (3.1.11a)
)
(c:/texlive/2025/texmf-dist/tex/generic/pgf/basiclayer/pgfcorepathprocessing.co
de.tex
File: pgfcorepathprocessing.code.tex 2025-08-29 v3.1.11a (3.1.11a)
)
(c:/texlive/2025/texmf-dist/tex/generic/pgf/basiclayer/pgfcorearrows.code.tex
File: pgfcorearrows.code.tex 2025-08-29 v3.1.11a (3.1.11a)
\pgfarrowsep=\dimen284
)
(c:/texlive/2025/texmf-dist/tex/generic/pgf/basiclayer/pgfcoreshade.code.tex
File: pgfcoreshade.code.tex 2025-08-29 v3.1.11a (3.1.11a)
\pgf@max=\dimen285
\pgf@sys@shading@range@num=\count502
\pgf@shadingcount=\count503
)
(c:/texlive/2025/texmf-dist/tex/generic/pgf/basiclayer/pgfcoreimage.code.tex
File: pgfcoreimage.code.tex 2025-08-29 v3.1.11a (3.1.11a)
)
(c:/texlive/2025/texmf-dist/tex/generic/pgf/basiclayer/pgfcoreexternal.code.tex
File: pgfcoreexternal.code.tex 2025-08-29 v3.1.11a (3.1.11a)
\pgfexternal@startupbox=\box74
) (c:/texlive/2025/texmf-dist/tex/generic/pgf/basiclayer/pgfcorelayers.code.tex
File: pgfcorelayers.code.tex 2025-08-29 v3.1.11a (3.1.11a)
)
(c:/texlive/2025/texmf-dist/tex/generic/pgf/basiclayer/pgfcoretransparency.code
.tex
File: pgfcoretransparency.code.tex 2025-08-29 v3.1.11a (3.1.11a)
)
(c:/texlive/2025/texmf-dist/tex/generic/pgf/basiclayer/pgfcorepatterns.code.tex
File: pgfcorepatterns.code.tex 2025-08-29 v3.1.11a (3.1.11a)
) (c:/texlive/2025/texmf-dist/tex/generic/pgf/basiclayer/pgfcorerdf.code.tex
File: pgfcorerdf.code.tex 2025-08-29 v3.1.11a (3.1.11a)
))) (c:/texlive/2025/texmf-dist/tex/generic/pgf/modules/pgfmoduleshapes.code.te
x
File: pgfmoduleshapes.code.tex 2025-08-29 v3.1.11a (3.1.11a)
\pgfnodeparttextbox=\box75
)
(c:/texlive/2025/texmf-dist/tex/generic/pgf/modules/pgfmoduleplot.code.tex
File: pgfmoduleplot.code.tex 2025-08-29 v3.1.11a (3.1.11a)
)
(c:/texlive/2025/texmf-dist/tex/latex/pgf/compatibility/pgfcomp-version-0-65.st
y
Package: pgfcomp-version-0-65 2025-08-29 v3.1.11a (3.1.11a)
\pgf@nodesepstart=\dimen286
\pgf@nodesepend=\dimen287
)
(c:/texlive/2025/texmf-dist/tex/latex/pgf/compatibility/pgfcomp-version-1-18.st
y
Package: pgfcomp-version-1-18 2025-08-29 v3.1.11a (3.1.11a)
)) (c:/texlive/2025/texmf-dist/tex/latex/pgf/utilities/pgffor.sty
(c:/texlive/2025/texmf-dist/tex/latex/pgf/utilities/pgfkeys.sty
(c:/texlive/2025/texmf-dist/tex/generic/pgf/utilities/pgfkeys.code.tex))
(c:/texlive/2025/texmf-dist/tex/latex/pgf/math/pgfmath.sty
(c:/texlive/2025/texmf-dist/tex/generic/pgf/math/pgfmath.code.tex))
(c:/texlive/2025/texmf-dist/tex/generic/pgf/utilities/pgffor.code.tex
Package: pgffor 2025-08-29 v3.1.11a (3.1.11a)
\pgffor@iter=\dimen288
\pgffor@skip=\dimen289
\pgffor@stack=\toks61
\pgffor@toks=\toks62
))
(c:/texlive/2025/texmf-dist/tex/generic/pgf/frontendlayer/tikz/tikz.code.tex
Package: tikz 2025-08-29 v3.1.11a (3.1.11a)

(c:/texlive/2025/texmf-dist/tex/generic/pgf/libraries/pgflibraryplothandlers.co
de.tex
File: pgflibraryplothandlers.code.tex 2025-08-29 v3.1.11a (3.1.11a)
\pgf@plot@mark@count=\count504
\pgfplotmarksize=\dimen290
)
\tikz@lastx=\dimen291
\tikz@lasty=\dimen292
\tikz@lastxsaved=\dimen293
\tikz@lastysaved=\dimen294
\tikz@lastmovetox=\dimen295
\tikz@lastmovetoy=\dimen296
\tikzleveldistance=\dimen297
\tikzsiblingdistance=\dimen298
\tikz@figbox=\box76
\tikz@figbox@bg=\box77
\tikz@tempbox=\box78
\tikz@tempbox@bg=\box79
\tikztreelevel=\count505
\tikznumberofchildren=\count506
\tikznumberofcurrentchild=\count507
\tikz@fig@count=\count508

(c:/texlive/2025/texmf-dist/tex/generic/pgf/modules/pgfmodulematrix.code.tex
File: pgfmodulematrix.code.tex 2025-08-29 v3.1.11a (3.1.11a)
\pgfmatrixcurrentrow=\count509
\pgfmatrixcurrentcolumn=\count510
\pgf@matrix@numberofcolumns=\count511
)
\tikz@expandcount=\count512

(c:/texlive/2025/texmf-dist/tex/generic/pgf/frontendlayer/tikz/libraries/tikzli
brarytopaths.code.tex
File: tikzlibrarytopaths.code.tex 2025-08-29 v3.1.11a (3.1.11a)
)))
(c:/texlive/2025/texmf-dist/tex/generic/tikz-cd/tikzlibrarycd.code.tex
(c:/texlive/2025/texmf-dist/tex/generic/pgf/frontendlayer/tikz/libraries/tikzli
brarymatrix.code.tex
File: tikzlibrarymatrix.code.tex 2025-08-29 v3.1.11a (3.1.11a)
)
(c:/texlive/2025/texmf-dist/tex/generic/pgf/frontendlayer/tikz/libraries/tikzli
braryquotes.code.tex
File: tikzlibraryquotes.code.tex 2025-08-29 v3.1.11a (3.1.11a)
)
(c:/texlive/2025/texmf-dist/tex/generic/pgf/libraries/pgflibraryarrows.meta.cod
e.tex
File: pgflibraryarrows.meta.code.tex 2025-08-29 v3.1.11a (3.1.11a)
\pgfarrowinset=\dimen299
\pgfarrowlength=\dimen300
\pgfarrowwidth=\dimen301
\pgfarrowlinewidth=\dimen302
))) (c:/texlive/2025/texmf-dist/tex/latex/tikz-3dplot/tikz-3dplot.sty
(c:/texlive/2025/texmf-dist/tex/generic/pgf/frontendlayer/tikz/libraries/tikzli
brarycalc.code.tex
File: tikzlibrarycalc.code.tex 2025-08-29 v3.1.11a (3.1.11a)
)
(c:/texlive/2025/texmf-dist/tex/generic/pgf/frontendlayer/tikz/libraries/tikzli
brary3d.code.tex
File: tikzlibrary3d.code.tex 2025-08-29 v3.1.11a (3.1.11a)
)
(c:/texlive/2025/texmf-dist/tex/generic/pgf/frontendlayer/tikz/libraries/tikzli
braryarrows.code.tex
File: tikzlibraryarrows.code.tex 2025-08-29 v3.1.11a (3.1.11a)

(c:/texlive/2025/texmf-dist/tex/generic/pgf/libraries/pgflibraryarrows.code.tex
File: pgflibraryarrows.code.tex 2025-08-29 v3.1.11a (3.1.11a)
\arrowsize=\dimen303
))) (c:/texlive/2025/texmf-dist/tex/latex/circuitikz/circuitikz.sty
Package: circuitikz 2025/11/23{} The CircuiTikz circuit drawing package version
 1.8.3

(c:/texlive/2025/texmf-dist/tex/generic/pgf/frontendlayer/tikz/libraries/tikzli
brarybending.code.tex
File: tikzlibrarybending.code.tex 2025-08-29 v3.1.11a (3.1.11a)

(c:/texlive/2025/texmf-dist/tex/generic/pgf/modules/pgfmodulebending.code.tex
File: pgfmodulebending.code.tex 2025-08-29 v3.1.11a (3.1.11a)

(c:/texlive/2025/texmf-dist/tex/generic/pgf/modules/pgfmodulenonlineartransform
ations.code.tex
File: pgfmodulenonlineartransformations.code.tex 2025-08-29 v3.1.11a (3.1.11a)
\pgftransformnonlinearflatness=\dimen304
)
(c:/texlive/2025/texmf-dist/tex/generic/pgf/libraries/pgflibrarycurvilinear.cod
e.tex
File: pgflibrarycurvilinear.code.tex 2025-08-29 v3.1.11a (3.1.11a)
\pgf@curvilinear@time@a=\dimen305
\pgf@curvilinear@length@a=\dimen306
\pgf@curvilinear@length@b=\dimen307
\pgf@curvilinear@length@c=\dimen308
\pgf@curvilinear@length@d=\dimen309
)
\pgf@arrows@the@rigidity=\dimen310
))
(c:/texlive/2025/texmf-dist/tex/generic/pgf/frontendlayer/tikz/libraries/tikzli
braryfpu.code.tex
(c:/texlive/2025/texmf-dist/tex/generic/pgf/libraries/pgflibraryfpu.code.tex))
(c:/texlive/2025/texmf-dist/tex/generic/circuitikz/pgfcirc.defines.tex
\pgf@circ@count@a=\count513
\pgf@circ@count@b=\count514
\pgf@circ@count@c=\count515
\pgf@circ@res@up=\dimen311
\pgf@circ@res@down=\dimen312
\pgf@circ@res@zero=\dimen313
\pgf@circ@res@left=\dimen314
\pgf@circ@res@right=\dimen315
\pgf@circ@res@other=\dimen316
\pgf@circ@res@step=\dimen317
\pgf@circ@res@temp=\dimen318
\pgf@circ@Rlen=\dimen319
\pgf@circ@scaled@Rlen=\dimen320
\pgfstartlinewidth=\dimen321
)
(c:/texlive/2025/texmf-dist/tex/generic/circuitikz/pgfcircutils.tex
\ctikz@scratchbox=\box80
)
(c:/texlive/2025/texmf-dist/tex/generic/circuitikz/pgfcircpath.tex)
(c:/texlive/2025/texmf-dist/tex/generic/circuitikz/pgfcircshapes.tex)
(c:/texlive/2025/texmf-dist/tex/generic/circuitikz/pgfcircmonopoles.tex)
(c:/texlive/2025/texmf-dist/tex/generic/circuitikz/pgfcircbipoles.tex)
(c:/texlive/2025/texmf-dist/tex/generic/circuitikz/pgfcirctripoles.tex
\pgf@circ@res@count=\count516
)
(c:/texlive/2025/texmf-dist/tex/generic/circuitikz/pgfcircquadpoles.tex)
(c:/texlive/2025/texmf-dist/tex/generic/circuitikz/pgfcircmultipoles.tex)
(c:/texlive/2025/texmf-dist/tex/generic/circuitikz/pgfcirclabel.tex)
(c:/texlive/2025/texmf-dist/tex/generic/circuitikz/pgfcircvoltage.tex
\pgfcirc@labelshift=\dimen322
)
(c:/texlive/2025/texmf-dist/tex/generic/circuitikz/pgfcirccurrent.tex)
(c:/texlive/2025/texmf-dist/tex/generic/circuitikz/pgfcircflow.tex))
(c:/texlive/2025/texmf-dist/tex/latex/bbm-macros/bbm.sty
Package: bbm 1999/03/15 V 1.2 provides fonts for set symbols - TH
LaTeX Font Info:    Overwriting math alphabet `\mathbbm' in version `bold'
(Font)                  U/bbm/m/n --> U/bbm/bx/n on input line 33.
LaTeX Font Info:    Overwriting math alphabet `\mathbbmss' in version `bold'
(Font)                  U/bbmss/m/n --> U/bbmss/bx/n on input line 35.
)
(c:/texlive/2025/texmf-dist/tex/latex/tools/bm.sty
Package: bm 2025/10/21 v1.2g Bold Symbol Support (DPC/FMi)
\symboldoperators=\mathgroup9
\symboldletters=\mathgroup10
\symboldsymbols=\mathgroup11
Package bm Info: No bold for \OMX/cmex/m/n, using \pmb.
\symboldmtoperatorfont=\mathgroup12
Package bm Info: No bold for \U/msa/m/n, using \pmb.
Package bm Info: No bold for \U/msb/m/n, using \pmb.
LaTeX Font Info:    Redeclaring math alphabet \mathbf on input line 149.
)
(c:/texlive/2025/texmf-dist/tex/latex/fancyhdr/fancyhdr.sty
Package: fancyhdr 2025/02/07 v5.2 Extensive control of page headers and footers

\f@nch@headwidth=\skip173
\f@nch@offset@elh=\skip174
\f@nch@offset@erh=\skip175
\f@nch@offset@olh=\skip176
\f@nch@offset@orh=\skip177
\f@nch@offset@elf=\skip178
\f@nch@offset@erf=\skip179
\f@nch@offset@olf=\skip180
\f@nch@offset@orf=\skip181
\f@nch@height=\skip182
\f@nch@footalignment=\skip183
\f@nch@widthL=\skip184
\f@nch@widthC=\skip185
\f@nch@widthR=\skip186
\@temptokenb=\toks63
)
(c:/texlive/2025/texmf-dist/tex/latex/parskip/parskip.sty
Package: parskip 2021-03-14 v2.0h non-zero parskip adjustments
)
(c:/texlive/2025/texmf-dist/tex/latex/mathtools/mathtools.sty
Package: mathtools 2024/10/04 v1.31 mathematical typesetting tools

(c:/texlive/2025/texmf-dist/tex/latex/tools/calc.sty
Package: calc 2025/03/01 v4.3b Infix arithmetic (KKT,FJ)
\calc@Acount=\count517
\calc@Bcount=\count518
\calc@Adimen=\dimen323
\calc@Bdimen=\dimen324
\calc@Askip=\skip187
\calc@Bskip=\skip188
LaTeX Info: Redefining \setlength on input line 86.
LaTeX Info: Redefining \addtolength on input line 87.
\calc@Ccount=\count519
\calc@Cskip=\skip189
)
(c:/texlive/2025/texmf-dist/tex/latex/mathtools/mhsetup.sty
Package: mhsetup 2021/03/18 v1.4 programming setup (MH)
)
\g_MT_multlinerow_int=\count520
\l_MT_multwidth_dim=\dimen325
\origjot=\skip190
\l_MT_shortvdotswithinadjustabove_dim=\dimen326
\l_MT_shortvdotswithinadjustbelow_dim=\dimen327
\l_MT_above_intertext_sep=\dimen328
\l_MT_below_intertext_sep=\dimen329
\l_MT_above_shortintertext_sep=\dimen330
\l_MT_below_shortintertext_sep=\dimen331
\xmathstrut@box=\box81
\xmathstrut@dim=\dimen332
)
(c:/texlive/2025/texmf-dist/tex/latex/parnotes/parnotes.sty
Package: parnotes 2024/06/12 rev. 3c Notes after every paragraph, or elsewhere
\c@parnotemark=\count521
)
(c:/texlive/2025/texmf-dist/tex/latex/tools/tabularx.sty
Package: tabularx 2023/12/11 v2.12a `tabularx' package (DPC)
\TX@col@width=\dimen333
\TX@old@table=\dimen334
\TX@old@col=\dimen335
\TX@target=\dimen336
\TX@delta=\dimen337
\TX@cols=\count522
\TX@ftn=\toks64
)
(c:/texlive/2025/texmf-dist/tex/latex/braket/braket.sty)
(c:/texlive/2025/texmf-dist/tex/latex/graphics/dvipsnam.def
File: dvipsnam.def 2016/06/17 v3.0m Driver-dependent file (DPC,SPQR)
)
(c:/texlive/2025/texmf-dist/tex/latex/xcolor/x11nam.def
File: x11nam.def 2024/09/29 v3.02 Predefined colors according to Unix/X11 (UK)
)
(c:/texlive/2025/texmf-dist/tex/latex/thmtools/thmtools.sty
Package: thmtools 2023/05/04 v0.76
\thmt@toks=\toks65
\c@thmt@dummyctr=\count523

(c:/texlive/2025/texmf-dist/tex/latex/thmtools/thm-patch.sty
Package: thm-patch 2023/05/04 v0.76

(c:/texlive/2025/texmf-dist/tex/latex/thmtools/parseargs.sty
Package: parseargs 2023/05/04 v0.76
\@parsespec=\toks66
))
(c:/texlive/2025/texmf-dist/tex/latex/thmtools/thm-kv.sty
Package: thm-kv 2023/05/04 v0.76
Package thm-kv Info: Theorem names will be uppercased on input line 42.
Package thm-kv Info: kvsetkeys patch (v1.16 or later) on input line 158.
)
(c:/texlive/2025/texmf-dist/tex/latex/thmtools/thm-autoref.sty
Package: thm-autoref 2023/05/04 v0.76

(c:/texlive/2025/texmf-dist/tex/latex/thmtools/aliasctr.sty
Package: aliasctr 2023/05/04 v0.76
))
(c:/texlive/2025/texmf-dist/tex/latex/thmtools/thm-listof.sty
Package: thm-listof 2023/05/04 v0.76
)
(c:/texlive/2025/texmf-dist/tex/latex/thmtools/thm-restate.sty
Package: thm-restate 2023/05/04 v0.76
)
(c:/texlive/2025/texmf-dist/tex/latex/thmtools/thm-amsthm.sty
Package: thm-amsthm 2023/05/04 v0.76
\thmt@style@headstyle=\toks67
))
(c:/texlive/2025/texmf-dist/tex/latex/units/nicefrac.sty
Package: nicefrac 1998/08/04 v0.9b Nice fractions
\L@UnitsRaiseDisplaystyle=\skip191
\L@UnitsRaiseTextstyle=\skip192
\L@UnitsRaiseScriptstyle=\skip193
)
(c:/texlive/2025/texmf-dist/tex/latex/microtype/microtype.sty
Package: microtype 2025/07/09 v3.2b Micro-typographical refinements (RS)
\MT@toks=\toks68
\MT@tempbox=\box82
\MT@count=\count524
LaTeX Info: Redefining \noprotrusionifhmode on input line 1087.
LaTeX Info: Redefining \leftprotrusion on input line 1088.
\MT@prot@toks=\toks69
LaTeX Info: Redefining \rightprotrusion on input line 1107.
LaTeX Info: Redefining \textls on input line 1449.
\MT@outer@kern=\dimen338
LaTeX Info: Redefining \microtypecontext on input line 2053.
LaTeX Info: Redefining \textmicrotypecontext on input line 2070.
\MT@listname@count=\count525

(c:/texlive/2025/texmf-dist/tex/latex/microtype/microtype-pdftex.def
File: microtype-pdftex.def 2025/07/09 v3.2b Definitions specific to pdftex (RS)

LaTeX Info: Redefining \lsstyle on input line 944.
LaTeX Info: Redefining \lslig on input line 944.
\MT@outer@space=\skip194
)
Package microtype Info: Loading configuration file microtype.cfg.

(c:/texlive/2025/texmf-dist/tex/latex/microtype/microtype.cfg
File: microtype.cfg 2025/07/09 v3.2b microtype main configuration file (RS)
)
LaTeX Info: Redefining \microtypesetup on input line 3065.
)
(c:/texlive/2025/texmf-dist/tex/latex/stmaryrd/stmaryrd.sty
Package: stmaryrd 1994/03/03 St Mary's Road symbol package
\symstmry=\mathgroup13
LaTeX Font Info:    Overwriting symbol font `stmry' in version `bold'
(Font)                  U/stmry/m/n --> U/stmry/b/n on input line 89.
)
(c:/texlive/2025/texmf-dist/tex/latex/csquotes/csquotes.sty
Package: csquotes 2024-04-04 v5.2o context-sensitive quotations (JAW)
\csq@reset=\count526
\csq@gtype=\count527
\csq@glevel=\count528
\csq@qlevel=\count529
\csq@maxlvl=\count530
\csq@tshold=\count531
\csq@ltx@everypar=\toks70

(c:/texlive/2025/texmf-dist/tex/latex/csquotes/csquotes.def
File: csquotes.def 2024-04-04 v5.2o csquotes generic definitions (JAW)
)
Package csquotes Info: Trying to load configuration file 'csquotes.cfg'...
Package csquotes Info: ... configuration file loaded successfully.

(c:/texlive/2025/texmf-dist/tex/latex/csquotes/csquotes.cfg
File: csquotes.cfg 
))
(c:/texlive/2025/texmf-dist/tex/latex/nicematrix/nicematrix.sty
Package: nicematrix 2025/11/23 v7.4b Enhanced arrays with the help of PGF/TikZ
\l__nicematrix_tmpc_dim=\dimen339
\l__nicematrix_tmpd_dim=\dimen340
\l__nicematrix_tmpc_int=\count532
\g__nicematrix_env_int=\count533
\l__nicematrix_the_array_box=\box83
\g__nicematrix_NiceMatrixBlock_int=\count534
\g__nicematrix_notes_caption_int=\count535
\l__nicematrix_columns_width_dim=\dimen341
\l__nicematrix_col_width_dim=\dimen342
\g__nicematrix_row_total_int=\count536
\g__nicematrix_col_total_int=\count537
\g__nicematrix_last_row_node_int=\count538
\l__nicematrix_key_nb_rows_int=\count539
\g__nicematrix_blocks_wd_dim=\dimen343
\g__nicematrix_blocks_ht_dim=\dimen344
\g__nicematrix_blocks_dp_dim=\dimen345
\l__nicematrix_width_dim=\dimen346
\l__nicematrix_tabular_width_dim=\dimen347
\l__nicematrix_rule_width_dim=\dimen348
\l__nicematrix_old_iRow_int=\count540
\l__nicematrix_old_jCol_int=\count541
\l__nicematrix_X_columns_dim=\dimen349
\l__nicematrix_x_initial_dim=\dimen350
\l__nicematrix_y_initial_dim=\dimen351
\l__nicematrix_x_final_dim=\dimen352
\l__nicematrix_y_final_dim=\dimen353
\g__nicematrix_dp_row_zero_dim=\dimen354
\g__nicematrix_ht_row_zero_dim=\dimen355
\g__nicematrix_ht_row_one_dim=\dimen356
\g__nicematrix_dp_ante_last_row_dim=\dimen357
\g__nicematrix_ht_last_row_dim=\dimen358
\g__nicematrix_dp_last_row_dim=\dimen359
\g__nicematrix_width_last_col_dim=\dimen360
\g__nicematrix_width_first_col_dim=\dimen361
\g__nicematrix_ddots_int=\count542
\g__nicematrix_iddots_int=\count543
\g__nicematrix_delta_x_one_dim=\dimen362
\g__nicematrix_delta_y_one_dim=\dimen363
\g__nicematrix_delta_x_two_dim=\dimen364
\g__nicematrix_delta_y_two_dim=\dimen365
\l__nicematrix_row_min_int=\count544
\l__nicematrix_row_max_int=\count545
\l__nicematrix_col_min_int=\count546
\l__nicematrix_col_max_int=\count547
\l__nicematrix_initial_i_int=\count548
\l__nicematrix_initial_j_int=\count549
\l__nicematrix_final_i_int=\count550
\l__nicematrix_final_j_int=\count551
\l__nicematrix_start_int=\count552
\l__nicematrix_end_int=\count553
\l__nicematrix_local_start_int=\count554
\l__nicematrix_local_end_int=\count555
\g__nicematrix_static_num_of_col_int=\count556
\l__nicematrix_rounded_corners_dim=\dimen366
\l__nicematrix_tab_rounded_corners_dim=\dimen367
\l__nicematrix_offset_dim=\dimen368
\l__nicematrix_line_width_dim=\dimen369
\g__nicematrix_block_box_int=\count557
\l__nicematrix_submatrix_extra_height_dim=\dimen370
\l__nicematrix_submatrix_left_xshift_dim=\dimen371
\l__nicematrix_submatrix_right_xshift_dim=\dimen372
\l__nicematrix_first_row_int=\count558
\l__nicematrix_first_col_int=\count559
\l__nicematrix_last_row_int=\count560
\l__nicematrix_last_col_int=\count561
\c@tabularnote=\count562
\g__nicematrix_tabularnote_int=\count563
\c@nicematrix_draft=\count564
\l__nicematrix_cell_space_top_limit_dim=\dimen373
\l__nicematrix_cell_space_bottom_limit_dim=\dimen374
\l__nicematrix_xdots_inter_dim=\dimen375
\l__nicematrix_xdots_shorten_start_dim=\dimen376
\l__nicematrix_xdots_shorten_end_dim=\dimen377
\l__nicematrix_xdots_radius_dim=\dimen378
\l__nicematrix_left_margin_dim=\dimen379
\l__nicematrix_right_margin_dim=\dimen380
\l__nicematrix_extra_left_margin_dim=\dimen381
\l__nicematrix_extra_right_margin_dim=\dimen382
\c__nicematrix_max_l_dim=\dimen383
\l__nicematrix_position_int=\count565
\l__nicematrix_multiplicity_int=\count566
\l__nicematrix_brace_yshift_dim=\dimen384
)
(c:/texlive/2025/texmf-dist/tex/latex/caption/subcaption.sty
Package: subcaption 2023/07/28 v1.6b Sub-captions (AR)
Package caption Info: New subtype `subfigure' on input line 238.
\c@subfigure=\count567
Package caption Info: New subtype `subtable' on input line 238.
\c@subtable=\count568
)
(c:/texlive/2025/texmf-dist/tex/latex/algorithm2e/algorithm2e.sty
Package: algorithm2e 2017/07/18 v5.2 algorithms environments
\c@AlgoLine=\count569
\algocf@hangindent=\skip195

(c:/texlive/2025/texmf-dist/tex/latex/ifoddpage/ifoddpage.sty
Package: ifoddpage 2022/10/18 v1.2 Conditionals for odd/even page detection
\c@checkoddpage=\count570
LaTeX Info: Redefining \checkoddpage on input line 45.
)
(c:/texlive/2025/texmf-dist/tex/latex/tools/xspace.sty
Package: xspace 2014/10/28 v1.13 Space after command names (DPC,MH)
)
(c:/texlive/2025/texmf-dist/tex/latex/relsize/relsize.sty
Package: relsize 2013/03/29 ver 4.1
)
\skiptotal=\skip196
\skiplinenumber=\skip197
\skiprule=\skip198
\skiphlne=\skip199
\skiptext=\skip256
\skiplength=\skip257
\algomargin=\skip258
\skipalgocfslide=\skip259
\algowidth=\dimen385
\inoutsize=\dimen386
\inoutindent=\dimen387
\interspacetitleruled=\dimen388
\interspacealgoruled=\dimen389
\interspacetitleboxruled=\dimen390
\algocf@ruledwidth=\skip260
\algocf@inoutbox=\box84
\algocf@inputbox=\box85
\AlCapSkip=\skip261
\AlCapHSkip=\skip262
\algoskipindent=\skip263
\algocf@nlbox=\box86
\algocf@hangingbox=\box87
\algocf@untilbox=\box88
\algocf@skipuntil=\skip264
\algocf@capbox=\box89
\algocf@lcaptionbox=\skip265
\algoheightruledefault=\skip266
\algoheightrule=\skip267
\algotitleheightruledefault=\skip268
\algotitleheightrule=\skip269
\c@algocfline=\count571
\c@algocfproc=\count572
\c@algocf=\count573
\algocf@algoframe=\box90
\algocf@algobox=\box91
)
(c:/texlive/2025/texmf-dist/tex/latex/algorithmicx/algorithmicx.sty
Package: algorithmicx 2005/04/27 v1.2 Algorithmicx

Document Style algorithmicx 1.2 - a greatly improved `algorithmic' style
\c@ALG@line=\count574
\c@ALG@rem=\count575
\c@ALG@nested=\count576
\ALG@tlm=\skip270
\ALG@thistlm=\skip271
\c@ALG@Lnr=\count577
\c@ALG@blocknr=\count578
\c@ALG@storecount=\count579
\c@ALG@tmpcounter=\count580
\ALG@tmplength=\skip272
) (c:/texlive/2025/texmf-dist/tex/latex/booktabs/booktabs.sty
Package: booktabs 2020/01/12 v1.61803398 Publication quality tables
\heavyrulewidth=\dimen391
\lightrulewidth=\dimen392
\cmidrulewidth=\dimen393
\belowrulesep=\dimen394
\belowbottomsep=\dimen395
\aboverulesep=\dimen396
\abovetopsep=\dimen397
\cmidrulesep=\dimen398
\cmidrulekern=\dimen399
\defaultaddspace=\dimen400
\@cmidla=\count581
\@cmidlb=\count582
\@aboverulesep=\dimen401
\@belowrulesep=\dimen402
\@thisruleclass=\count583
\@lastruleclass=\count584
\@thisrulewidth=\dimen403
)
(c:/texlive/2025/texmf-dist/tex/latex/pgfplots/pgfplots.sty
(c:/texlive/2025/texmf-dist/tex/generic/pgfplots/pgfplots.revision.tex)
Package: pgfplots 2025/08/14 v1.18.2 Data Visualization (1.18.2)

(c:/texlive/2025/texmf-dist/tex/generic/pgfplots/pgfplots.code.tex
(c:/texlive/2025/texmf-dist/tex/generic/pgfplots/pgfplotscore.code.tex
\t@pgfplots@toka=\toks71
\t@pgfplots@tokb=\toks72
\t@pgfplots@tokc=\toks73
\pgfplots@tmpa=\dimen404
\c@pgfplots@coordindex=\count585
\c@pgfplots@scanlineindex=\count586

(c:/texlive/2025/texmf-dist/tex/generic/pgfplots/sys/pgfplotssysgeneric.code.te
x))
(c:/texlive/2025/texmf-dist/tex/generic/pgfplots/libs/pgfplotslibrary.code.tex)

(c:/texlive/2025/texmf-dist/tex/generic/pgfplots/oldpgfcompatib/pgfplotsoldpgfs
upp_loader.code.tex
(c:/texlive/2025/texmf-dist/tex/generic/pgfplots/oldpgfcompatib/pgfplotsoldpgfs
upp_pgfutil-common-lists.tex))
(c:/texlive/2025/texmf-dist/tex/generic/pgfplots/util/pgfplotsutil.code.tex
(c:/texlive/2025/texmf-dist/tex/generic/pgfplots/liststructure/pgfplotsliststru
cture.code.tex)
(c:/texlive/2025/texmf-dist/tex/generic/pgfplots/liststructure/pgfplotsliststru
ctureext.code.tex)
(c:/texlive/2025/texmf-dist/tex/generic/pgfplots/liststructure/pgfplotsarray.co
de.tex
\c@pgfplotsarray@tmp=\count587
)
(c:/texlive/2025/texmf-dist/tex/generic/pgfplots/liststructure/pgfplotsmatrix.c
ode.tex)
(c:/texlive/2025/texmf-dist/tex/generic/pgfplots/numtable/pgfplotstableshared.c
ode.tex
\c@pgfplotstable@counta=\count588
\t@pgfplotstable@a=\toks74
)
(c:/texlive/2025/texmf-dist/tex/generic/pgfplots/liststructure/pgfplotsdeque.co
de.tex)
(c:/texlive/2025/texmf-dist/tex/generic/pgfplots/util/pgfplotsbinary.code.tex
(c:/texlive/2025/texmf-dist/tex/generic/pgfplots/util/pgfplotsbinary.data.code.
tex))
(c:/texlive/2025/texmf-dist/tex/generic/pgfplots/util/pgfplotsutil.verb.code.te
x)
(c:/texlive/2025/texmf-dist/tex/generic/pgfplots/libs/pgflibrarypgfplots.surfsh
ading.code.tex
\c@pgfplotslibrarysurf@no=\count589

(c:/texlive/2025/texmf-dist/tex/generic/pgfplots/sys/pgflibrarypgfplots.surfsha
ding.pgfsys-pdftex.def)))
(c:/texlive/2025/texmf-dist/tex/generic/pgfplots/util/pgfplotscolormap.code.tex
(c:/texlive/2025/texmf-dist/tex/generic/pgfplots/util/pgfplotscolor.code.tex))
(c:/texlive/2025/texmf-dist/tex/generic/pgfplots/pgfplotsstackedplots.code.tex)
(c:/texlive/2025/texmf-dist/tex/generic/pgfplots/pgfplotsplothandlers.code.tex
(c:/texlive/2025/texmf-dist/tex/generic/pgfplots/pgfplotsmeshplothandler.code.t
ex
(c:/texlive/2025/texmf-dist/tex/generic/pgfplots/pgfplotsmeshplotimage.code.tex
))) (c:/texlive/2025/texmf-dist/tex/generic/pgfplots/pgfplots.scaling.code.tex)

(c:/texlive/2025/texmf-dist/tex/generic/pgfplots/pgfplotscoordprocessing.code.t
ex)
(c:/texlive/2025/texmf-dist/tex/generic/pgfplots/pgfplots.errorbars.code.tex)
(c:/texlive/2025/texmf-dist/tex/generic/pgfplots/pgfplots.markers.code.tex)
(c:/texlive/2025/texmf-dist/tex/generic/pgfplots/pgfplotsticks.code.tex)
(c:/texlive/2025/texmf-dist/tex/generic/pgfplots/pgfplots.paths.code.tex)
(c:/texlive/2025/texmf-dist/tex/generic/pgf/frontendlayer/tikz/libraries/tikzli
brarydecorations.code.tex
(c:/texlive/2025/texmf-dist/tex/generic/pgf/modules/pgfmoduledecorations.code.t
ex
\pgfdecoratedcompleteddistance=\dimen405
\pgfdecoratedremainingdistance=\dimen406
\pgfdecoratedinputsegmentcompleteddistance=\dimen407
\pgfdecoratedinputsegmentremainingdistance=\dimen408
\pgf@decorate@distancetomove=\dimen409
\pgf@decorate@repeatstate=\count590
\pgfdecorationsegmentamplitude=\dimen410
\pgfdecorationsegmentlength=\dimen411
)
\tikz@lib@dec@box=\box92
)
(c:/texlive/2025/texmf-dist/tex/generic/pgf/frontendlayer/tikz/libraries/tikzli
brarydecorations.pathmorphing.code.tex
(c:/texlive/2025/texmf-dist/tex/generic/pgf/libraries/decorations/pgflibrarydec
orations.pathmorphing.code.tex))
(c:/texlive/2025/texmf-dist/tex/generic/pgf/frontendlayer/tikz/libraries/tikzli
brarydecorations.pathreplacing.code.tex
(c:/texlive/2025/texmf-dist/tex/generic/pgf/libraries/decorations/pgflibrarydec
orations.pathreplacing.code.tex))
(c:/texlive/2025/texmf-dist/tex/generic/pgfplots/libs/tikzlibrarypgfplots.conto
urlua.code.tex)
\pgfplots@numplots=\count591
\pgfplots@xmin@reg=\dimen412
\pgfplots@xmax@reg=\dimen413
\pgfplots@ymin@reg=\dimen414
\pgfplots@ymax@reg=\dimen415
\pgfplots@zmin@reg=\dimen416
\pgfplots@zmax@reg=\dimen417
)
(c:/texlive/2025/texmf-dist/tex/generic/pgf/frontendlayer/tikz/libraries/tikzli
braryplotmarks.code.tex
File: tikzlibraryplotmarks.code.tex 2025-08-29 v3.1.11a (3.1.11a)

(c:/texlive/2025/texmf-dist/tex/generic/pgf/libraries/pgflibraryplotmarks.code.
tex
File: pgflibraryplotmarks.code.tex 2025-08-29 v3.1.11a (3.1.11a)
)))
(c:/texlive/2025/texmf-dist/tex/generic/pgf/frontendlayer/tikz/libraries/tikzli
brarypatterns.code.tex
File: tikzlibrarypatterns.code.tex 2025-08-29 v3.1.11a (3.1.11a)

(c:/texlive/2025/texmf-dist/tex/generic/pgf/libraries/pgflibrarypatterns.code.t
ex
File: pgflibrarypatterns.code.tex 2025-08-29 v3.1.11a (3.1.11a)
))
(c:/texlive/2025/texmf-dist/tex/generic/pgf/frontendlayer/tikz/libraries/tikzli
braryshadings.code.tex
File: tikzlibraryshadings.code.tex 2025-08-29 v3.1.11a (3.1.11a)

(c:/texlive/2025/texmf-dist/tex/generic/pgf/libraries/pgflibraryshadings.code.t
ex
File: pgflibraryshadings.code.tex 2025-08-29 v3.1.11a (3.1.11a)
))
(c:/texlive/2025/texmf-dist/tex/generic/pgf/frontendlayer/tikz/libraries/tikzli
braryshapes.geometric.code.tex
File: tikzlibraryshapes.geometric.code.tex 2025-08-29 v3.1.11a (3.1.11a)

(c:/texlive/2025/texmf-dist/tex/generic/pgf/libraries/shapes/pgflibraryshapes.g
eometric.code.tex
File: pgflibraryshapes.geometric.code.tex 2025-08-29 v3.1.11a (3.1.11a)
))
(c:/texlive/2025/texmf-dist/tex/generic/pgf/frontendlayer/tikz/libraries/tikzli
brarypositioning.code.tex
File: tikzlibrarypositioning.code.tex 2025-08-29 v3.1.11a (3.1.11a)
)
(c:/texlive/2025/texmf-dist/tex/generic/pgf/frontendlayer/tikz/libraries/tikzli
braryfit.code.tex
File: tikzlibraryfit.code.tex 2025-08-29 v3.1.11a (3.1.11a)
) (c:/texlive/2025/texmf-dist/tex/latex/hyperref/hyperref.sty
Package: hyperref 2025-07-12 v7.01o Hypertext links for LaTeX

(c:/texlive/2025/texmf-dist/tex/generic/pdfescape/pdfescape.sty
Package: pdfescape 2019/12/09 v1.15 Implements pdfTeX's escape features (HO)
)
(c:/texlive/2025/texmf-dist/tex/latex/hycolor/hycolor.sty
Package: hycolor 2020-01-27 v1.10 Color options for hyperref/bookmark (HO)
)
(c:/texlive/2025/texmf-dist/tex/generic/stringenc/stringenc.sty
Package: stringenc 2019/11/29 v1.12 Convert strings between diff. encodings (HO
)
)
\@linkdim=\dimen418
\Hy@linkcounter=\count592
\Hy@pagecounter=\count593

(c:/texlive/2025/texmf-dist/tex/latex/hyperref/pd1enc.def
File: pd1enc.def 2025-07-12 v7.01o Hyperref: PDFDocEncoding definition (HO)
Now handling font encoding PD1 ...
... no UTF-8 mapping file for font encoding PD1
)
\Hy@SavedSpaceFactor=\count594

(c:/texlive/2025/texmf-dist/tex/latex/hyperref/puenc.def
File: puenc.def 2025-07-12 v7.01o Hyperref: PDF Unicode definition (HO)
Now handling font encoding PU ...
... no UTF-8 mapping file for font encoding PU
)
Package hyperref Info: Hyper figures OFF on input line 4195.
Package hyperref Info: Link nesting OFF on input line 4200.
Package hyperref Info: Hyper index ON on input line 4203.
Package hyperref Info: Plain pages OFF on input line 4210.
Package hyperref Info: Backreferencing OFF on input line 4215.
Package hyperref Info: Implicit mode ON; LaTeX internals redefined.
Package hyperref Info: Bookmarks ON on input line 4462.
\c@Hy@tempcnt=\count595
LaTeX Info: Redefining \url on input line 4801.
\XeTeXLinkMargin=\dimen419

(c:/texlive/2025/texmf-dist/tex/generic/bitset/bitset.sty
Package: bitset 2019/12/09 v1.3 Handle bit-vector datatype (HO)

(c:/texlive/2025/texmf-dist/tex/generic/bigintcalc/bigintcalc.sty
Package: bigintcalc 2019/12/15 v1.5 Expandable calculations on big integers (HO
)
))
\Fld@menulength=\count596
\Field@Width=\dimen420
\Fld@charsize=\dimen421
Package hyperref Info: Hyper figures OFF on input line 6078.
Package hyperref Info: Link nesting OFF on input line 6083.
Package hyperref Info: Hyper index ON on input line 6086.
Package hyperref Info: backreferencing OFF on input line 6093.
Package hyperref Info: Link coloring OFF on input line 6098.
Package hyperref Info: Link coloring with OCG OFF on input line 6103.
Package hyperref Info: PDF/A mode OFF on input line 6108.
\Hy@abspage=\count597
\c@Item=\count598
\c@Hfootnote=\count599
)
Package hyperref Info: Driver (autodetected): hpdftex.

(c:/texlive/2025/texmf-dist/tex/latex/hyperref/hpdftex.def
File: hpdftex.def 2025-07-12 v7.01o Hyperref driver for pdfTeX
\HyAnn@Count=\count600
\Fld@listcount=\count601
\c@bookmark@seq@number=\count602

(c:/texlive/2025/texmf-dist/tex/latex/rerunfilecheck/rerunfilecheck.sty
Package: rerunfilecheck 2025-06-21 v1.11 Rerun checks for auxiliary files (HO)

(c:/texlive/2025/texmf-dist/tex/generic/uniquecounter/uniquecounter.sty
Package: uniquecounter 2019/12/15 v1.4 Provide unlimited unique counter (HO)
)
Package uniquecounter Info: New unique counter `rerunfilecheck' on input line 2
84.
)
\Hy@SectionHShift=\skip273
)
\c@definition=\count603
\c@theorem=\count604
\c@col=\count605
\c@conjecture=\count606
\c@setting=\count607
\c@assume=\count608
\c@hypothesis=\count609
\c@question=\count610
\c@note=\count611

(c:/texlive/2025/texmf-dist/tex/latex/wrapfig/wrapfig.sty
\wrapoverhang=\dimen422
\WF@size=\dimen423
\c@WF@wrappedlines=\count612
\WF@box=\box93
\WF@everypar=\toks75
Package: wrapfig 2003/01/31  v 3.6
)
(c:/texlive/2025/texmf-dist/tex/latex/ragged2e/ragged2e.sty
Package: ragged2e 2023/06/22 v3.6 ragged2e Package
\CenteringLeftskip=\skip274
\RaggedLeftLeftskip=\skip275
\RaggedRightLeftskip=\skip276
\CenteringRightskip=\skip277
\RaggedLeftRightskip=\skip278
\RaggedRightRightskip=\skip279
\CenteringParfillskip=\skip280
\RaggedLeftParfillskip=\skip281
\RaggedRightParfillskip=\skip282
\JustifyingParfillskip=\skip283
\CenteringParindent=\skip284
\RaggedLeftParindent=\skip285
\RaggedRightParindent=\skip286
\JustifyingParindent=\skip287
)
(c:/texlive/2025/texmf-dist/tex/latex/sidecap/sidecap.sty
Package: sidecap 2023/01/24 v1.7a SideCap Package (RN/HjG)
\SC@BOXWD=\dimen424
\SC@CAPWD=\dimen425
\SC@tempdima=\dimen426
\SC@tempdimb=\dimen427
\c@SC@C=\count613
\SC@BOX=\box94
))
(c:/texlive/2025/texmf-dist/tex/latex/tcolorbox/tcolorbox.sty
Package: tcolorbox 2025/11/28 version 6.9.0 text color boxes

(c:/texlive/2025/texmf-dist/tex/latex/tools/verbatim.sty
Package: verbatim 2024-01-22 v1.5x LaTeX2e package for verbatim enhancements
\every@verbatim=\toks76
\verbatim@line=\toks77
\verbatim@in@stream=\read4
)
\tcb@titlebox=\box95
\tcb@upperbox=\box96
\tcb@lowerbox=\box97
\tcb@phantombox=\box98
\c@tcbbreakpart=\count614
\c@tcblayer=\count615
\c@tcolorbox@number=\count616
\l__tcobox_tmpa_box=\box99
\l__tcobox_tmpa_dim=\dimen428
\tcb@temp=\box100
\tcb@temp=\box101
\tcb@temp=\box102
\tcb@temp=\box103

(c:/texlive/2025/texmf-dist/tex/latex/tcolorbox/tcbbreakable.code.tex
Library (tcolorbox): 'tcbbreakable.code.tex' version '6.9.0'
(c:/texlive/2025/texmf-dist/tex/latex/pdfcol/pdfcol.sty
Package: pdfcol 2022-09-21 v1.7 Handle new color stacks for pdfTeX (HO)
)
Package pdfcol Info: New color stack `tcb@breakable' = 1 on input line 23.
\tcb@testbox=\box104
\tcb@totalupperbox=\box105
\tcb@totallowerbox=\box106
)
(c:/texlive/2025/texmf-dist/tex/latex/tcolorbox/tcbtheorems.code.tex
Library (tcolorbox): 'tcbtheorems.code.tex' version '6.9.0'
) (c:/texlive/2025/texmf-dist/tex/latex/tcolorbox/tcbskins.code.tex
Library (tcolorbox): 'tcbskins.code.tex' version '6.9.0'
(c:/texlive/2025/texmf-dist/tex/latex/tikzfill/tikzfill.image.sty
Package: tikzfill.image 2023/08/08 v1.0.1 Image filling library for TikZ

(c:/texlive/2025/texmf-dist/tex/latex/tikzfill/tikzfill-common.sty
Package: tikzfill-common 2023/08/08 v1.0.1 Auxiliary code for tikzfill
)
(c:/texlive/2025/texmf-dist/tex/latex/tikzfill/tikzlibraryfill.image.code.tex
File: tikzlibraryfill.image.code.tex 2023/08/08 v1.0.1 Image filling library
\l__tikzfill_img_box=\box107
)) (c:/texlive/2025/texmf-dist/tex/latex/tcolorbox/tcbskinsjigsaw.code.tex
Library (tcolorbox): 'tcbskinsjigsaw.code.tex' version '6.9.0'
))) (./math_commands.tex
LaTeX Font Info:    Overwriting math alphabet `\mathsfit' in version `bold'
(Font)                  T1/SourceSansPro-TLF/m/sl --> T1/SourceSansPro-TLF/bx/n
 on input line 314.
)

Package biblatex Warning: Load 'inputenc' before biblatex.

Package csquotes Info: Checking for multilingual support...
Package csquotes Info: ... none found.
(./paper1a.aux
! Undefined control sequence.
l.402 \@writefi
               
The control sequence at the end of the top line
of your error message was never \def'ed. If you have
misspelled it (e.g., `\hobx'), type `I' and the correct
spelling (e.g., `I\hbox'). Otherwise just continue,
and I'll forget about whatever was undefined.

)
\openout1 = `paper1a.aux'.

LaTeX Font Info:    Checking defaults for OML/cmm/m/it on input line 33.
LaTeX Font Info:    ... okay on input line 33.
LaTeX Font Info:    Checking defaults for OMS/cmsy/m/n on input line 33.
LaTeX Font Info:    ... okay on input line 33.
LaTeX Font Info:    Checking defaults for OT1/cmr/m/n on input line 33.
LaTeX Font Info:    ... okay on input line 33.
LaTeX Font Info:    Checking defaults for T1/cmr/m/n on input line 33.
LaTeX Font Info:    ... okay on input line 33.
LaTeX Font Info:    Checking defaults for TS1/cmr/m/n on input line 33.
LaTeX Font Info:    ... okay on input line 33.
LaTeX Font Info:    Checking defaults for OMX/cmex/m/n on input line 33.
LaTeX Font Info:    ... okay on input line 33.
LaTeX Font Info:    Checking defaults for U/cmr/m/n on input line 33.
LaTeX Font Info:    ... okay on input line 33.
LaTeX Font Info:    Checking defaults for LY1/ptm/m/n on input line 33.
LaTeX Font Info:    Trying to load font information for LY1+ptm on input line 3
3.
 (c:/texlive/2025/texmf-dist/tex/latex/ly1/ly1ptm.fd
File: ly1ptm.fd 2001/02/01 font definitions for LY1/ptm using Berry names.
)
LaTeX Font Info:    ... okay on input line 33.
LaTeX Font Info:    Checking defaults for PD1/pdf/m/n on input line 33.
LaTeX Font Info:    ... okay on input line 33.
LaTeX Font Info:    Checking defaults for PU/pdf/m/n on input line 33.
LaTeX Font Info:    ... okay on input line 33.

*geometry* driver: auto-detecting
*geometry* detected driver: pdftex
*geometry* verbose mode - [ preamble ] result:
* driver: pdftex
* paper: custom
* layout: <same size as paper>
* layoutoffset:(h,v)=(0.0pt,0.0pt)
* modes: twoside 
* h-part:(L,W,R)=(42.67912pt, 514.99507pt, 39.83368pt)
* v-part:(T,H,B)=(65.44142pt, 682.86615pt, 48.36958pt)
* \paperwidth=597.50787pt
* \paperheight=796.67715pt
* \textwidth=514.99507pt
* \textheight=682.86615pt
* \oddsidemargin=-29.59087pt
* \evensidemargin=-32.43631pt
* \topmargin=-41.59085pt
* \headheight=12.0pt
* \headsep=22.76228pt
* \topskip=10.0pt
* \footskip=30.0pt
* \marginparwidth=121.0pt
* \marginparsep=11.0pt
* \columnsep=19.40002pt
* \skip\footins=13.0pt plus 6.0pt minus 2.0pt
* \hoffset=0.0pt
* \voffset=0.0pt
* \mag=1000
* \@twocolumnfalse
* \@twosidetrue
* \@mparswitchtrue
* \@reversemarginfalse
* (1in=72.27pt=25.4mm, 1cm=28.453pt)

(c:/texlive/2025/texmf-dist/tex/context/base/mkii/supp-pdf.mkii
[Loading MPS to PDF converter (version 2006.09.02).]
\scratchcounter=\count617
\scratchdimen=\dimen429
\scratchbox=\box108
\nofMPsegments=\count618
\nofMParguments=\count619
\everyMPshowfont=\toks78
\MPscratchCnt=\count620
\MPscratchDim=\dimen430
\MPnumerator=\count621
\makeMPintoPDFobject=\count622
\everyMPtoPDFconversion=\toks79
) (c:/texlive/2025/texmf-dist/tex/latex/epstopdf-pkg/epstopdf-base.sty
Package: epstopdf-base 2020-01-24 v2.11 Base part for package epstopdf
Package epstopdf-base Info: Redefining graphics rule for `.eps' on input line 4
85.

(c:/texlive/2025/texmf-dist/tex/latex/latexconfig/epstopdf-sys.cfg
File: epstopdf-sys.cfg 2010/07/13 v1.3 Configuration of (r)epstopdf for TeX Liv
e
))
Package caption Info: Begin \AtBeginDocument code.
Package caption Info: float package is loaded.
Package caption Info: floatrow package is loaded.
Package caption Info: floatrow package is loaded.
Package caption Info: hyperref package is loaded.
Package caption Info: sidecap package is loaded.
Package caption Info: wrapfig package is loaded.
Package caption Info: End \AtBeginDocument code.
\c@mv@tabular=\count623
\c@mv@boldtabular=\count624
Package biblatex Info: Trying to load language 'english' -> 'cms-american'...
Package biblatex Info: ... file 'cms-american.lbx' found.

(c:/texlive/2025/texmf-dist/tex/latex/biblatex-chicago/cms-american.lbx
File: cms-american.lbx 2022/07/02 v 3.18 biblatex localization
Package biblatex Info: Trying to load language 'american'...
Package biblatex Info: ... file 'american.lbx' found.

(c:/texlive/2025/texmf-dist/tex/latex/biblatex/lbx/american.lbx
File: american.lbx 2025/07/10 v3.21 biblatex localization (PK/MW)
Package biblatex Info: Trying to load language 'english'...
Package biblatex Info: ... file 'english.lbx' found.

(c:/texlive/2025/texmf-dist/tex/latex/biblatex/lbx/english.lbx
File: english.lbx 2025/07/10 v3.21 biblatex localization (PK/MW)
))
Package biblatex Info: Trying to load language 'english'...
Package biblatex Info: ... file 'english.lbx' found.

(c:/texlive/2025/texmf-dist/tex/latex/biblatex/lbx/english.lbx
File: english.lbx 2025/07/10 v3.21 biblatex localization (PK/MW)
))
Package biblatex Info: Input encoding 'utf8' detected.
Package biblatex Info: Automatic encoding selection.
(biblatex)             Assuming data encoding 'utf8'.
\openout4 = `paper1a.bcf'.

Package biblatex Info: Trying to load bibliographic data...
Package biblatex Info: ... file 'paper1a.bbl' found.
 (./paper1a.bbl)
Package biblatex Info: Reference section=0 on input line 33.
Package biblatex Info: Reference segment=0 on input line 33.
LaTeX Info: Redefining \microtypecontext on input line 33.
Package microtype Info: Applying patch `item' on input line 33.
Package microtype Info: Applying patch `toc' on input line 33.
Package microtype Info: Applying patch `eqnum' on input line 33.
Package microtype Info: Applying patch `footnote' on input line 33.
Package microtype Info: Applying patch `verbatim' on input line 33.
LaTeX Info: Redefining \microtypesetup on input line 33.
Package microtype Info: Generating PDF output.
Package microtype Info: Character protrusion enabled (level 2).
Package microtype Info: Using default protrusion set `alltext'.
Package microtype Info: Automatic font expansion enabled (level 2),
(microtype)             stretch: 20, shrink: 20, step: 1, non-selected.
Package microtype Info: Using default expansion set `alltext-nott'.
Package microtype Info: Patching command `\showhyphens'.
Package microtype Info: No adjustment of tracking.
Package microtype Info: No adjustment of interword spacing.
Package microtype Info: No adjustment of character kerning.
Package microtype Info: Loading generic protrusion settings for font family
(microtype)             `fbb-TLF' (encoding: T1).
(microtype)             For optimal results, create family-specific settings.
(microtype)             See the microtype manual for details.
\c__nicematrix_shift_Ldots_last_row_dim=\dimen431
\c__nicematrix_innersep_middle_dim=\dimen432
\c@tabularnotesi=\count625
\enitdp@tabularnotes=\count626
\c@tabularnotes*i=\count627
\enitdp@tabularnotes*=\count628


Package pgfplots Warning: running in backwards compatibility mode (unsuitable t
ick labels; missing features). Consider writing \pgfplotsset{compat=1.18} into 
your preamble.
 on input line 33.

Package hyperref Info: Link coloring OFF on input line 33.
(./paper1a.out)
Runaway argument?
{\376\377\000B\000r\000i\000d\000g\000i\000n\000g\000\040\000t\000h\0\ETC.
! File ended while scanning use of \@@BOOKMARK.
<inserted text> 
                \par 
l.33 \begin{document}
                     
I suspect you have forgotten a `}', causing me
to read past where you wanted me to stop.
I'll try to recover; but if the error is serious,
you'd better type `E' or `X' now and fix your file.

(./paper1a.out)
Runaway argument?
{\376\377\000B\000r\000i\000d\000g\000i\000n\000g\000\040\000t\000h\0\ETC.
! File ended while scanning use of \@@BOOKMARK.
<inserted text> 
                \par 
l.33 \begin{document}
                     
I suspect you have forgotten a `}', causing me
to read past where you wanted me to stop.
I'll try to recover; but if the error is serious,
you'd better type `E' or `X' now and fix your file.

\@outlinefile=\write6
\openout6 = `paper1a.out'.

LaTeX Font Info:    Trying to load font information for T1+SourceSansPro-TLF on
 input line 36.
(c:/texlive/2025/texmf-dist/tex/latex/sourcesanspro/T1SourceSansPro-TLF.fd
File: T1SourceSansPro-TLF.fd 2020/01/19 (autoinst) Font definitions for T1/Sour
ceSansPro-TLF.
)
LaTeX Font Info:    Font shape `T1/SourceSansPro-TLF/m/n' aliased to
(Font)              `T1/SourceSansPro-TLF/regular/n' on input line 36.
LaTeX Font Info:    Font shape `T1/SourceSansPro-TLF/regular/n' will be
(Font)              scaled to size 10.0pt on input line 36.
Package microtype Info: Loading generic protrusion settings for font family
(microtype)             `SourceSansPro-TLF' (encoding: T1).
(microtype)             For optimal results, create family-specific settings.
(microtype)             See the microtype manual for details.
LaTeX Font Info:    Font shape `T1/SourceSansPro-TLF/m/n' aliased to
(Font)              `T1/SourceSansPro-TLF/regular/n' on input line 36.
LaTeX Font Info:    Font shape `T1/SourceSansPro-TLF/regular/n' will be
(Font)              scaled to size 7.0pt on input line 36.
LaTeX Font Info:    Font shape `T1/SourceSansPro-TLF/m/it' aliased to
(Font)              `T1/SourceSansPro-TLF/regular/it' on input line 36.
LaTeX Font Info:    Font shape `T1/SourceSansPro-TLF/regular/it' will be
(Font)              scaled to size 7.0pt on input line 36.
LaTeX Font Info:    Font shape `T1/fbb-TLF/m/n' will be
(Font)              scaled to size 6.79001pt on input line 36.
LaTeX Font Info:    Font shape `T1/fbb-TLF/b/n' will be
(Font)              scaled to size 6.79001pt on input line 36.


LaTeX Warning: Reference `LastPage' on page 1 undefined on input line 36.

<cup-logo-new.pdf, id=139, 75.1802pt x 16.73366pt>
File: cup-logo-new.pdf Graphic file (type pdf)
<use cup-logo-new.pdf>
Package pdftex.def Info: cup-logo-new.pdf  used on input line 36.
(pdftex.def)             Requested size: 73.97716pt x 16.46576pt.
LaTeX Font Info:    Font shape `T1/SourceSansPro-TLF/sb/n' aliased to
(Font)              `T1/SourceSansPro-TLF/semibold/n' on input line 36.
LaTeX Font Info:    Font shape `T1/SourceSansPro-TLF/semibold/n' will be
(Font)              scaled to size 10.0pt on input line 36.
LaTeX Font Info:    Font shape `T1/SourceSansPro-TLF/sb/n' aliased to
(Font)              `T1/SourceSansPro-TLF/semibold/n' on input line 36.
LaTeX Font Info:    Font shape `T1/SourceSansPro-TLF/semibold/n' will be
(Font)              scaled to size 17.28pt on input line 36.
(c:/texlive/2025/texmf-dist/tex/latex/microtype/mt-cmr.cfg
File: mt-cmr.cfg 2013/05/19 v2.2 microtype config. file: Computer Modern Roman 
(RS)
)
LaTeX Font Info:    Font shape `T1/fbb-TLF/m/n' will be
(Font)              scaled to size 7.76001pt on input line 36.
LaTeX Font Info:    Font shape `T1/fbb-TLF/m/n' will be
(Font)              scaled to size 5.82pt on input line 36.
LaTeX Font Info:    Font shape `T1/fbb-TLF/m/it' will be
(Font)              scaled to size 9.70001pt on input line 36.
LaTeX Font Info:    Font shape `T1/fbb-TLF/m/it' will be
(Font)              scaled to size 7.76001pt on input line 36.
LaTeX Font Info:    Font shape `T1/fbb-TLF/m/it' will be
(Font)              scaled to size 5.82pt on input line 36.
LaTeX Font Info:    Trying to load font information for U+zeur on input line 36
.

(c:/texlive/2025/texmf-dist/tex/latex/eulervm/uzeur.fd
File: uzeur.fd 2005/01/11 v4.0 (WaS)
)
(c:/texlive/2025/texmf-dist/tex/latex/microtype/mt-eur.cfg
File: mt-eur.cfg 2006/07/31 v1.1 microtype config. file: AMS Euler Roman (RS)
)
LaTeX Font Info:    Trying to load font information for U+msa on input line 36.


(c:/texlive/2025/texmf-dist/tex/latex/amsfonts/umsa.fd
File: umsa.fd 2013/01/14 v3.01 AMS symbols A
)
(c:/texlive/2025/texmf-dist/tex/latex/microtype/mt-msa.cfg
File: mt-msa.cfg 2006/02/04 v1.1 microtype config. file: AMS symbols (a) (RS)
)
LaTeX Font Info:    Trying to load font information for U+msb on input line 36.


(c:/texlive/2025/texmf-dist/tex/latex/amsfonts/umsb.fd
File: umsb.fd 2013/01/14 v3.01 AMS symbols B
)
(c:/texlive/2025/texmf-dist/tex/latex/microtype/mt-msb.cfg
File: mt-msb.cfg 2005/06/01 v1.0 microtype config. file: AMS symbols (b) (RS)
)
LaTeX Font Info:    Font shape `T1/fbb-TLF/b/n' will be
(Font)              scaled to size 9.70001pt on input line 36.
LaTeX Font Info:    Font shape `T1/fbb-TLF/b/n' will be
(Font)              scaled to size 7.76001pt on input line 36.
LaTeX Font Info:    Font shape `T1/fbb-TLF/b/n' will be
(Font)              scaled to size 5.82pt on input line 36.
LaTeX Font Info:    Trying to load font information for U+stmry on input line 3
6.

(c:/texlive/2025/texmf-dist/tex/latex/stmaryrd/Ustmry.fd)
LaTeX Font Info:    Font shape `T1/SourceSansPro-TLF/m/n' aliased to
(Font)              `T1/SourceSansPro-TLF/regular/n' on input line 36.
LaTeX Font Info:    Font shape `T1/SourceSansPro-TLF/regular/n' will be
(Font)              scaled to size 8.0pt on input line 36.
LaTeX Font Info:    Font shape `T1/fbb-TLF/m/n' will be
(Font)              scaled to size 4.85pt on input line 36.
LaTeX Font Info:    Font shape `T1/fbb-TLF/m/it' will be
(Font)              scaled to size 4.85pt on input line 36.
LaTeX Font Info:    Font shape `T1/fbb-TLF/b/n' will be
(Font)              scaled to size 4.85pt on input line 36.
LaTeX Font Info:    Font shape `T1/SourceSansPro-TLF/m/n' aliased to
(Font)              `T1/SourceSansPro-TLF/regular/n' on input line 36.
LaTeX Font Info:    Font shape `T1/SourceSansPro-TLF/regular/n' will be
(Font)              scaled to size 6.0pt on input line 36.
LaTeX Font Info:    Font shape `T1/SourceSansPro-TLF/sb/n' aliased to
(Font)              `T1/SourceSansPro-TLF/semibold/n' on input line 36.
LaTeX Font Info:    Font shape `T1/SourceSansPro-TLF/semibold/n' will be
(Font)              scaled to size 8.0pt on input line 36.
Package mdframed Info: mdframed works in twoside mode on input line 36.
Package mdframed Info: mdframed detected package amsthm 
 changed the theorem header of amsthm
(mdframed)              on input line 36.
LaTeX Font Info:    Font shape `T1/fbb-TLF/m/n' will be
(Font)              scaled to size 8.73001pt on input line 36.
LaTeX Font Info:    Font shape `T1/fbb-TLF/m/it' will be
(Font)              scaled to size 8.73001pt on input line 36.
Package mdframed Info: mdframed detected package amsthm 
 changed the theorem header of amsthm
(mdframed)              on input line 36.
LaTeX Font Info:    Font shape `T1/fbb-TLF/b/n' will be
(Font)              scaled to size 8.73001pt on input line 36.
LaTeX Font Info:    Font shape `T1/SourceSansPro-TLF/sb/n' aliased to
(Font)              `T1/SourceSansPro-TLF/semibold/n' on input line 36.
LaTeX Font Info:    Font shape `T1/SourceSansPro-TLF/semibold/n' will be
(Font)              scaled to size 9.0pt on input line 36.
Package mdframed Info: mdframed inside a box 
 mdframed uses option nobreak mdframed on input line 36.

Overfull \hbox (0.26958pt too wide) in paragraph at lines 42--43
[]\T1/fbb-TLF/m/n/10 (-20) Hop-field []1982[][]; Amit, Gut-fre-und, and Som-pol
in-sky []1985[][]; Gard-
 []

[1{c:/texlive/2025/texmf-var/fonts/map/pdftex/updmap/pdftex.map}{c:/texlive/202
5/texmf-dist/fonts/enc/dvips/sourcesanspro/a_emkxm5.enc}{c:/texlive/2025/texmf-
dist/fonts/enc/dvips/fbb/fbb_ivhnor.enc}{c:/texlive/2025/texmf-dist/fonts/enc/d
vips/fbb/fbb_4zjlsx.enc}{c:/texlive/2025/texmf-dist/fonts/enc/dvips/fbb/fbb_jc4
ywh.enc}


 <./cup-logo-new.pdf>]
Package hyperref Info: bookmark level for unknown assumption defaults to 0 on i
nput line 58.
Package hyperref Info: bookmark level for unknown definition defaults to 0 on i
nput line 65.
LaTeX Font Info:    Font shape `T1/fbb-TLF/b/it' will be
(Font)              scaled to size 9.70001pt on input line 66.
LaTeX Font Info:    Font shape `T1/SourceSansPro-TLF/m/it' aliased to
(Font)              `T1/SourceSansPro-TLF/regular/it' on input line 68.
LaTeX Font Info:    Font shape `T1/SourceSansPro-TLF/regular/it' will be
(Font)              scaled to size 10.0pt on input line 68.
 [2]
LaTeX Font Info:    Font shape `T1/fbb-TLF/b/it' will be
(Font)              scaled to size 7.76001pt on input line 95.
LaTeX Font Info:    Font shape `T1/fbb-TLF/b/it' will be
(Font)              scaled to size 5.82pt on input line 95.


LaTeX Font Warning: Font shape `U/stmry/b/n' undefined
(Font)              using `U/stmry/m/n' instead on input line 95.

[3]
LaTeX Font Info:    Font shape `T1/SourceSansPro-TLF/sb/it' aliased to
(Font)              `T1/SourceSansPro-TLF/semibold/it' on input line 135.
LaTeX Font Info:    Font shape `T1/SourceSansPro-TLF/semibold/it' will be
(Font)              scaled to size 10.0pt on input line 135.

Overfull \hbox (17.59174pt too wide) detected at line 175
[][][][] [] \OMS/cmsy/m/n/10 ^^Y \T1/fbb-TLF/m/it/10 o []
 []

[4]
Overfull \hbox (0.6594pt too wide) in paragraph at lines 192--193
[][]\T1/fbb-TLF/b/n/10 (-20) Definition 2.9 \T1/fbb-TLF/m/n/10 (-20) (Heuris-ti
-cal gen-er-al-iza-tion risk)\T1/fbb-TLF/b/n/10 (-20) . []\T1/fbb-TLF/m/it/10 (
-20) Given a dataset
 []

LaTeX Font Info:    Freeze math alphabet allocation in version normal.
(Font)              Allocated math groups: 14 (local: 2) on input line 205.
LaTeX Font Info:    Undo math alphabet allocation in version normal on input li
ne 205.
LaTeX Font Info:    No math alphabet change to frozen version normal on input l
ine 213.
LaTeX Font Info:    No math alphabet change to frozen version normal on input l
ine 213.
LaTeX Font Info:    No math alphabet change to frozen version normal on input l
ine 213.
LaTeX Font Info:    No math alphabet change to frozen version normal on input l
ine 213.
LaTeX Font Info:    No math alphabet change to frozen version normal on input l
ine 214.
LaTeX Font Info:    No math alphabet change to frozen version normal on input l
ine 214.
LaTeX Font Info:    Undo math alphabet allocation in version normal on input li
ne 227.
LaTeX Font Info:    Undo math alphabet allocation in version normal on input li
ne 227.
LaTeX Font Info:    Undo math alphabet allocation in version normal on input li
ne 227.
LaTeX Font Info:    No math alphabet change to frozen version normal on input l
ine 227.
LaTeX Font Info:    No math alphabet change to frozen version normal on input l
ine 227.
LaTeX Font Info:    No math alphabet change to frozen version normal on input l
ine 227.
LaTeX Font Info:    No math alphabet change to frozen version normal on input l
ine 227.
LaTeX Font Info:    Nested math: keeping math alphabet allocation in version no
rmal on input line 227.
LaTeX Font Info:    Nested math: keeping math alphabet allocation in version no
rmal on input line 227.
LaTeX Font Info:    Nested math: keeping math alphabet allocation in version no
rmal on input line 227.
LaTeX Font Info:    Nested math: keeping math alphabet allocation in version no
rmal on input line 227.
LaTeX Font Info:    No math alphabet change to frozen version normal on input l
ine 227.
LaTeX Font Info:    No math alphabet change to frozen version normal on input l
ine 227.
LaTeX Font Info:    Nested math: keeping math alphabet allocation in version no
rmal on input line 227.
LaTeX Font Info:    Nested math: keeping math alphabet allocation in version no
rmal on input line 227.
LaTeX Font Info:    Nested math: keeping math alphabet allocation in version no
rmal on input line 227.
LaTeX Font Info:    Nested math: keeping math alphabet allocation in version no
rmal on input line 227.
LaTeX Font Info:    Undo math alphabet allocation in version normal on input li
ne 227.
LaTeX Font Info:    No math alphabet change to frozen version normal on input l
ine 227.
LaTeX Font Info:    No math alphabet change to frozen version normal on input l
ine 227.
LaTeX Font Info:    No math alphabet change to frozen version normal on input l
ine 227.
LaTeX Font Info:    No math alphabet change to frozen version normal on input l
ine 227.
Package hyperref Info: bookmark level for unknown theorem defaults to 0 on inpu
t line 231.
LaTeX Font Info:    No math alphabet change to frozen version normal on input l
ine 232.
LaTeX Font Info:    No math alphabet change to frozen version normal on input l
ine 232.
LaTeX Font Info:    Nested math: keeping math alphabet allocation in version no
rmal on input line 232.
LaTeX Font Info:    Nested math: keeping math alphabet allocation in version no
rmal on input line 232.
LaTeX Font Info:    Nested math: keeping math alphabet allocation in version no
rmal on input line 232.
LaTeX Font Info:    Nested math: keeping math alphabet allocation in version no
rmal on input line 232.
LaTeX Font Info:    Nested math: keeping math alphabet allocation in version no
rmal on input line 233.
LaTeX Font Info:    Nested math: keeping math alphabet allocation in version no
rmal on input line 233.
LaTeX Font Info:    No math alphabet change to frozen version normal on input l
ine 234.
LaTeX Font Info:    No math alphabet change to frozen version normal on input l
ine 234.
LaTeX Font Info:    Nested math: keeping math alphabet allocation in version no
rmal on input line 239.
LaTeX Font Info:    Nested math: keeping math alphabet allocation in version no
rmal on input line 239.
LaTeX Font Info:    Nested math: keeping math alphabet allocation in version no
rmal on input line 239.
LaTeX Font Info:    Nested math: keeping math alphabet allocation in version no
rmal on input line 239.
LaTeX Font Info:    Nested math: keeping math alphabet allocation in version no
rmal on input line 248.
LaTeX Font Info:    Nested math: keeping math alphabet allocation in version no
rmal on input line 248.
LaTeX Font Info:    Nested math: keeping math alphabet allocation in version no
rmal on input line 248.
LaTeX Font Info:    Nested math: keeping math alphabet allocation in version no
rmal on input line 248.
LaTeX Font Info:    Nested math: keeping math alphabet allocation in version no
rmal on input line 248.
LaTeX Font Info:    Trying to load font information for U+bbm on input line 248
.
(c:/texlive/2025/texmf-dist/tex/latex/bbm-macros/ubbm.fd
File: ubbm.fd 1999/03/15 V 1.2 Font definition for bbm font - TH
)
LaTeX Font Info:    Nested math: keeping math alphabet allocation in version no
rmal on input line 248.
LaTeX Font Info:    Nested math: keeping math alphabet allocation in version no
rmal on input line 248.
LaTeX Font Info:    Nested math: keeping math alphabet allocation in version no
rmal on input line 248.
LaTeX Font Info:    Nested math: keeping math alphabet allocation in version no
rmal on input line 248.
LaTeX Font Info:    Nested math: keeping math alphabet allocation in version no
rmal on input line 248.
LaTeX Font Info:    Nested math: keeping math alphabet allocation in version no
rmal on input line 248.
LaTeX Font Info:    Nested math: keeping math alphabet allocation in version no
rmal on input line 248.
LaTeX Font Info:    Nested math: keeping math alphabet allocation in version no
rmal on input line 248.
LaTeX Font Info:    Nested math: keeping math alphabet allocation in version no
rmal on input line 248.
LaTeX Font Info:    Nested math: keeping math alphabet allocation in version no
rmal on input line 248.
LaTeX Font Info:    Nested math: keeping math alphabet allocation in version no
rmal on input line 248.
LaTeX Font Info:    Nested math: keeping math alphabet allocation in version no
rmal on input line 248.
LaTeX Font Info:    Nested math: keeping math alphabet allocation in version no
rmal on input line 248.
LaTeX Font Info:    Nested math: keeping math alphabet allocation in version no
rmal on input line 248.
LaTeX Font Info:    Nested math: keeping math alphabet allocation in version no
rmal on input line 248.
LaTeX Font Info:    Nested math: keeping math alphabet allocation in version no
rmal on input line 248.
LaTeX Font Info:    Nested math: keeping math alphabet allocation in version no
rmal on input line 249.
LaTeX Font Info:    Undo math alphabet allocation in version normal on input li
ne 249.
LaTeX Font Info:    No math alphabet change to frozen version normal on input l
ine 250.
LaTeX Font Info:    No math alphabet change to frozen version normal on input l
ine 250.
LaTeX Font Info:    Nested math: keeping math alphabet allocation in version no
rmal on input line 252.
LaTeX Font Info:    Nested math: keeping math alphabet allocation in version no
rmal on input line 252.
LaTeX Font Info:    Nested math: keeping math alphabet allocation in version no
rmal on input line 252.
LaTeX Font Info:    Nested math: keeping math alphabet allocation in version no
rmal on input line 252.
LaTeX Font Info:    Nested math: keeping math alphabet allocation in version no
rmal on input line 260.
LaTeX Font Info:    Nested math: keeping math alphabet allocation in version no
rmal on input line 260.
LaTeX Font Info:    Nested math: keeping math alphabet allocation in version no
rmal on input line 260.
LaTeX Font Info:    Nested math: keeping math alphabet allocation in version no
rmal on input line 260.
LaTeX Font Info:    Nested math: keeping math alphabet allocation in version no
rmal on input line 260.
LaTeX Font Info:    Nested math: keeping math alphabet allocation in version no
rmal on input line 260.
LaTeX Font Info:    Nested math: keeping math alphabet allocation in version no
rmal on input line 260.
LaTeX Font Info:    Nested math: keeping math alphabet allocation in version no
rmal on input line 260.
LaTeX Font Info:    Nested math: keeping math alphabet allocation in version no
rmal on input line 260.
LaTeX Font Info:    Nested math: keeping math alphabet allocation in version no
rmal on input line 260.
LaTeX Font Info:    Nested math: keeping math alphabet allocation in version no
rmal on input line 260.
LaTeX Font Info:    Nested math: keeping math alphabet allocation in version no
rmal on input line 260.
LaTeX Font Info:    Nested math: keeping math alphabet allocation in version no
rmal on input line 260.
LaTeX Font Info:    Nested math: keeping math alphabet allocation in version no
rmal on input line 260.
LaTeX Font Info:    Nested math: keeping math alphabet allocation in version no
rmal on input line 260.
LaTeX Font Info:    Nested math: keeping math alphabet allocation in version no
rmal on input line 260.
LaTeX Font Info:    Nested math: keeping math alphabet allocation in version no
rmal on input line 260.
LaTeX Font Info:    Nested math: keeping math alphabet allocation in version no
rmal on input line 260.
LaTeX Font Info:    Nested math: keeping math alphabet allocation in version no
rmal on input line 260.
LaTeX Font Info:    Nested math: keeping math alphabet allocation in version no
rmal on input line 260.
LaTeX Font Info:    Nested math: keeping math alphabet allocation in version no
rmal on input line 260.
LaTeX Font Info:    Nested math: keeping math alphabet allocation in version no
rmal on input line 260.
LaTeX Font Info:    Nested math: keeping math alphabet allocation in version no
rmal on input line 260.
LaTeX Font Info:    Nested math: keeping math alphabet allocation in version no
rmal on input line 260.
LaTeX Font Info:    Nested math: keeping math alphabet allocation in version no
rmal on input line 260.
LaTeX Font Info:    Nested math: keeping math alphabet allocation in version no
rmal on input line 261.
 [5]
LaTeX Font Info:    Undo math alphabet allocation in version normal on input li
ne 261.
Package hyperref Info: bookmark level for unknown conjecture defaults to 0 on i
nput line 267.
LaTeX Font Info:    No math alphabet change to frozen version normal on input l
ine 267.
LaTeX Font Info:    No math alphabet change to frozen version normal on input l
ine 267.
LaTeX Font Info:    No math alphabet change to frozen version normal on input l
ine 267.
LaTeX Font Info:    No math alphabet change to frozen version normal on input l
ine 267.
LaTeX Font Info:    No math alphabet change to frozen version normal on input l
ine 267.
LaTeX Font Info:    Nested math: keeping math alphabet allocation in version no
rmal on input line 268.
LaTeX Font Info:    Nested math: keeping math alphabet allocation in version no
rmal on input line 268.
LaTeX Font Info:    Nested math: keeping math alphabet allocation in version no
rmal on input line 268.
LaTeX Font Info:    Nested math: keeping math alphabet allocation in version no
rmal on input line 268.
LaTeX Font Info:    Nested math: keeping math alphabet allocation in version no
rmal on input line 272.
LaTeX Font Info:    Nested math: keeping math alphabet allocation in version no
rmal on input line 272.
LaTeX Font Info:    Nested math: keeping math alphabet allocation in version no
rmal on input line 272.
LaTeX Font Info:    Nested math: keeping math alphabet allocation in version no
rmal on input line 272.
LaTeX Font Info:    Nested math: keeping math alphabet allocation in version no
rmal on input line 272.
LaTeX Font Info:    Nested math: keeping math alphabet allocation in version no
rmal on input line 272.
LaTeX Font Info:    Nested math: keeping math alphabet allocation in version no
rmal on input line 272.
LaTeX Font Info:    Nested math: keeping math alphabet allocation in version no
rmal on input line 272.
LaTeX Font Info:    Nested math: keeping math alphabet allocation in version no
rmal on input line 272.
LaTeX Font Info:    Nested math: keeping math alphabet allocation in version no
rmal on input line 272.
LaTeX Font Info:    Nested math: keeping math alphabet allocation in version no
rmal on input line 272.
LaTeX Font Info:    Nested math: keeping math alphabet allocation in version no
rmal on input line 272.
LaTeX Font Info:    Nested math: keeping math alphabet allocation in version no
rmal on input line 272.
LaTeX Font Info:    Nested math: keeping math alphabet allocation in version no
rmal on input line 273.
LaTeX Font Info:    Undo math alphabet allocation in version normal on input li
ne 273.
LaTeX Font Info:    No math alphabet change to frozen version normal on input l
ine 274.
LaTeX Font Info:    No math alphabet change to frozen version normal on input l
ine 274.
LaTeX Font Info:    No math alphabet change to frozen version normal on input l
ine 274.
LaTeX Font Info:    No math alphabet change to frozen version normal on input l
ine 274.
LaTeX Font Info:    No math alphabet change to frozen version normal on input l
ine 277.
LaTeX Font Info:    No math alphabet change to frozen version normal on input l
ine 277.
LaTeX Font Info:    No math alphabet change to frozen version normal on input l
ine 282.
LaTeX Font Info:    No math alphabet change to frozen version normal on input l
ine 282.
LaTeX Font Info:    No math alphabet change to frozen version normal on input l
ine 282.


Package hyperref Warning: Token not allowed in a PDF string (Unicode):
(hyperref)                removing `\cite' on input line 284.

LaTeX Font Info:    No math alphabet change to frozen version normal on input l
ine 286.
LaTeX Font Info:    No math alphabet change to frozen version normal on input l
ine 286.
LaTeX Font Info:    No math alphabet change to frozen version normal on input l
ine 286.
LaTeX Font Info:    No math alphabet change to frozen version normal on input l
ine 286.
LaTeX Font Info:    No math alphabet change to frozen version normal on input l
ine 286.
LaTeX Font Info:    No math alphabet change to frozen version normal on input l
ine 286.
LaTeX Font Info:    No math alphabet change to frozen version normal on input l
ine 286.
LaTeX Font Info:    No math alphabet change to frozen version normal on input l
ine 286.
LaTeX Font Info:    No math alphabet change to frozen version normal on input l
ine 286.
LaTeX Font Info:    Nested math: keeping math alphabet allocation in version no
rmal on input line 287.
LaTeX Font Info:    Nested math: keeping math alphabet allocation in version no
rmal on input line 287.
LaTeX Font Info:    Nested math: keeping math alphabet allocation in version no
rmal on input line 287.
LaTeX Font Info:    Nested math: keeping math alphabet allocation in version no
rmal on input line 287.
LaTeX Font Info:    No math alphabet change to frozen version normal on input l
ine 289.
LaTeX Font Info:    No math alphabet change to frozen version normal on input l
ine 289.
LaTeX Font Info:    No math alphabet change to frozen version normal on input l
ine 289.
LaTeX Font Info:    No math alphabet change to frozen version normal on input l
ine 289.
LaTeX Font Info:    Nested math: keeping math alphabet allocation in version no
rmal on input line 290.
LaTeX Font Info:    Nested math: keeping math alphabet allocation in version no
rmal on input line 290.
LaTeX Font Info:    Nested math: keeping math alphabet allocation in version no
rmal on input line 290.
LaTeX Font Info:    Nested math: keeping math alphabet allocation in version no
rmal on input line 290.
LaTeX Font Info:    Nested math: keeping math alphabet allocation in version no
rmal on input line 294.
LaTeX Font Info:    Nested math: keeping math alphabet allocation in version no
rmal on input line 294.
LaTeX Font Info:    Nested math: keeping math alphabet allocation in version no
rmal on input line 294.
LaTeX Font Info:    Nested math: keeping math alphabet allocation in version no
rmal on input line 294.
LaTeX Font Info:    Nested math: keeping math alphabet allocation in version no
rmal on input line 294.
LaTeX Font Info:    Nested math: keeping math alphabet allocation in version no
rmal on input line 294.
LaTeX Font Info:    Nested math: keeping math alphabet allocation in version no
rmal on input line 294.
LaTeX Font Info:    Nested math: keeping math alphabet allocation in version no
rmal on input line 294.
LaTeX Font Info:    Nested math: keeping math alphabet allocation in version no
rmal on input line 294.
LaTeX Font Info:    Nested math: keeping math alphabet allocation in version no
rmal on input line 295.
LaTeX Font Info:    No math alphabet change to frozen version normal on input l
ine 295.
LaTeX Font Info:    No math alphabet change to frozen version normal on input l
ine 296.
LaTeX Font Info:    No math alphabet change to frozen version normal on input l
ine 296.
LaTeX Font Info:    No math alphabet change to frozen version normal on input l
ine 296.
LaTeX Font Info:    No math alphabet change to frozen version normal on input l
ine 296.
LaTeX Font Info:    No math alphabet change to frozen version normal on input l
ine 296.
LaTeX Font Info:    No math alphabet change to frozen version normal on input l
ine 296.
LaTeX Font Info:    No math alphabet change to frozen version normal on input l
ine 296.
LaTeX Font Info:    No math alphabet change to frozen version normal on input l
ine 296.
LaTeX Font Info:    No math alphabet change to frozen version normal on input l
ine 296.

Overfull \hbox (3.15482pt too wide) in paragraph at lines 295--297
\T1/fbb-TLF/m/n/10 (-20) as a sin-gu-lar pre-dic-tor of $\T1/fbb-TLF/m/it/10 (-
20) y$\T1/fbb-TLF/m/n/10 (-20) . Now, for $\U/msb/m/n/10 E[] []$
 []

LaTeX Font Info:    Nested math: keeping math alphabet allocation in version no
rmal on input line 297.
LaTeX Font Info:    Nested math: keeping math alphabet allocation in version no
rmal on input line 297.
LaTeX Font Info:    Nested math: keeping math alphabet allocation in version no
rmal on input line 297.
LaTeX Font Info:    Nested math: keeping math alphabet allocation in version no
rmal on input line 297.
LaTeX Font Info:    Nested math: keeping math alphabet allocation in version no
rmal on input line 302.
LaTeX Font Info:    Nested math: keeping math alphabet allocation in version no
rmal on input line 302.
LaTeX Font Info:    Nested math: keeping math alphabet allocation in version no
rmal on input line 302.
LaTeX Font Info:    Nested math: keeping math alphabet allocation in version no
rmal on input line 302.
LaTeX Font Info:    Nested math: keeping math alphabet allocation in version no
rmal on input line 302.
LaTeX Font Info:    Nested math: keeping math alphabet allocation in version no
rmal on input line 302.
LaTeX Font Info:    Nested math: keeping math alphabet allocation in version no
rmal on input line 302.
LaTeX Font Info:    Nested math: keeping math alphabet allocation in version no
rmal on input line 302.
LaTeX Font Info:    Nested math: keeping math alphabet allocation in version no
rmal on input line 302.
LaTeX Font Info:    Nested math: keeping math alphabet allocation in version no
rmal on input line 302.
LaTeX Font Info:    Nested math: keeping math alphabet allocation in version no
rmal on input line 302.
LaTeX Font Info:    Nested math: keeping math alphabet allocation in version no
rmal on input line 302.
LaTeX Font Info:    Nested math: keeping math alphabet allocation in version no
rmal on input line 302.
LaTeX Font Info:    Nested math: keeping math alphabet allocation in version no
rmal on input line 302.
LaTeX Font Info:    Nested math: keeping math alphabet allocation in version no
rmal on input line 302.
LaTeX Font Info:    Nested math: keeping math alphabet allocation in version no
rmal on input line 302.
LaTeX Font Info:    Nested math: keeping math alphabet allocation in version no
rmal on input line 302.
LaTeX Font Info:    Nested math: keeping math alphabet allocation in version no
rmal on input line 302.
LaTeX Font Info:    Nested math: keeping math alphabet allocation in version no
rmal on input line 302.
LaTeX Font Info:    Nested math: keeping math alphabet allocation in version no
rmal on input line 302.
LaTeX Font Info:    Nested math: keeping math alphabet allocation in version no
rmal on input line 302.
LaTeX Font Info:    Nested math: keeping math alphabet allocation in version no
rmal on input line 302.
LaTeX Font Info:    Nested math: keeping math alphabet allocation in version no
rmal on input line 302.
LaTeX Font Info:    Nested math: keeping math alphabet allocation in version no
rmal on input line 302.
LaTeX Font Info:    Nested math: keeping math alphabet allocation in version no
rmal on input line 302.
LaTeX Font Info:    Nested math: keeping math alphabet allocation in version no
rmal on input line 302.
LaTeX Font Info:    Nested math: keeping math alphabet allocation in version no
rmal on input line 302.
LaTeX Font Info:    Nested math: keeping math alphabet allocation in version no
rmal on input line 302.
LaTeX Font Info:    Nested math: keeping math alphabet allocation in version no
rmal on input line 302.
LaTeX Font Info:    Nested math: keeping math alphabet allocation in version no
rmal on input line 303.
LaTeX Font Info:    No math alphabet change to frozen version normal on input l
ine 303.
LaTeX Font Info:    No math alphabet change to frozen version normal on input l
ine 308.
LaTeX Font Info:    No math alphabet change to frozen version normal on input l
ine 308.
LaTeX Font Info:    No math alphabet change to frozen version normal on input l
ine 308.
LaTeX Font Info:    No math alphabet change to frozen version normal on input l
ine 308.
LaTeX Font Info:    No math alphabet change to frozen version normal on input l
ine 308.
LaTeX Font Info:    No math alphabet change to frozen version normal on input l
ine 308.

Overfull \hbox (2.34883pt too wide) in paragraph at lines 308--308
[][]\T1/fbb-TLF/b/n/10 (-20) Theorem 3.1 \T1/fbb-TLF/m/n/10 (-20) (Bi-as--vari-
ance de-com-po-si-tion)\T1/fbb-TLF/b/n/10 (-20) . []\T1/fbb-TLF/m/it/10 (-20) S
up-pose the model
 []

LaTeX Font Info:    Nested math: keeping math alphabet allocation in version no
rmal on input line 308.
LaTeX Font Info:    Nested math: keeping math alphabet allocation in version no
rmal on input line 308.
LaTeX Font Info:    Nested math: keeping math alphabet allocation in version no
rmal on input line 308.
LaTeX Font Info:    Nested math: keeping math alphabet allocation in version no
rmal on input line 308.
LaTeX Font Info:    Nested math: keeping math alphabet allocation in version no
rmal on input line 312.
LaTeX Font Info:    Nested math: keeping math alphabet allocation in version no
rmal on input line 312.
LaTeX Font Info:    Nested math: keeping math alphabet allocation in version no
rmal on input line 312.
LaTeX Font Info:    Nested math: keeping math alphabet allocation in version no
rmal on input line 312.
LaTeX Font Info:    Nested math: keeping math alphabet allocation in version no
rmal on input line 312.
LaTeX Font Info:    Nested math: keeping math alphabet allocation in version no
rmal on input line 312.
LaTeX Font Info:    Nested math: keeping math alphabet allocation in version no
rmal on input line 312.
LaTeX Font Info:    Nested math: keeping math alphabet allocation in version no
rmal on input line 312.
LaTeX Font Info:    Nested math: keeping math alphabet allocation in version no
rmal on input line 312.
LaTeX Font Info:    Nested math: keeping math alphabet allocation in version no
rmal on input line 312.
LaTeX Font Info:    Nested math: keeping math alphabet allocation in version no
rmal on input line 312.
LaTeX Font Info:    Nested math: keeping math alphabet allocation in version no
rmal on input line 312.
LaTeX Font Info:    Nested math: keeping math alphabet allocation in version no
rmal on input line 312.
LaTeX Font Info:    Nested math: keeping math alphabet allocation in version no
rmal on input line 312.
LaTeX Font Info:    Nested math: keeping math alphabet allocation in version no
rmal on input line 312.
LaTeX Font Info:    Nested math: keeping math alphabet allocation in version no
rmal on input line 312.
LaTeX Font Info:    Nested math: keeping math alphabet allocation in version no
rmal on input line 312.
LaTeX Font Info:    Nested math: keeping math alphabet allocation in version no
rmal on input line 313.
LaTeX Font Info:    No math alphabet change to frozen version normal on input l
ine 313.
LaTeX Font Info:    No math alphabet change to frozen version normal on input l
ine 314.
LaTeX Font Info:    No math alphabet change to frozen version normal on input l
ine 314.
LaTeX Font Info:    No math alphabet change to frozen version normal on input l
ine 314.
LaTeX Font Info:    Nested math: keeping math alphabet allocation in version no
rmal on input line 318.
LaTeX Font Info:    Nested math: keeping math alphabet allocation in version no
rmal on input line 318.
LaTeX Font Info:    Nested math: keeping math alphabet allocation in version no
rmal on input line 318.
LaTeX Font Info:    Nested math: keeping math alphabet allocation in version no
rmal on input line 318.
LaTeX Font Info:    Nested math: keeping math alphabet allocation in version no
rmal on input line 318.
LaTeX Font Info:    Nested math: keeping math alphabet allocation in version no
rmal on input line 318.
LaTeX Font Info:    Nested math: keeping math alphabet allocation in version no
rmal on input line 318.
LaTeX Font Info:    Nested math: keeping math alphabet allocation in version no
rmal on input line 318.
LaTeX Font Info:    Nested math: keeping math alphabet allocation in version no
rmal on input line 318.
LaTeX Font Info:    Nested math: keeping math alphabet allocation in version no
rmal on input line 318.
LaTeX Font Info:    Nested math: keeping math alphabet allocation in version no
rmal on input line 318.
LaTeX Font Info:    Nested math: keeping math alphabet allocation in version no
rmal on input line 318.
LaTeX Font Info:    Nested math: keeping math alphabet allocation in version no
rmal on input line 318.
LaTeX Font Info:    Nested math: keeping math alphabet allocation in version no
rmal on input line 318.
LaTeX Font Info:    Nested math: keeping math alphabet allocation in version no
rmal on input line 318.
LaTeX Font Info:    Nested math: keeping math alphabet allocation in version no
rmal on input line 318.
LaTeX Font Info:    Nested math: keeping math alphabet allocation in version no
rmal on input line 318.
LaTeX Font Info:    Nested math: keeping math alphabet allocation in version no
rmal on input line 318.
LaTeX Font Info:    Nested math: keeping math alphabet allocation in version no
rmal on input line 318.
LaTeX Font Info:    Nested math: keeping math alphabet allocation in version no
rmal on input line 318.
LaTeX Font Info:    Nested math: keeping math alphabet allocation in version no
rmal on input line 318.
LaTeX Font Info:    Nested math: keeping math alphabet allocation in version no
rmal on input line 318.
LaTeX Font Info:    Nested math: keeping math alphabet allocation in version no
rmal on input line 318.
LaTeX Font Info:    Nested math: keeping math alphabet allocation in version no
rmal on input line 318.
LaTeX Font Info:    Nested math: keeping math alphabet allocation in version no
rmal on input line 318.
LaTeX Font Info:    Nested math: keeping math alphabet allocation in version no
rmal on input line 318.
LaTeX Font Info:    Nested math: keeping math alphabet allocation in version no
rmal on input line 318.
[6]
LaTeX Font Info:    No math alphabet change to frozen version normal on input l
ine 318.
LaTeX Font Info:    Nested math: keeping math alphabet allocation in version no
rmal on input line 327.
LaTeX Font Info:    Nested math: keeping math alphabet allocation in version no
rmal on input line 327.
LaTeX Font Info:    Nested math: keeping math alphabet allocation in version no
rmal on input line 327.
LaTeX Font Info:    Nested math: keeping math alphabet allocation in version no
rmal on input line 327.
LaTeX Font Info:    Nested math: keeping math alphabet allocation in version no
rmal on input line 334.
LaTeX Font Info:    Nested math: keeping math alphabet allocation in version no
rmal on input line 334.
LaTeX Font Info:    Nested math: keeping math alphabet allocation in version no
rmal on input line 334.
LaTeX Font Info:    Nested math: keeping math alphabet allocation in version no
rmal on input line 334.
LaTeX Font Info:    Nested math: keeping math alphabet allocation in version no
rmal on input line 334.
LaTeX Font Info:    Nested math: keeping math alphabet allocation in version no
rmal on input line 334.
LaTeX Font Info:    Nested math: keeping math alphabet allocation in version no
rmal on input line 334.
LaTeX Font Info:    Nested math: keeping math alphabet allocation in version no
rmal on input line 334.
LaTeX Font Info:    Nested math: keeping math alphabet allocation in version no
rmal on input line 334.
LaTeX Font Info:    Nested math: keeping math alphabet allocation in version no
rmal on input line 334.
LaTeX Font Info:    Nested math: keeping math alphabet allocation in version no
rmal on input line 334.
LaTeX Font Info:    Nested math: keeping math alphabet allocation in version no
rmal on input line 334.
LaTeX Font Info:    Nested math: keeping math alphabet allocation in version no
rmal on input line 334.
LaTeX Font Info:    Nested math: keeping math alphabet allocation in version no
rmal on input line 335.
LaTeX Font Info:    No math alphabet change to frozen version normal on input l
ine 335.
LaTeX Font Info:    Nested math: keeping math alphabet allocation in version no
rmal on input line 337.
LaTeX Font Info:    Nested math: keeping math alphabet allocation in version no
rmal on input line 337.
LaTeX Font Info:    Nested math: keeping math alphabet allocation in version no
rmal on input line 337.
LaTeX Font Info:    Nested math: keeping math alphabet allocation in version no
rmal on input line 337.
LaTeX Font Info:    No math alphabet change to frozen version normal on input l
ine 339.
LaTeX Font Info:    No math alphabet change to frozen version normal on input l
ine 339.
LaTeX Font Info:    No math alphabet change to frozen version normal on input l
ine 344.
LaTeX Font Info:    No math alphabet change to frozen version normal on input l
ine 344.
LaTeX Font Info:    No math alphabet change to frozen version normal on input l
ine 344.
LaTeX Font Info:    No math alphabet change to frozen version normal on input l
ine 344.
LaTeX Font Info:    No math alphabet change to frozen version normal on input l
ine 344.
LaTeX Font Info:    No math alphabet change to frozen version normal on input l
ine 344.
LaTeX Font Info:    No math alphabet change to frozen version normal on input l
ine 351.
LaTeX Font Info:    Nested math: keeping math alphabet allocation in version no
rmal on input line 360.
LaTeX Font Info:    Nested math: keeping math alphabet allocation in version no
rmal on input line 360.
LaTeX Font Info:    Nested math: keeping math alphabet allocation in version no
rmal on input line 360.
LaTeX Font Info:    Nested math: keeping math alphabet allocation in version no
rmal on input line 360.
LaTeX Font Info:    Nested math: keeping math alphabet allocation in version no
rmal on input line 360.
LaTeX Font Info:    Nested math: keeping math alphabet allocation in version no
rmal on input line 360.
LaTeX Font Info:    Nested math: keeping math alphabet allocation in version no
rmal on input line 360.
LaTeX Font Info:    Nested math: keeping math alphabet allocation in version no
rmal on input line 360.
LaTeX Font Info:    Nested math: keeping math alphabet allocation in version no
rmal on input line 360.
LaTeX Font Info:    Nested math: keeping math alphabet allocation in version no
rmal on input line 360.
LaTeX Font Info:    Nested math: keeping math alphabet allocation in version no
rmal on input line 360.
LaTeX Font Info:    Nested math: keeping math alphabet allocation in version no
rmal on input line 360.
LaTeX Font Info:    Nested math: keeping math alphabet allocation in version no
rmal on input line 360.
LaTeX Font Info:    Nested math: keeping math alphabet allocation in version no
rmal on input line 360.
LaTeX Font Info:    Nested math: keeping math alphabet allocation in version no
rmal on input line 360.
LaTeX Font Info:    Nested math: keeping math alphabet allocation in version no
rmal on input line 360.
LaTeX Font Info:    Nested math: keeping math alphabet allocation in version no
rmal on input line 360.
LaTeX Font Info:    Nested math: keeping math alphabet allocation in version no
rmal on input line 360.
LaTeX Font Info:    Nested math: keeping math alphabet allocation in version no
rmal on input line 360.
LaTeX Font Info:    Nested math: keeping math alphabet allocation in version no
rmal on input line 360.
LaTeX Font Info:    Nested math: keeping math alphabet allocation in version no
rmal on input line 360.
LaTeX Font Info:    Nested math: keeping math alphabet allocation in version no
rmal on input line 360.
LaTeX Font Info:    Nested math: keeping math alphabet allocation in version no
rmal on input line 360.
LaTeX Font Info:    Nested math: keeping math alphabet allocation in version no
rmal on input line 360.
LaTeX Font Info:    Nested math: keeping math alphabet allocation in version no
rmal on input line 360.
LaTeX Font Info:    Nested math: keeping math alphabet allocation in version no
rmal on input line 360.
LaTeX Font Info:    Nested math: keeping math alphabet allocation in version no
rmal on input line 360.
LaTeX Font Info:    Nested math: keeping math alphabet allocation in version no
rmal on input line 360.
LaTeX Font Info:    Nested math: keeping math alphabet allocation in version no
rmal on input line 360.
LaTeX Font Info:    Nested math: keeping math alphabet allocation in version no
rmal on input line 360.
LaTeX Font Info:    Nested math: keeping math alphabet allocation in version no
rmal on input line 360.
LaTeX Font Info:    Nested math: keeping math alphabet allocation in version no
rmal on input line 360.
LaTeX Font Info:    Nested math: keeping math alphabet allocation in version no
rmal on input line 360.
LaTeX Font Info:    Nested math: keeping math alphabet allocation in version no
rmal on input line 360.
LaTeX Font Info:    Nested math: keeping math alphabet allocation in version no
rmal on input line 360.
LaTeX Font Info:    Nested math: keeping math alphabet allocation in version no
rmal on input line 360.
LaTeX Font Info:    Nested math: keeping math alphabet allocation in version no
rmal on input line 360.
LaTeX Font Info:    Nested math: keeping math alphabet allocation in version no
rmal on input line 360.
LaTeX Font Info:    Nested math: keeping math alphabet allocation in version no
rmal on input line 360.
LaTeX Font Info:    Nested math: keeping math alphabet allocation in version no
rmal on input line 360.
LaTeX Font Info:    Nested math: keeping math alphabet allocation in version no
rmal on input line 360.
LaTeX Font Info:    Nested math: keeping math alphabet allocation in version no
rmal on input line 360.
LaTeX Font Info:    Nested math: keeping math alphabet allocation in version no
rmal on input line 360.
LaTeX Font Info:    Nested math: keeping math alphabet allocation in version no
rmal on input line 360.
LaTeX Font Info:    Nested math: keeping math alphabet allocation in version no
rmal on input line 360.
LaTeX Font Info:    Nested math: keeping math alphabet allocation in version no
rmal on input line 361.
LaTeX Font Info:    No math alphabet change to frozen version normal on input l
ine 361.
LaTeX Font Info:    No math alphabet change to frozen version normal on input l
ine 362.
LaTeX Font Info:    No math alphabet change to frozen version normal on input l
ine 362.
LaTeX Font Info:    No math alphabet change to frozen version normal on input l
ine 362.
 [7]
<pdf/u-shaped.pdf, id=464, 114.32813pt x 75.23106pt>
File: pdf/u-shaped.pdf Graphic file (type pdf)
<use pdf/u-shaped.pdf>
Package pdftex.def Info: pdf/u-shaped.pdf  used on input line 373.
(pdftex.def)             Requested size: 134.91821pt x 88.77592pt.
<pdf/doubledescent.pdf, id=465, 203.12387pt x 75.23106pt>
File: pdf/doubledescent.pdf Graphic file (type pdf)
<use pdf/doubledescent.pdf>
Package pdftex.def Info: pdf/doubledescent.pdf  used on input line 374.
(pdftex.def)             Requested size: 239.70578pt x 88.77592pt.
LaTeX Font Info:    No math alphabet change to frozen version normal on input l
ine 376.
LaTeX Font Info:    Font shape `T1/SourceSansPro-TLF/m/n' aliased to
(Font)              `T1/SourceSansPro-TLF/regular/n' on input line 380.
LaTeX Font Info:    Font shape `T1/SourceSansPro-TLF/regular/n' will be
(Font)              scaled to size 9.0pt on input line 380.
LaTeX Font Info:    Font shape `T1/SourceSansPro-TLF/m/it' aliased to
(Font)              `T1/SourceSansPro-TLF/regular/it' on input line 380.
LaTeX Font Info:    Font shape `T1/SourceSansPro-TLF/regular/it' will be
(Font)              scaled to size 9.0pt on input line 380.
LaTeX Font Info:    No math alphabet change to frozen version normal on input l
ine 384.
LaTeX Font Info:    No math alphabet change to frozen version normal on input l
ine 389.
LaTeX Font Info:    No math alphabet change to frozen version normal on input l
ine 389.

pdfTeX warning (ext4): destination with the same identifier (name{definition.1}
) has been already used, duplicate ignored
<to be read again> 
                   \relax 
l.394     A
           ssuming a typical supervised learning setting, for a hypothesis $...
LaTeX Font Info:    No math alphabet change to frozen version normal on input l
ine 394.
LaTeX Font Info:    No math alphabet change to frozen version normal on input l
ine 394.
LaTeX Font Info:    No math alphabet change to frozen version normal on input l
ine 394.
LaTeX Font Info:    No math alphabet change to frozen version normal on input l
ine 394.
LaTeX Font Info:    No math alphabet change to frozen version normal on input l
ine 394.
LaTeX Font Info:    No math alphabet change to frozen version normal on input l
ine 394.
LaTeX Font Info:    No math alphabet change to frozen version normal on input l
ine 394.
LaTeX Font Info:    No math alphabet change to frozen version normal on input l
ine 394.
LaTeX Font Info:    No math alphabet change to frozen version normal on input l
ine 394.
LaTeX Font Info:    No math alphabet change to frozen version normal on input l
ine 394.
LaTeX Font Info:    No math alphabet change to frozen version normal on input l
ine 394.
LaTeX Font Info:    No math alphabet change to frozen version normal on input l
ine 394.
LaTeX Font Info:    No math alphabet change to frozen version normal on input l
ine 394.
LaTeX Font Info:    No math alphabet change to frozen version normal on input l
ine 394.
LaTeX Font Info:    No math alphabet change to frozen version normal on input l
ine 394.
LaTeX Font Info:    No math alphabet change to frozen version normal on input l
ine 394.
LaTeX Font Info:    No math alphabet change to frozen version normal on input l
ine 394.
LaTeX Font Info:    No math alphabet change to frozen version normal on input l
ine 394.
LaTeX Font Info:    No math alphabet change to frozen version normal on input l
ine 394.
LaTeX Font Info:    No math alphabet change to frozen version normal on input l
ine 397.
LaTeX Font Info:    No math alphabet change to frozen version normal on input l
ine 403.
LaTeX Font Info:    No math alphabet change to frozen version normal on input l
ine 403.
LaTeX Font Info:    No math alphabet change to frozen version normal on input l
ine 403.
LaTeX Font Info:    No math alphabet change to frozen version normal on input l
ine 403.
LaTeX Font Info:    No math alphabet change to frozen version normal on input l
ine 403.

pdfTeX warning (ext4): destination with the same identifier (name{definition.2}
) has been already used, duplicate ignored
<to be read again> 
                   \relax 
l.407 T
       he \emph{Effective Model Complexity} (EMC) of a training procedure $\...
LaTeX Font Info:    No math alphabet change to frozen version normal on input l
ine 407.
LaTeX Font Info:    No math alphabet change to frozen version normal on input l
ine 407.
LaTeX Font Info:    No math alphabet change to frozen version normal on input l
ine 407.
LaTeX Font Info:    Nested math: keeping math alphabet allocation in version no
rmal on input line 412.
LaTeX Font Info:    Nested math: keeping math alphabet allocation in version no
rmal on input line 412.
LaTeX Font Info:    Nested math: keeping math alphabet allocation in version no
rmal on input line 412.
LaTeX Font Info:    Nested math: keeping math alphabet allocation in version no
rmal on input line 412.
LaTeX Font Info:    Nested math: keeping math alphabet allocation in version no
rmal on input line 412.
LaTeX Font Info:    No math alphabet change to frozen version normal on input l
ine 412.
LaTeX Font Info:    No math alphabet change to frozen version normal on input l
ine 413.
LaTeX Font Info:    No math alphabet change to frozen version normal on input l
ine 413.
LaTeX Font Info:    No math alphabet change to frozen version normal on input l
ine 413.
Package hyperref Info: bookmark level for unknown hypothesis defaults to 0 on i
nput line 418.
LaTeX Font Info:    No math alphabet change to frozen version normal on input l
ine 419.
LaTeX Font Info:    No math alphabet change to frozen version normal on input l
ine 419.
LaTeX Font Info:    No math alphabet change to frozen version normal on input l
ine 419.
LaTeX Font Info:    No math alphabet change to frozen version normal on input l
ine 420.
LaTeX Font Info:    No math alphabet change to frozen version normal on input l
ine 420.
LaTeX Font Info:    No math alphabet change to frozen version normal on input l
ine 422.
LaTeX Font Info:    No math alphabet change to frozen version normal on input l
ine 422.
LaTeX Font Info:    No math alphabet change to frozen version normal on input l
ine 422.
LaTeX Font Info:    No math alphabet change to frozen version normal on input l
ine 423.
LaTeX Font Info:    No math alphabet change to frozen version normal on input l
ine 423.
LaTeX Font Info:    No math alphabet change to frozen version normal on input l
ine 424.
LaTeX Font Info:    No math alphabet change to frozen version normal on input l
ine 426.
LaTeX Font Info:    No math alphabet change to frozen version normal on input l
ine 427.
[8]
LaTeX Font Info:    No math alphabet change to frozen version normal on input l
ine 444.

Underfull \vbox (badness 1708) has occurred while \output is active []


Overfull \hbox (4.44319pt too wide) in paragraph at lines 446--447
[]\T1/fbb-TLF/m/n/10 (-20) Common ap-proaches of-ten equate the ``learn-ing rat
e'' in Stochas-
 []

LaTeX Font Info:    Nested math: keeping math alphabet allocation in version no
rmal on input line 449.
LaTeX Font Info:    Nested math: keeping math alphabet allocation in version no
rmal on input line 449.
LaTeX Font Info:    Nested math: keeping math alphabet allocation in version no
rmal on input line 449.
LaTeX Font Info:    Nested math: keeping math alphabet allocation in version no
rmal on input line 449.
LaTeX Font Info:    No math alphabet change to frozen version normal on input l
ine 451.
LaTeX Font Info:    No math alphabet change to frozen version normal on input l
ine 451.
LaTeX Font Info:    No math alphabet change to frozen version normal on input l
ine 452.
LaTeX Font Info:    No math alphabet change to frozen version normal on input l
ine 452.
LaTeX Font Info:    No math alphabet change to frozen version normal on input l
ine 452.
LaTeX Font Info:    Nested math: keeping math alphabet allocation in version no
rmal on input line 453.
LaTeX Font Info:    Nested math: keeping math alphabet allocation in version no
rmal on input line 453.
LaTeX Font Info:    Nested math: keeping math alphabet allocation in version no
rmal on input line 453.
LaTeX Font Info:    Nested math: keeping math alphabet allocation in version no
rmal on input line 453.
LaTeX Font Info:    No math alphabet change to frozen version normal on input l
ine 455.
LaTeX Font Info:    No math alphabet change to frozen version normal on input l
ine 455.
LaTeX Font Info:    No math alphabet change to frozen version normal on input l
ine 456.
LaTeX Font Info:    Nested math: keeping math alphabet allocation in version no
rmal on input line 457.
LaTeX Font Info:    Nested math: keeping math alphabet allocation in version no
rmal on input line 457.
LaTeX Font Info:    Nested math: keeping math alphabet allocation in version no
rmal on input line 457.
LaTeX Font Info:    Nested math: keeping math alphabet allocation in version no
rmal on input line 457.
LaTeX Font Info:    No math alphabet change to frozen version normal on input l
ine 459.
LaTeX Font Info:    No math alphabet change to frozen version normal on input l
ine 459.
[9 <./pdf/u-shaped.pdf> <./pdf/doubledescent.pdf>]
LaTeX Font Info:    Trying to load font information for TS1+fbb-TLF on input li
ne 470.

(c:/texlive/2025/texmf-dist/tex/latex/fbb/TS1fbb-TLF.fd
File: TS1fbb-TLF.fd 2015/08/23 (autoinst) Font definitions for TS1/fbb-TLF.
)
LaTeX Font Info:    Font shape `TS1/fbb-TLF/m/n' will be
(Font)              scaled to size 9.70001pt on input line 470.
Package microtype Info: Loading generic protrusion settings for font family
(microtype)             `fbb-TLF' (encoding: TS1).
(microtype)             For optimal results, create family-specific settings.
(microtype)             See the microtype manual for details.
LaTeX Font Info:    No math alphabet change to frozen version normal on input l
ine 470.
LaTeX Font Info:    No math alphabet change to frozen version normal on input l
ine 471.
LaTeX Font Info:    No math alphabet change to frozen version normal on input l
ine 472.
LaTeX Font Info:    No math alphabet change to frozen version normal on input l
ine 472.
LaTeX Font Info:    Nested math: keeping math alphabet allocation in version no
rmal on input line 476.
LaTeX Font Info:    Nested math: keeping math alphabet allocation in version no
rmal on input line 476.
LaTeX Font Info:    Nested math: keeping math alphabet allocation in version no
rmal on input line 476.
LaTeX Font Info:    Nested math: keeping math alphabet allocation in version no
rmal on input line 476.
LaTeX Font Info:    No math alphabet change to frozen version normal on input l
ine 478.
LaTeX Font Info:    No math alphabet change to frozen version normal on input l
ine 478.
LaTeX Font Info:    No math alphabet change to frozen version normal on input l
ine 479.
LaTeX Font Info:    No math alphabet change to frozen version normal on input l
ine 479.

pdfTeX warning (ext4): destination with the same identifier (name{assumption.1}
) has been already used, duplicate ignored
<to be read again> 
                   \relax 
l.486 T
       he system reaches a stationary distribution $\rho^*(W)$ independent o...
LaTeX Font Info:    No math alphabet change to frozen version normal on input l
ine 486.
LaTeX Font Info:    Nested math: keeping math alphabet allocation in version no
rmal on input line 505.
LaTeX Font Info:    Nested math: keeping math alphabet allocation in version no
rmal on input line 505.
LaTeX Font Info:    Nested math: keeping math alphabet allocation in version no
rmal on input line 505.
LaTeX Font Info:    Nested math: keeping math alphabet allocation in version no
rmal on input line 505.
LaTeX Font Info:    Nested math: keeping math alphabet allocation in version no
rmal on input line 506.
LaTeX Font Info:    No math alphabet change to frozen version normal on input l
ine 507.
LaTeX Font Info:    No math alphabet change to frozen version normal on input l
ine 507.
LaTeX Font Info:    No math alphabet change to frozen version normal on input l
ine 508.
LaTeX Font Info:    No math alphabet change to frozen version normal on input l
ine 508.
LaTeX Font Info:    No math alphabet change to frozen version normal on input l
ine 508.
LaTeX Font Info:    No math alphabet change to frozen version normal on input l
ine 512.
LaTeX Font Info:    Nested math: keeping math alphabet allocation in version no
rmal on input line 513.
LaTeX Font Info:    Nested math: keeping math alphabet allocation in version no
rmal on input line 513.
LaTeX Font Info:    Nested math: keeping math alphabet allocation in version no
rmal on input line 513.
LaTeX Font Info:    Nested math: keeping math alphabet allocation in version no
rmal on input line 513.
LaTeX Font Info:    Nested math: keeping math alphabet allocation in version no
rmal on input line 514.
LaTeX Font Info:    Nested math: keeping math alphabet allocation in version no
rmal on input line 514.
LaTeX Font Info:    No math alphabet change to frozen version normal on input l
ine 515.
LaTeX Font Info:    No math alphabet change to frozen version normal on input l
ine 515.
LaTeX Font Info:    No math alphabet change to frozen version normal on input l
ine 516.
LaTeX Font Info:    Nested math: keeping math alphabet allocation in version no
rmal on input line 517.
LaTeX Font Info:    Nested math: keeping math alphabet allocation in version no
rmal on input line 517.
LaTeX Font Info:    Nested math: keeping math alphabet allocation in version no
rmal on input line 517.
LaTeX Font Info:    Nested math: keeping math alphabet allocation in version no
rmal on input line 517.
LaTeX Font Info:    Nested math: keeping math alphabet allocation in version no
rmal on input line 518.
LaTeX Font Info:    No math alphabet change to frozen version normal on input l
ine 519.
LaTeX Font Info:    No math alphabet change to frozen version normal on input l
ine 519.
LaTeX Font Info:    No math alphabet change to frozen version normal on input l
ine 532.

Overfull \hbox (7.80095pt too wide) in paragraph at lines 532--533
[]\T1/fbb-TLF/m/n/10 (-20) Dominated by sim-
 []

LaTeX Font Info:    No math alphabet change to frozen version normal on input l
ine 534.
LaTeX Font Info:    No math alphabet change to frozen version normal on input l
ine 534.
LaTeX Font Info:    Nested math: keeping math alphabet allocation in version no
rmal on input line 535.
LaTeX Font Info:    Nested math: keeping math alphabet allocation in version no
rmal on input line 535.
LaTeX Font Info:    Nested math: keeping math alphabet allocation in version no
rmal on input line 535.
LaTeX Font Info:    Nested math: keeping math alphabet allocation in version no
rmal on input line 535.
LaTeX Font Info:    Nested math: keeping math alphabet allocation in version no
rmal on input line 536.
LaTeX Font Info:    No math alphabet change to frozen version normal on input l
ine 537.
LaTeX Font Info:    No math alphabet change to frozen version normal on input l
ine 537.
LaTeX Font Info:    No math alphabet change to frozen version normal on input l
ine 539.

Overfull \hbox (7.66928pt too wide) in paragraph at lines 539--540
[]\T1/fbb-TLF/m/n/10 (-20) The sys-tem be-comes
 []

[10{c:/texlive/2025/texmf-dist/fonts/enc/dvips/fbb/fbb_dejuay.enc}]
pdfTeX warning (ext4): destination with the same identifier (name{hypothesis.1}
) has been already used, duplicate ignored
<to be read again> 
                   \relax 
l.545 D
       ouble Descent is the result of the SGD algorithm navigating through p...
LaTeX Font Info:    No math alphabet change to frozen version normal on input l
ine 547.

Overfull \hbox (11.56607pt too wide) in paragraph at lines 554--554
[]\T1/SourceSansPro-TLF/semibold/n/10 (-20) Reformulation: Non-Equilibrium Sta-
tis-ti-cal Physics Frame-
 []

LaTeX Font Info:    No math alphabet change to frozen version normal on input l
ine 556.
LaTeX Font Info:    Nested math: keeping math alphabet allocation in version no
rmal on input line 561.
LaTeX Font Info:    Nested math: keeping math alphabet allocation in version no
rmal on input line 561.
LaTeX Font Info:    Nested math: keeping math alphabet allocation in version no
rmal on input line 561.
LaTeX Font Info:    Nested math: keeping math alphabet allocation in version no
rmal on input line 561.
LaTeX Font Info:    No math alphabet change to frozen version normal on input l
ine 563.
LaTeX Font Info:    No math alphabet change to frozen version normal on input l
ine 563.
LaTeX Font Info:    No math alphabet change to frozen version normal on input l
ine 565.
LaTeX Font Info:    Nested math: keeping math alphabet allocation in version no
rmal on input line 566.
LaTeX Font Info:    Nested math: keeping math alphabet allocation in version no
rmal on input line 566.
LaTeX Font Info:    Nested math: keeping math alphabet allocation in version no
rmal on input line 566.
LaTeX Font Info:    Nested math: keeping math alphabet allocation in version no
rmal on input line 566.
LaTeX Font Info:    No math alphabet change to frozen version normal on input l
ine 568.
LaTeX Font Info:    No math alphabet change to frozen version normal on input l
ine 568.
LaTeX Font Info:    No math alphabet change to frozen version normal on input l
ine 569.
LaTeX Font Info:    No math alphabet change to frozen version normal on input l
ine 569.
LaTeX Font Info:    No math alphabet change to frozen version normal on input l
ine 569.
LaTeX Font Info:    Nested math: keeping math alphabet allocation in version no
rmal on input line 574.
LaTeX Font Info:    Nested math: keeping math alphabet allocation in version no
rmal on input line 574.
LaTeX Font Info:    Nested math: keeping math alphabet allocation in version no
rmal on input line 574.
LaTeX Font Info:    Nested math: keeping math alphabet allocation in version no
rmal on input line 574.
LaTeX Font Info:    Nested math: keeping math alphabet allocation in version no
rmal on input line 575.
LaTeX Font Info:    No math alphabet change to frozen version normal on input l
ine 576.
LaTeX Font Info:    No math alphabet change to frozen version normal on input l
ine 576.
LaTeX Font Info:    No math alphabet change to frozen version normal on input l
ine 580.

Overfull \hbox (21.11183pt too wide) in paragraph at lines 580--581
[]\T1/fbb-TLF/b/n/10 (-20) In Sharp Min-ima \T1/fbb-TLF/m/n/10 (-20) (as-so-ci-
ated with the in-ter-po-la-tion peak/jamming):
 []

LaTeX Font Info:    No math alphabet change to frozen version normal on input l
ine 582.
LaTeX Font Info:    No math alphabet change to frozen version normal on input l
ine 589.
LaTeX Font Info:    No math alphabet change to frozen version normal on input l
ine 590.
LaTeX Font Info:    Font shape `T1/SourceSansPro-TLF/sb/n' aliased to
(Font)              `T1/SourceSansPro-TLF/semibold/n' on input line 615.
LaTeX Font Info:    Font shape `T1/SourceSansPro-TLF/semibold/n' will be
(Font)              scaled to size 7.0pt on input line 615.
LaTeX Font Info:    Font shape `T1/fbb-TLF/m/it' will be
(Font)              scaled to size 6.79001pt on input line 616.
LaTeX Font Info:    No math alphabet change to frozen version normal on input l
ine 616.
LaTeX Font Info:    No math alphabet change to frozen version normal on input l
ine 617.

Overfull \hbox (32.02544pt too wide) in paragraph at lines 619--620
 [][] 
 []

LaTeX Font Info:    No math alphabet change to frozen version normal on input l
ine 636.
LaTeX Font Info:    Nested math: keeping math alphabet allocation in version no
rmal on input line 637.
LaTeX Font Info:    Nested math: keeping math alphabet allocation in version no
rmal on input line 637.
LaTeX Font Info:    Nested math: keeping math alphabet allocation in version no
rmal on input line 637.
LaTeX Font Info:    Nested math: keeping math alphabet allocation in version no
rmal on input line 637.
LaTeX Font Info:    Nested math: keeping math alphabet allocation in version no
rmal on input line 638.
LaTeX Font Info:    Nested math: keeping math alphabet allocation in version no
rmal on input line 638.
LaTeX Font Info:    No math alphabet change to frozen version normal on input l
ine 639.
LaTeX Font Info:    No math alphabet change to frozen version normal on input l
ine 639.
LaTeX Font Info:    No math alphabet change to frozen version normal on input l
ine 640.
LaTeX Font Info:    No math alphabet change to frozen version normal on input l
ine 640.
[11]
LaTeX Font Info:    No math alphabet change to frozen version normal on input l
ine 647.
LaTeX Font Info:    No math alphabet change to frozen version normal on input l
ine 649.
LaTeX Font Info:    No math alphabet change to frozen version normal on input l
ine 664.
LaTeX Font Info:    No math alphabet change to frozen version normal on input l
ine 664.
LaTeX Font Info:    No math alphabet change to frozen version normal on input l
ine 664.
LaTeX Font Info:    No math alphabet change to frozen version normal on input l
ine 664.
LaTeX Font Info:    Nested math: keeping math alphabet allocation in version no
rmal on input line 665.
LaTeX Font Info:    Nested math: keeping math alphabet allocation in version no
rmal on input line 665.
LaTeX Font Info:    Nested math: keeping math alphabet allocation in version no
rmal on input line 665.
LaTeX Font Info:    Nested math: keeping math alphabet allocation in version no
rmal on input line 665.
LaTeX Font Info:    No math alphabet change to frozen version normal on input l
ine 667.
LaTeX Font Info:    No math alphabet change to frozen version normal on input l
ine 667.
LaTeX Font Info:    No math alphabet change to frozen version normal on input l
ine 668.
LaTeX Font Info:    No math alphabet change to frozen version normal on input l
ine 670.
LaTeX Font Info:    No math alphabet change to frozen version normal on input l
ine 670.
LaTeX Font Info:    No math alphabet change to frozen version normal on input l
ine 670.
LaTeX Font Info:    No math alphabet change to frozen version normal on input l
ine 670.
LaTeX Font Info:    No math alphabet change to frozen version normal on input l
ine 670.
LaTeX Font Info:    No math alphabet change to frozen version normal on input l
ine 670.
LaTeX Font Info:    No math alphabet change to frozen version normal on input l
ine 670.
LaTeX Font Info:    No math alphabet change to frozen version normal on input l
ine 672.
LaTeX Font Info:    No math alphabet change to frozen version normal on input l
ine 674.

Overfull \hbox (3.78233pt too wide) in paragraph at lines 674--675
[]$\U/zeur/m/n/10  \OMS/cmsy/m/n/10 ^^\ \T1/fbb-TLF/m/n/10 (-20) 1$: Under-par
ameterized regime. Clas-si-cal bias-dominated
 []

LaTeX Font Info:    No math alphabet change to frozen version normal on input l
ine 675.
LaTeX Font Info:    No math alphabet change to frozen version normal on input l
ine 676.
LaTeX Font Info:    No math alphabet change to frozen version normal on input l
ine 685.
LaTeX Font Info:    Nested math: keeping math alphabet allocation in version no
rmal on input line 685.
LaTeX Font Info:    No math alphabet change to frozen version normal on input l
ine 685.
LaTeX Font Info:    Nested math: keeping math alphabet allocation in version no
rmal on input line 686.
LaTeX Font Info:    Nested math: keeping math alphabet allocation in version no
rmal on input line 686.
LaTeX Font Info:    Nested math: keeping math alphabet allocation in version no
rmal on input line 686.
LaTeX Font Info:    Nested math: keeping math alphabet allocation in version no
rmal on input line 686.
LaTeX Font Info:    No math alphabet change to frozen version normal on input l
ine 688.
LaTeX Font Info:    No math alphabet change to frozen version normal on input l
ine 688.
LaTeX Font Info:    No math alphabet change to frozen version normal on input l
ine 689.

pdfTeX warning (ext4): destination with the same identifier (name{hypothesis.1}
) has been already used, duplicate ignored
<to be read again> 
                   \relax 
l.692 T
       he Hessian trace, measured at the end of training, exhibits a pronoun...
LaTeX Font Info:    Nested math: keeping math alphabet allocation in version no
rmal on input line 693.
LaTeX Font Info:    Nested math: keeping math alphabet allocation in version no
rmal on input line 693.
LaTeX Font Info:    Nested math: keeping math alphabet allocation in version no
rmal on input line 693.
LaTeX Font Info:    Nested math: keeping math alphabet allocation in version no
rmal on input line 693.
LaTeX Font Info:    Nested math: keeping math alphabet allocation in version no
rmal on input line 694.
LaTeX Font Info:    No math alphabet change to frozen version normal on input l
ine 695.
LaTeX Font Info:    No math alphabet change to frozen version normal on input l
ine 695.
LaTeX Font Info:    Nested math: keeping math alphabet allocation in version no
rmal on input line 697.
LaTeX Font Info:    Nested math: keeping math alphabet allocation in version no
rmal on input line 697.
LaTeX Font Info:    Nested math: keeping math alphabet allocation in version no
rmal on input line 697.
LaTeX Font Info:    Nested math: keeping math alphabet allocation in version no
rmal on input line 697.
LaTeX Font Info:    Nested math: keeping math alphabet allocation in version no
rmal on input line 698.
LaTeX Font Info:    No math alphabet change to frozen version normal on input l
ine 699.
LaTeX Font Info:    No math alphabet change to frozen version normal on input l
ine 699.
LaTeX Font Info:    No math alphabet change to frozen version normal on input l
ine 705.
LaTeX Font Info:    No math alphabet change to frozen version normal on input l
ine 705.
LaTeX Font Info:    Nested math: keeping math alphabet allocation in version no
rmal on input line 706.
LaTeX Font Info:    Nested math: keeping math alphabet allocation in version no
rmal on input line 706.
LaTeX Font Info:    Nested math: keeping math alphabet allocation in version no
rmal on input line 706.
LaTeX Font Info:    Nested math: keeping math alphabet allocation in version no
rmal on input line 706.
LaTeX Font Info:    No math alphabet change to frozen version normal on input l
ine 708.
LaTeX Font Info:    No math alphabet change to frozen version normal on input l
ine 708.
LaTeX Font Info:    No math alphabet change to frozen version normal on input l
ine 709.
LaTeX Font Info:    No math alphabet change to frozen version normal on input l
ine 709.
LaTeX Font Info:    No math alphabet change to frozen version normal on input l
ine 709.
LaTeX Font Info:    No math alphabet change to frozen version normal on input l
ine 712.
LaTeX Font Info:    Nested math: keeping math alphabet allocation in version no
rmal on input line 713.
LaTeX Font Info:    Nested math: keeping math alphabet allocation in version no
rmal on input line 713.
LaTeX Font Info:    Nested math: keeping math alphabet allocation in version no
rmal on input line 713.
LaTeX Font Info:    Nested math: keeping math alphabet allocation in version no
rmal on input line 713.
LaTeX Font Info:    Nested math: keeping math alphabet allocation in version no
rmal on input line 714.
LaTeX Font Info:    No math alphabet change to frozen version normal on input l
ine 715.
LaTeX Font Info:    No math alphabet change to frozen version normal on input l
ine 715.
[12]
LaTeX Font Info:    No math alphabet change to frozen version normal on input l
ine 721.
LaTeX Font Info:    No math alphabet change to frozen version normal on input l
ine 721.
LaTeX Font Info:    No math alphabet change to frozen version normal on input l
ine 721.
LaTeX Font Info:    No math alphabet change to frozen version normal on input l
ine 724.
LaTeX Font Info:    No math alphabet change to frozen version normal on input l
ine 726.
LaTeX Font Info:    No math alphabet change to frozen version normal on input l
ine 727.
LaTeX Font Info:    No math alphabet change to frozen version normal on input l
ine 729.
LaTeX Font Info:    No math alphabet change to frozen version normal on input l
ine 731.
LaTeX Font Info:    No math alphabet change to frozen version normal on input l
ine 743.
LaTeX Font Info:    No math alphabet change to frozen version normal on input l
ine 743.
LaTeX Font Info:    No math alphabet change to frozen version normal on input l
ine 743.
LaTeX Font Info:    No math alphabet change to frozen version normal on input l
ine 743.
LaTeX Font Info:    Nested math: keeping math alphabet allocation in version no
rmal on input line 744.
LaTeX Font Info:    No math alphabet change to frozen version normal on input l
ine 744.
LaTeX Font Info:    No math alphabet change to frozen version normal on input l
ine 744.
LaTeX Font Info:    No math alphabet change to frozen version normal on input l
ine 744.
LaTeX Font Info:    No math alphabet change to frozen version normal on input l
ine 744.
LaTeX Font Info:    No math alphabet change to frozen version normal on input l
ine 757.
LaTeX Font Info:    No math alphabet change to frozen version normal on input l
ine 757.
LaTeX Font Info:    No math alphabet change to frozen version normal on input l
ine 757.
Package microtype Info: Loading generic protrusion settings for font family
(microtype)             `cmtt' (encoding: T1).
(microtype)             For optimal results, create family-specific settings.
(microtype)             See the microtype manual for details.
LaTeX Font Info:    Nested math: keeping math alphabet allocation in version no
rmal on input line 757.
LaTeX Font Info:    No math alphabet change to frozen version normal on input l
ine 757.
LaTeX Font Info:    No math alphabet change to frozen version normal on input l
ine 757.
LaTeX Font Info:    No math alphabet change to frozen version normal on input l
ine 757.
LaTeX Font Info:    No math alphabet change to frozen version normal on input l
ine 757.
LaTeX Font Info:    No math alphabet change to frozen version normal on input l
ine 757.
LaTeX Font Info:    No math alphabet change to frozen version normal on input l
ine 757.
LaTeX Font Info:    Nested math: keeping math alphabet allocation in version no
rmal on input line 762.
LaTeX Font Info:    No math alphabet change to frozen version normal on input l
ine 762.
LaTeX Font Info:    No math alphabet change to frozen version normal on input l
ine 763.
LaTeX Font Info:    No math alphabet change to frozen version normal on input l
ine 763.
LaTeX Font Info:    No math alphabet change to frozen version normal on input l
ine 763.
LaTeX Font Info:    No math alphabet change to frozen version normal on input l
ine 764.
LaTeX Font Info:    No math alphabet change to frozen version normal on input l
ine 764.
LaTeX Font Info:    No math alphabet change to frozen version normal on input l
ine 765.
LaTeX Font Info:    Nested math: keeping math alphabet allocation in version no
rmal on input line 773.
LaTeX Font Info:    Nested math: keeping math alphabet allocation in version no
rmal on input line 773.
LaTeX Font Info:    Nested math: keeping math alphabet allocation in version no
rmal on input line 773.
LaTeX Font Info:    Nested math: keeping math alphabet allocation in version no
rmal on input line 773.
LaTeX Font Info:    Nested math: keeping math alphabet allocation in version no
rmal on input line 774.
LaTeX Font Info:    Nested math: keeping math alphabet allocation in version no
rmal on input line 774.
LaTeX Font Info:    No math alphabet change to frozen version normal on input l
ine 775.
LaTeX Font Info:    No math alphabet change to frozen version normal on input l
ine 775.
LaTeX Font Info:    No math alphabet change to frozen version normal on input l
ine 776.
LaTeX Font Info:    Nested math: keeping math alphabet allocation in version no
rmal on input line 780.
LaTeX Font Info:    No math alphabet change to frozen version normal on input l
ine 780.
LaTeX Font Info:    No math alphabet change to frozen version normal on input l
ine 781.
LaTeX Font Info:    No math alphabet change to frozen version normal on input l
ine 781.
 [13{c:/texlive/2025/texmf-dist/fonts/enc/dvips/cm-super/cm-super-t1.enc}]
LaTeX Font Info:    No math alphabet change to frozen version normal on input l
ine 795.
LaTeX Font Info:    No math alphabet change to frozen version normal on input l
ine 797.
LaTeX Font Info:    No math alphabet change to frozen version normal on input l
ine 797.

Overfull \hbox (6.08191pt too wide) in paragraph at lines 807--808
[]\T1/fbb-TLF/b/n/10 (-20) The Play (Dy-nam-ics): \T1/fbb-TLF/m/n/10 (-20) The 
tra-jec-tory of the op-ti-mizer through
 []


Overfull \hbox (2.69238pt too wide) in paragraph at lines 824--825
\T1/fbb-TLF/m/n/10 (-20) may in-duce loss land-scapes where the Jammed phase is
 \T1/fbb-TLF/m/it/10 (-20) metastable
 []


Overfull \hbox (11.55833pt too wide) in paragraph at lines 824--825
\T1/fbb-TLF/m/n/10 (-20) (zero train-ing loss) but re-mains trapped in sharp, n
on-generalizing
 []

LaTeX Font Info:    No math alphabet change to frozen version normal on input l
ine 837.
LaTeX Font Info:    Nested math: keeping math alphabet allocation in version no
rmal on input line 837.
LaTeX Font Info:    No math alphabet change to frozen version normal on input l
ine 837.
LaTeX Font Info:    Nested math: keeping math alphabet allocation in version no
rmal on input line 839.
LaTeX Font Info:    No math alphabet change to frozen version normal on input l
ine 839.
[14]
Overfull \hbox (0.6852pt too wide) in paragraph at lines 860--861
\T1/fbb-TLF/m/n/10 (-20) Double De-scent is not merely a cu-rios-ity of over-pa
rameterized
 []

[15

] [16

]
LaTeX Font Info:    No math alphabet change to frozen version normal on input l
ine 904.
LaTeX Font Info:    No math alphabet change to frozen version normal on input l
ine 904.
LaTeX Font Info:    No math alphabet change to frozen version normal on input l
ine 904.
LaTeX Font Info:    No math alphabet change to frozen version normal on input l
ine 904.
LaTeX Font Info:    No math alphabet change to frozen version normal on input l
ine 904.
LaTeX Font Info:    No math alphabet change to frozen version normal on input l
ine 904.
LaTeX Font Info:    No math alphabet change to frozen version normal on input l
ine 904.

Overfull \hbox (21.1663pt too wide) in paragraph at lines 905--905
\T1/fbb-TLF/m/n/8 (-20) chan-ics of com-plex neu-ral sys-tems and high di-men-s
ional data. ArXiv:1301.7115,
 []

LaTeX Font Info:    No math alphabet change to frozen version normal on input l
ine 904.
LaTeX Font Info:    No math alphabet change to frozen version normal on input l
ine 904.
LaTeX Font Info:    No math alphabet change to frozen version normal on input l
ine 904.
LaTeX Font Info:    No math alphabet change to frozen version normal on input l
ine 904.
LaTeX Font Info:    No math alphabet change to frozen version normal on input l
ine 904.
LaTeX Font Info:    No math alphabet change to frozen version normal on input l
ine 904.
LaTeX Font Info:    No math alphabet change to frozen version normal on input l
ine 904.
LaTeX Font Info:    No math alphabet change to frozen version normal on input l
ine 904.
LaTeX Font Info:    No math alphabet change to frozen version normal on input l
ine 904.
LaTeX Font Info:    No math alphabet change to frozen version normal on input l
ine 904.
LaTeX Font Info:    No math alphabet change to frozen version normal on input l
ine 904.
LaTeX Font Info:    No math alphabet change to frozen version normal on input l
ine 904.
LaTeX Font Info:    No math alphabet change to frozen version normal on input l
ine 904.
LaTeX Font Info:    No math alphabet change to frozen version normal on input l
ine 904.
LaTeX Font Info:    No math alphabet change to frozen version normal on input l
ine 904.
LaTeX Font Info:    No math alphabet change to frozen version normal on input l
ine 904.
LaTeX Font Info:    Font shape `T1/fbb-TLF/m/sc' will be
(Font)              scaled to size 7.76001pt on input line 904.
LaTeX Font Info:    No math alphabet change to frozen version normal on input l
ine 904.
LaTeX Font Info:    No math alphabet change to frozen version normal on input l
ine 904.
LaTeX Font Info:    No math alphabet change to frozen version normal on input l
ine 904.
LaTeX Font Info:    No math alphabet change to frozen version normal on input l
ine 904.
LaTeX Font Info:    No math alphabet change to frozen version normal on input l
ine 904.
LaTeX Font Info:    No math alphabet change to frozen version normal on input l
ine 904.
LaTeX Font Info:    No math alphabet change to frozen version normal on input l
ine 904.
LaTeX Font Info:    No math alphabet change to frozen version normal on input l
ine 904.

Overfull \hbox (4.89674pt too wide) in paragraph at lines 905--905
\T1/fbb-TLF/m/it/8 (-20) learn-ing we need to un-der-stand ker-nel learn-ing. \
T1/fbb-TLF/m/n/8 (-20) arXiv: []$1 8 0 2  . 0 1 3 9 6 $ \T1/cmtt/m/n/8 [stat.ML
][]\T1/fbb-TLF/m/n/8 (-20) .
 []

LaTeX Font Info:    No math alphabet change to frozen version normal on input l
ine 904.
LaTeX Font Info:    No math alphabet change to frozen version normal on input l
ine 904.
LaTeX Font Info:    No math alphabet change to frozen version normal on input l
ine 904.
LaTeX Font Info:    No math alphabet change to frozen version normal on input l
ine 904.
LaTeX Font Info:    No math alphabet change to frozen version normal on input l
ine 904.
LaTeX Font Info:    No math alphabet change to frozen version normal on input l
ine 904.
LaTeX Font Info:    No math alphabet change to frozen version normal on input l
ine 904.
LaTeX Font Info:    No math alphabet change to frozen version normal on input l
ine 904.
LaTeX Font Info:    No math alphabet change to frozen version normal on input l
ine 904.
LaTeX Font Info:    No math alphabet change to frozen version normal on input l
ine 904.
LaTeX Font Info:    No math alphabet change to frozen version normal on input l
ine 904.
LaTeX Font Info:    No math alphabet change to frozen version normal on input l
ine 904.
LaTeX Font Info:    No math alphabet change to frozen version normal on input l
ine 904.
LaTeX Font Info:    No math alphabet change to frozen version normal on input l
ine 904.
LaTeX Font Info:    No math alphabet change to frozen version normal on input l
ine 904.
LaTeX Font Info:    No math alphabet change to frozen version normal on input l
ine 904.
[17


{c:/texlive/2025/texmf-dist/fonts/enc/dvips/fbb/fbb_oiqgfb.enc}]
LaTeX Font Info:    No math alphabet change to frozen version normal on input l
ine 904.
LaTeX Font Info:    No math alphabet change to frozen version normal on input l
ine 904.
LaTeX Font Info:    No math alphabet change to frozen version normal on input l
ine 904.
LaTeX Font Info:    No math alphabet change to frozen version normal on input l
ine 904.
LaTeX Font Info:    No math alphabet change to frozen version normal on input l
ine 904.
LaTeX Font Info:    No math alphabet change to frozen version normal on input l
ine 904.
LaTeX Font Info:    No math alphabet change to frozen version normal on input l
ine 904.
LaTeX Font Info:    No math alphabet change to frozen version normal on input l
ine 904.
LaTeX Font Info:    No math alphabet change to frozen version normal on input l
ine 904.
LaTeX Font Info:    No math alphabet change to frozen version normal on input l
ine 904.
LaTeX Font Info:    No math alphabet change to frozen version normal on input l
ine 904.
LaTeX Font Info:    No math alphabet change to frozen version normal on input l
ine 904.
LaTeX Font Info:    No math alphabet change to frozen version normal on input l
ine 904.
LaTeX Font Info:    No math alphabet change to frozen version normal on input l
ine 904.
LaTeX Font Info:    No math alphabet change to frozen version normal on input l
ine 904.
LaTeX Font Info:    No math alphabet change to frozen version normal on input l
ine 904.
LaTeX Font Info:    No math alphabet change to frozen version normal on input l
ine 904.
LaTeX Font Info:    No math alphabet change to frozen version normal on input l
ine 904.
LaTeX Font Info:    No math alphabet change to frozen version normal on input l
ine 904.
LaTeX Font Info:    No math alphabet change to frozen version normal on input l
ine 904.
LaTeX Font Info:    No math alphabet change to frozen version normal on input l
ine 904.
LaTeX Font Info:    No math alphabet change to frozen version normal on input l
ine 904.
LaTeX Font Info:    No math alphabet change to frozen version normal on input l
ine 904.
LaTeX Font Info:    No math alphabet change to frozen version normal on input l
ine 904.
LaTeX Font Info:    No math alphabet change to frozen version normal on input l
ine 904.
LaTeX Font Info:    No math alphabet change to frozen version normal on input l
ine 904.

Overfull \hbox (2.13403pt too wide) in paragraph at lines 905--905
\T1/fbb-TLF/m/it/8 (-20) tional learn-ing the-ory. \T1/fbb-TLF/m/n/8 (-20) Cam-
bridge, MA, USA: MIT Press. \T1/fbb-TLF/m/sc/8 (-20) isbn\T1/fbb-TLF/m/n/8 (-20
) : 0262111934. 
 []

LaTeX Font Info:    No math alphabet change to frozen version normal on input l
ine 904.
LaTeX Font Info:    No math alphabet change to frozen version normal on input l
ine 904.
LaTeX Font Info:    No math alphabet change to frozen version normal on input l
ine 904.
LaTeX Font Info:    No math alphabet change to frozen version normal on input l
ine 904.
LaTeX Font Info:    No math alphabet change to frozen version normal on input l
ine 904.
LaTeX Font Info:    No math alphabet change to frozen version normal on input l
ine 904.
LaTeX Font Info:    No math alphabet change to frozen version normal on input l
ine 904.
LaTeX Font Info:    No math alphabet change to frozen version normal on input l
ine 904.
LaTeX Font Info:    No math alphabet change to frozen version normal on input l
ine 904.
LaTeX Font Info:    No math alphabet change to frozen version normal on input l
ine 904.
LaTeX Font Info:    No math alphabet change to frozen version normal on input l
ine 904.
LaTeX Font Info:    No math alphabet change to frozen version normal on input l
ine 904.
LaTeX Font Info:    No math alphabet change to frozen version normal on input l
ine 904.
LaTeX Font Info:    No math alphabet change to frozen version normal on input l
ine 904.
LaTeX Font Info:    No math alphabet change to frozen version normal on input l
ine 904.
LaTeX Font Info:    No math alphabet change to frozen version normal on input l
ine 904.
[18]
LaTeX Font Info:    No math alphabet change to frozen version normal on input l
ine 904.
LaTeX Font Info:    No math alphabet change to frozen version normal on input l
ine 904.
LaTeX Font Info:    No math alphabet change to frozen version normal on input l
ine 904.
LaTeX Font Info:    No math alphabet change to frozen version normal on input l
ine 904.
LaTeX Font Info:    No math alphabet change to frozen version normal on input l
ine 904.
LaTeX Font Info:    No math alphabet change to frozen version normal on input l
ine 904.
LaTeX Font Info:    No math alphabet change to frozen version normal on input l
ine 904.
LaTeX Font Info:    No math alphabet change to frozen version normal on input l
ine 904.
LaTeX Font Info:    No math alphabet change to frozen version normal on input l
ine 904.
LaTeX Font Info:    No math alphabet change to frozen version normal on input l
ine 904.
LaTeX Font Info:    No math alphabet change to frozen version normal on input l
ine 904.
LaTeX Font Info:    No math alphabet change to frozen version normal on input l
ine 904.
LaTeX Font Info:    No math alphabet change to frozen version normal on input l
ine 904.
LaTeX Font Info:    No math alphabet change to frozen version normal on input l
ine 904.
LaTeX Font Info:    No math alphabet change to frozen version normal on input l
ine 904.
LaTeX Font Info:    No math alphabet change to frozen version normal on input l
ine 904.
LaTeX Font Info:    No math alphabet change to frozen version normal on input l
ine 904.
LaTeX Font Info:    No math alphabet change to frozen version normal on input l
ine 904.
LaTeX Font Info:    No math alphabet change to frozen version normal on input l
ine 904.
LaTeX Font Info:    No math alphabet change to frozen version normal on input l
ine 904.
LaTeX Font Info:    No math alphabet change to frozen version normal on input l
ine 904.
LaTeX Font Info:    No math alphabet change to frozen version normal on input l
ine 904.
LaTeX Font Info:    No math alphabet change to frozen version normal on input l
ine 904.
LaTeX Font Info:    No math alphabet change to frozen version normal on input l
ine 904.
LaTeX Font Info:    No math alphabet change to frozen version normal on input l
ine 904.
LaTeX Font Info:    No math alphabet change to frozen version normal on input l
ine 904.
LaTeX Font Info:    No math alphabet change to frozen version normal on input l
ine 904.
LaTeX Font Info:    No math alphabet change to frozen version normal on input l
ine 904.
LaTeX Font Info:    No math alphabet change to frozen version normal on input l
ine 904.
LaTeX Font Info:    No math alphabet change to frozen version normal on input l
ine 904.
LaTeX Font Info:    No math alphabet change to frozen version normal on input l
ine 904.
LaTeX Font Info:    No math alphabet change to frozen version normal on input l
ine 904.
LaTeX Font Info:    No math alphabet change to frozen version normal on input l
ine 904.
LaTeX Font Info:    No math alphabet change to frozen version normal on input l
ine 904.
LaTeX Font Info:    No math alphabet change to frozen version normal on input l
ine 904.
LaTeX Font Info:    No math alphabet change to frozen version normal on input l
ine 904.
LaTeX Font Info:    No math alphabet change to frozen version normal on input l
ine 904.
LaTeX Font Info:    No math alphabet change to frozen version normal on input l
ine 904.
LaTeX Font Info:    No math alphabet change to frozen version normal on input l
ine 904.

Overfull \hbox (8.89275pt too wide) in paragraph at lines 905--905
[][]\T1/fbb-TLF/m/n/8 (-20) Schaeffer, Ry-lan, Mikail Khona, Zachary Robert-son
, Akhi-lan Boopa-thy, Kateryna
 []

LaTeX Font Info:    No math alphabet change to frozen version normal on input l
ine 904.
LaTeX Font Info:    No math alphabet change to frozen version normal on input l
ine 904.
[19]
LaTeX Font Info:    No math alphabet change to frozen version normal on input l
ine 904.
LaTeX Font Info:    No math alphabet change to frozen version normal on input l
ine 904.
LaTeX Font Info:    No math alphabet change to frozen version normal on input l
ine 904.
LaTeX Font Info:    No math alphabet change to frozen version normal on input l
ine 904.
LaTeX Font Info:    No math alphabet change to frozen version normal on input l
ine 904.
LaTeX Font Info:    No math alphabet change to frozen version normal on input l
ine 904.
LaTeX Font Info:    No math alphabet change to frozen version normal on input l
ine 904.
LaTeX Font Info:    No math alphabet change to frozen version normal on input l
ine 904.
LaTeX Font Info:    No math alphabet change to frozen version normal on input l
ine 904.
LaTeX Font Info:    No math alphabet change to frozen version normal on input l
ine 904.

Overfull \hbox (2.10759pt too wide) in paragraph at lines 905--905
\T1/fbb-TLF/m/n/8 (-20) cisco, CA, USA: Mor-gan Kauf-mann Pub-lish-ers Inc. \T1
/fbb-TLF/m/sc/8 (-20) isbn\T1/fbb-TLF/m/n/8 (-20) : 9780128023501. 
 []

LaTeX Font Info:    No math alphabet change to frozen version normal on input l
ine 904.
LaTeX Font Info:    No math alphabet change to frozen version normal on input l
ine 904.
LaTeX Font Info:    No math alphabet change to frozen version normal on input l
ine 904.
LaTeX Font Info:    No math alphabet change to frozen version normal on input l
ine 904.
LaTeX Font Info:    No math alphabet change to frozen version normal on input l
ine 904.
LaTeX Font Info:    No math alphabet change to frozen version normal on input l
ine 904.
LaTeX Font Info:    No math alphabet change to frozen version normal on input l
ine 904.
LaTeX Font Info:    No math alphabet change to frozen version normal on input l
ine 904.
LaTeX Font Info:    No math alphabet change to frozen version normal on input l
ine 904.
LaTeX Font Info:    No math alphabet change to frozen version normal on input l
ine 904.
LaTeX Font Info:    No math alphabet change to frozen version normal on input l
ine 904.
LaTeX Font Info:    No math alphabet change to frozen version normal on input l
ine 904.
LaTeX Font Info:    No math alphabet change to frozen version normal on input l
ine 904.

Overfull \hbox (3.66466pt too wide) in paragraph at lines 905--905
\T1/fbb-TLF/m/it/8 (-20) Learn-ing Mod-els Train-ing. \T1/fbb-TLF/m/n/8 (-20) A
rXiv:1903.03614 [cs], March. Ac-cessed June 28,
 []

LaTeX Font Info:    No math alphabet change to frozen version normal on input l
ine 904.
LaTeX Font Info:    No math alphabet change to frozen version normal on input l
ine 904.
[20] 
enddocument/afterlastpage (AED): lastpage setting LastPage.
(./paper1a.aux)
 ***********
LaTeX2e <2025-11-01>
L3 programming layer <2025-11-14>
 ***********


LaTeX Font Warning: Some font shapes were not available, defaults substituted.


LaTeX Warning: There were undefined references.


LaTeX Warning: Label(s) may have changed. Rerun to get cross-references right.


Package rerunfilecheck Warning: File `paper1a.out' has changed.
(rerunfilecheck)                Rerun to get outlines right
(rerunfilecheck)                or use package `bookmark'.

Package rerunfilecheck Info: Checksums for `paper1a.out':
(rerunfilecheck)             Before: ECDB7A94C9D19C2353B32C3A79010FB6;8192
(rerunfilecheck)             After:  79B8BE25405CDF9674839F685E03475C;9778.

Package lastpage Warning: Rerun to get the references right on input line 906.


Package biblatex Warning: Please rerun LaTeX.
(biblatex)                Page breaks have changed.

Package logreq Info: Writing requests to 'paper1a.run.xml'.
\openout1 = `paper1a.run.xml'.

 ) 
Here is how much of TeX's memory you used:
 83472 strings out of 467537
 2022542 string characters out of 5423703
 3712063 words of memory out of 5000000
 110102 multiletter control sequences out of 15000+600000
 992771 words of font info for 698 fonts, out of 8000000 for 9000
 1141 hyphenation exceptions out of 8191
 103i,25n,131p,2989b,4035s stack positions out of 10000i,1000n,20000p,200000b,200000s
 <c:/Users/Administrator/.texlive2025/texmf-var/fonts/pk/ljfour/public/bbm/bb
m10.600pk><c:/texlive/2025/texmf-dist/fonts/type1/adobe/sourcesanspro/SourceSan
sPro-It.pfb><c:/texlive/2025/texmf-dist/fonts/type1/adobe/sourcesanspro/SourceS
ansPro-Regular.pfb><c:/texlive/2025/texmf-dist/fonts/type1/adobe/sourcesanspro/
SourceSansPro-Semibold.pfb><c:/texlive/2025/texmf-dist/fonts/type1/adobe/source
sanspro/SourceSansPro-SemiboldIt.pfb><c:/texlive/2025/texmf-dist/fonts/type1/pu
blic/amsfonts/cm/cmbx10.pfb><c:/texlive/2025/texmf-dist/fonts/type1/public/amsf
onts/cm/cmex10.pfb><c:/texlive/2025/texmf-dist/fonts/type1/public/amsfonts/cm/c
mmi10.pfb><c:/texlive/2025/texmf-dist/fonts/type1/public/amsfonts/cm/cmr10.pfb>
<c:/texlive/2025/texmf-dist/fonts/type1/public/amsfonts/cm/cmsy10.pfb><c:/texli
ve/2025/texmf-dist/fonts/type1/public/amsfonts/cm/cmsy6.pfb><c:/texlive/2025/te
xmf-dist/fonts/type1/public/amsfonts/cm/cmsy7.pfb><c:/texlive/2025/texmf-dist/f
onts/type1/public/amsfonts/cm/cmsy8.pfb><c:/texlive/2025/texmf-dist/fonts/type1
/public/amsfonts/euler/eurm10.pfb><c:/texlive/2025/texmf-dist/fonts/type1/publi
c/amsfonts/euler/eurm7.pfb><c:/texlive/2025/texmf-dist/fonts/type1/public/fbb/f
bb-Bold.pfb><c:/texlive/2025/texmf-dist/fonts/type1/public/fbb/fbb-BoldItalic.p
fb><c:/texlive/2025/texmf-dist/fonts/type1/public/fbb/fbb-Italic.pfb><c:/texliv
e/2025/texmf-dist/fonts/type1/public/fbb/fbb-Regular.pfb><c:/texlive/2025/texmf
-dist/fonts/type1/public/amsfonts/symbols/msbm10.pfb><c:/texlive/2025/texmf-dis
t/fonts/type1/public/cm-super/sftt0800.pfb><c:/texlive/2025/texmf-dist/fonts/ty
pe1/public/cm-super/sftt1000.pfb>
Output written on paper1a.pdf (20 pages, 766431 bytes).
PDF statistics:
 1151 PDF objects out of 1200 (max. 8388607)
 1041 compressed objects within 11 object streams
 332 named destinations out of 1000 (max. 500000)
 147748 words of extra memory for PDF output out of 154059 (max. 10000000)

