This is pdfTeX, Version 3.141592653-2.6-1.40.28 (MiKTeX 25.12) (preloaded format=pdflatex 2026.5.6)  6 MAY 2026 00:17
entering extended mode
 restricted \write18 enabled.
 %&-line parsing enabled.
**./paper2a.tex
(paper2a.tex
LaTeX2e <2025-11-01>
L3 programming layer <2025-12-24>
(cup-journal.cls
Document Class: cup-journal 2023/05/02 v1.3 Submission to CUP journals
(C:\Program Files\MiKTeX\tex/latex/base\article.cls
Document Class: article 2025/01/22 v1.4n Standard LaTeX document class
(C:\Program Files\MiKTeX\tex/latex/base\size10.clo
File: size10.clo 2025/01/22 v1.4n Standard LaTeX file (size option)
)
\c@part=\count275
\c@section=\count276
\c@subsection=\count277
\c@subsubsection=\count278
\c@paragraph=\count279
\c@subparagraph=\count280
\c@figure=\count281
\c@table=\count282
\abovecaptionskip=\skip49
\belowcaptionskip=\skip50
\bibindent=\dimen148
)
(C:\Users\Administrator\AppData\Roaming\MiKTeX\tex/latex/lastpage\lastpage.sty
Package: lastpage 2025/08/14 v2.1h lastpage: 2.09 or 2e? (HMM)

(C:\Users\Administrator\AppData\Roaming\MiKTeX\tex/latex/lastpage\lastpage2e.st
y
Package: lastpage2e 2025/08/14 v2.1h Decide which 2e lastpage version to use (H
MM)

(C:\Users\Administrator\AppData\Roaming\MiKTeX\tex/latex/lastpage\lastpagemoder
n.sty
Package: lastpagemodern 2025-08-14 v2.1h Refers to last page's name (HMM; JPG)
\c@lastpagecount=\count283
) 
))
(C:\Users\Administrator\AppData\Roaming\MiKTeX\tex/latex/enumitem\enumitem.sty
Package: enumitem 2025/02/06 v3.11 Customized lists
\enitkv@toks@=\toks17
\labelindent=\skip51
\enit@outerparindent=\dimen149
\enit@toks=\toks18
\enit@inbox=\box53
\enit@count@id=\count284
\enitdp@description=\count285
)
(C:\Users\Administrator\AppData\Roaming\MiKTeX\tex/latex/threeparttable\threepa
rttable.sty
Package: threeparttable 2003/06/13  v 3.0
\@tempboxb=\box54
)
(C:\Users\Administrator\AppData\Roaming\MiKTeX\tex/latex/endnotes\endnotes.sty
Package: endnotes 2020-01-02 endnotes package
\c@endnote=\count286
\endnotesep=\dimen150
\@enotes=\write3
) (C:\Program Files\MiKTeX\tex/latex/xkeyval\xkeyval.sty
Package: xkeyval 2022/06/16 v2.9 package option processing (HA)

(C:\Program Files\MiKTeX\tex/generic/xkeyval\xkeyval.tex
(C:\Program Files\MiKTeX\tex/generic/xkeyval\xkvutils.tex
\XKV@toks=\toks19
\XKV@tempa@toks=\toks20

(C:\Program Files\MiKTeX\tex/generic/xkeyval\keyval.tex))
\XKV@depth=\count287
File: xkeyval.tex 2014/12/03 v2.7a key=value parser (HA)
))
(C:\Users\Administrator\AppData\Roaming\MiKTeX\tex/latex/geometry\geometry.sty
Package: geometry 2026/03/07 v6.0 Page Geometry

(C:\Program Files\MiKTeX\tex/generic/iftex\ifvtex.sty
Package: ifvtex 2019/10/25 v1.7 ifvtex legacy package. Use iftex instead.

(C:\Program Files\MiKTeX\tex/generic/iftex\iftex.sty
Package: iftex 2024/12/12 v1.0g TeX engine tests
))
\Gm@cnth=\count288
\Gm@cntv=\count289
\c@Gm@tempcnt=\count290
\Gm@bindingoffset=\dimen151
\Gm@wd@mp=\dimen152
\Gm@odd@mp=\dimen153
\Gm@even@mp=\dimen154
\Gm@layoutwidth=\dimen155
\Gm@layoutheight=\dimen156
\Gm@layouthoffset=\dimen157
\Gm@layoutvoffset=\dimen158
\Gm@dimlist=\toks21

(C:\Users\Administrator\AppData\Roaming\MiKTeX\tex/latex/geometry\geometry.cfg)
)
(C:\Users\Administrator\AppData\Roaming\MiKTeX\tex/latex/changepage\changepage.
sty
Package: changepage 2009/10/20 v1.0c check page and change page layout
\c@cp@cntr=\count291
\cp@tempcnt=\count292
)
(C:\Users\Administrator\AppData\Roaming\MiKTeX\tex/latex/stringstrings\stringst
rings.sty
Package: stringstrings 2020/12/08 v1.24 Extensive array of string manipulation 
routines for cosmetic and programming application
 (C:\Program Files\MiKTeX\tex/latex/base\ifthen.sty
Package: ifthen 2024/03/16 v1.1e Standard LaTeX ifthen package (DPC)
)
\c@@letterindex=\count293
\c@@@letterindex=\count294
\c@@@@letterindex=\count295
\c@@wordindex=\count296
\c@@iargc=\count297
\c@@gobblesize=\count298
\c@@maxrotation=\count299
\c@@stringsize=\count300
\c@@@stringsize=\count301
\c@@@@stringsize=\count302
\c@@revisedstringsize=\count303
\c@@gobbleindex=\count304
\c@@charsfound=\count305
\c@@alph=\count306
\c@@alphaindex=\count307
\c@@capstrigger=\count308
\c@@fromindex=\count309
\c@@toindex=\count310
\c@@previousindex=\count311
\c@@flag=\count312
\c@@matchloc=\count313
\c@@matchend=\count314
\c@@matchsize=\count315
\c@@matchmax=\count316
\c@@skipped=\count317
\c@@lcwords=\count318
\c@@@matchloc=\count319
)
(C:\Users\Administrator\AppData\Roaming\MiKTeX\tex/latex/textpos\textpos.sty
Package: textpos 2022/07/23 v1.10.1
Package textpos Info: choosing support for LaTeX3 on input line 60.
\TP@textbox=\box55
\TP@holdbox=\box56
\TPHorizModule=\dimen159
\TPVertModule=\dimen160
\TP@margin=\dimen161
\TP@absmargin=\dimen162

Grid set 16 x 16 = 38.39343pt x 49.68562pt
\TPboxrulesize=\dimen163
\TP@ox=\dimen164
\TP@oy=\dimen165
\TP@tbargs=\toks22
TextBlockOrigin set to 0pt x 0pt
) (C:\Program Files\MiKTeX\tex/latex/xcolor\xcolor.sty
Package: xcolor 2024/09/29 v3.02 LaTeX color extensions (UK)

(C:\Program Files\MiKTeX\tex/latex/graphics-cfg\color.cfg
File: color.cfg 2016/01/02 v1.6 sample color configuration
)
Package xcolor Info: Driver file: pdftex.def on input line 274.

(C:\Program Files\MiKTeX\tex/latex/graphics-def\pdftex.def
File: pdftex.def 2025/09/29 v1.2d Graphics/color driver for pdftex
)
(C:\Program Files\MiKTeX\tex/latex/graphics\mathcolor.ltx)
Package xcolor Info: Model `cmy' substituted by `cmy0' on input line 1349.
Package xcolor Info: Model `hsb' substituted by `rgb' on input line 1353.
Package xcolor Info: Model `RGB' extended on input line 1365.
Package xcolor Info: Model `HTML' substituted by `rgb' on input line 1367.
Package xcolor Info: Model `Hsb' substituted by `hsb' on input line 1368.
Package xcolor Info: Model `tHsb' substituted by `hsb' on input line 1369.
Package xcolor Info: Model `HSB' substituted by `hsb' on input line 1370.
Package xcolor Info: Model `Gray' substituted by `gray' on input line 1371.
Package xcolor Info: Model `wave' substituted by `hsb' on input line 1372.
)
(C:\Users\Administrator\AppData\Roaming\MiKTeX\tex/latex/colortbl\colortbl.sty
Package: colortbl 2024/10/29 v1.0k Color table columns (DPC)

(C:\Program Files\MiKTeX\tex/latex/tools\array.sty
Package: array 2025/09/25 v2.6n Tabular extension package (FMi)
\col@sep=\dimen166
\ar@mcellbox=\box57
\extrarowheight=\dimen167
\NC@list=\toks23
\extratabsurround=\skip52
\backup@length=\skip53
\ar@cellbox=\box58
)
\everycr=\toks24
\minrowclearance=\skip54
\rownum=\count320
)
(C:\Program Files\MiKTeX\tex/latex/xcolor\svgnam.def
File: svgnam.def 2024/09/29 v3.02 Predefined colors according to SVG 1.1 (UK)
)
(C:\Users\Administrator\AppData\Roaming\MiKTeX\tex/latex/caption\caption.sty
Package: caption 2023/08/05 v3.6o Customizing captions (AR)

(C:\Users\Administrator\AppData\Roaming\MiKTeX\tex/latex/caption\caption3.sty
Package: caption3 2023/07/31 v2.4d caption3 kernel (AR)
\caption@tempdima=\dimen168
\captionmargin=\dimen169
\caption@leftmargin=\dimen170
\caption@rightmargin=\dimen171
\caption@width=\dimen172
\caption@indent=\dimen173
\caption@parindent=\dimen174
\caption@hangindent=\dimen175
Package caption Info: Standard document class detected.
)
\c@caption@flags=\count321
\c@continuedfloat=\count322
Package caption Info: changepage package is loaded.
\caption@adjustwidth@hsize=\dimen176
\caption@adjustwidth@linewidth=\dimen177
Package caption Info: threeparttable package is loaded.
) (C:\Users\Administrator\AppData\Roaming\MiKTeX\tex/latex/floatrow\floatrow.st
y
Package: floatrow 2008/08/02 v0.3b floatrow: float package extension
\c@float@type=\count323
\float@exts=\toks25
\float@box=\box59
\@floatcapt=\box60
Package floatrow Info: Modified float package code loaded on input line 455.
Package floatrow Info: Modified rotfloat package code loaded on input line 473.

\FR@everyfloat=\toks26
\flrow@foot=\insert252
\FB@wd=\dimen178
\FBo@wd=\dimen179
\FBc@wd=\dimen180
\FBo@ht=\skip55
\FBc@ht=\skip56
\FBf@ht=\skip57
\FBo@max=\skip58
\FBc@max=\skip59
\FBf@max=\skip60
\c@FBl@b=\count324
\floatbox@depth=\count325
\c@FRobj=\count326
\c@FRsobj=\count327
\Xhsize=\skip61
\sXhsize=\skip62
\Zhsize=\skip63
\sZhsize=\skip64
\flrow@rowbox=\box61
\FR@Zunitlength=\dimen181
\c@FBcnt=\count328
\FPOScnt=\count329
\LTleft=\skip65
\LTright=\skip66
\LTleft=\skip67
\LTright=\skip68
\flrow@types=\toks27
) (C:\Program Files\MiKTeX\tex/latex/graphics\graphicx.sty
Package: graphicx 2024/12/31 v1.2e Enhanced LaTeX Graphics (DPC,SPQR)

(C:\Program Files\MiKTeX\tex/latex/graphics\graphics.sty
Package: graphics 2024/08/06 v1.4g Standard LaTeX Graphics (DPC,SPQR)

(C:\Program Files\MiKTeX\tex/latex/graphics\trig.sty
Package: trig 2023/12/02 v1.11 sin cos tan (DPC)
)
(C:\Program Files\MiKTeX\tex/latex/graphics-cfg\graphics.cfg
File: graphics.cfg 2016/06/04 v1.11 sample graphics configuration
)
Package graphics Info: Driver file: pdftex.def on input line 106.
)
\Gin@req@height=\dimen182
\Gin@req@width=\dimen183
)
(C:\Program Files\MiKTeX\tex/latex/url\url.sty
\Urlmuskip=\muskip17
Package: url 2013/09/16  ver 3.4  Verb mode for urls, etc.
)
(C:\Users\Administrator\AppData\Roaming\MiKTeX\tex/latex/mdframed\mdframed.sty
Package: mdframed 2013/07/01 1.9b: mdframed

(C:\Users\Administrator\AppData\Roaming\MiKTeX\tex/latex/kvoptions\kvoptions.st
y
Package: kvoptions 2022-06-15 v3.15 Key value format for package options (HO)

(C:\Users\Administrator\AppData\Roaming\MiKTeX\tex/generic/ltxcmds\ltxcmds.sty
Package: ltxcmds 2023-12-04 v1.26 LaTeX kernel commands for general use (HO)
)
(C:\Users\Administrator\AppData\Roaming\MiKTeX\tex/latex/kvsetkeys\kvsetkeys.st
y
Package: kvsetkeys 2022-10-05 v1.19 Key value parser (HO)
)) (C:\Program Files\MiKTeX\tex/latex/l3packages/xparse\xparse.sty
(C:\Program Files\MiKTeX\tex/latex/l3kernel\expl3.sty
Package: expl3 2025-12-24 L3 programming layer (loader) 

(C:\Program Files\MiKTeX\tex/latex/l3backend\l3backend-pdftex.def
File: l3backend-pdftex.def 2025-10-09 L3 backend support: PDF output (pdfTeX)
\l__color_backend_stack_int=\count330
))
Package: xparse 2025-10-09 L3 Experimental document command parser
)
(C:\Program Files\MiKTeX\tex/latex/etoolbox\etoolbox.sty
Package: etoolbox 2025/10/02 v2.5m e-TeX tools for LaTeX (JAW)
\etb@tempcnta=\count331
)
(C:\Users\Administrator\AppData\Roaming\MiKTeX\tex/latex/zref\zref-abspage.sty
Package: zref-abspage 2026-03-07 v2.37 Module abspage for zref (HO)

(C:\Users\Administrator\AppData\Roaming\MiKTeX\tex/latex/zref\zref-base.sty
Package: zref-base 2026-03-07 v2.37 Module base for zref (HO)

(C:\Users\Administrator\AppData\Roaming\MiKTeX\tex/generic/infwarerr\infwarerr.
sty
Package: infwarerr 2019/12/03 v1.5 Providing info/warning/error messages (HO)
)
(C:\Users\Administrator\AppData\Roaming\MiKTeX\tex/generic/kvdefinekeys\kvdefin
ekeys.sty
Package: kvdefinekeys 2019-12-19 v1.6 Define keys (HO)
) (C:\Program Files\MiKTeX\tex/generic/pdftexcmds\pdftexcmds.sty
Package: pdftexcmds 2020-06-27 v0.33 Utility functions of pdfTeX for LuaTeX (HO
)
Package pdftexcmds Info: \pdf@primitive is available.
Package pdftexcmds Info: \pdf@ifprimitive is available.
Package pdftexcmds Info: \pdfdraftmode found.
)
(C:\Users\Administrator\AppData\Roaming\MiKTeX\tex/generic/etexcmds\etexcmds.st
y
Package: etexcmds 2019/12/15 v1.7 Avoid name clashes with e-TeX commands (HO)
) (C:\Users\Administrator\AppData\Roaming\MiKTeX\tex/latex/auxhook\auxhook.sty
Package: auxhook 2019-12-17 v1.6 Hooks for auxiliary files (HO)
)
Package zref Info: New property list: main on input line 767.
Package zref Info: New property: default on input line 768.
Package zref Info: New property: page on input line 769.
)
\c@abspage=\count332
Package zref Info: New property: abspage on input line 67.
)
(C:\Users\Administrator\AppData\Roaming\MiKTeX\tex/latex/needspace\needspace.st
y
Package: needspace 2025/03/13 v1.3e reserve vertical space
)
\mdf@templength=\skip69
\c@mdf@globalstyle@cnt=\count333
\mdf@skipabove@length=\skip70
\mdf@skipbelow@length=\skip71
\mdf@leftmargin@length=\skip72
\mdf@rightmargin@length=\skip73
\mdf@innerleftmargin@length=\skip74
\mdf@innerrightmargin@length=\skip75
\mdf@innertopmargin@length=\skip76
\mdf@innerbottommargin@length=\skip77
\mdf@splittopskip@length=\skip78
\mdf@splitbottomskip@length=\skip79
\mdf@outermargin@length=\skip80
\mdf@innermargin@length=\skip81
\mdf@linewidth@length=\skip82
\mdf@innerlinewidth@length=\skip83
\mdf@middlelinewidth@length=\skip84
\mdf@outerlinewidth@length=\skip85
\mdf@roundcorner@length=\skip86
\mdf@footenotedistance@length=\skip87
\mdf@userdefinedwidth@length=\skip88
\mdf@needspace@length=\skip89
\mdf@frametitleaboveskip@length=\skip90
\mdf@frametitlebelowskip@length=\skip91
\mdf@frametitlerulewidth@length=\skip92
\mdf@frametitleleftmargin@length=\skip93
\mdf@frametitlerightmargin@length=\skip94
\mdf@shadowsize@length=\skip95
\mdf@extratopheight@length=\skip96
\mdf@subtitleabovelinewidth@length=\skip97
\mdf@subtitlebelowlinewidth@length=\skip98
\mdf@subtitleaboveskip@length=\skip99
\mdf@subtitlebelowskip@length=\skip100
\mdf@subtitleinneraboveskip@length=\skip101
\mdf@subtitleinnerbelowskip@length=\skip102
\mdf@subsubtitleabovelinewidth@length=\skip103
\mdf@subsubtitlebelowlinewidth@length=\skip104
\mdf@subsubtitleaboveskip@length=\skip105
\mdf@subsubtitlebelowskip@length=\skip106
\mdf@subsubtitleinneraboveskip@length=\skip107
\mdf@subsubtitleinnerbelowskip@length=\skip108

(C:\Users\Administrator\AppData\Roaming\MiKTeX\tex/latex/mdframed\md-frame-0.md
f
File: md-frame-0.mdf 2013/07/01\ 1.9b: md-frame-0
)
\mdf@frametitlebox=\box62
\mdf@footnotebox=\box63
\mdf@splitbox@one=\box64
\mdf@splitbox@two=\box65
\mdf@splitbox@save=\box66
\mdfsplitboxwidth=\skip109
\mdfsplitboxtotalwidth=\skip110
\mdfsplitboxheight=\skip111
\mdfsplitboxdepth=\skip112
\mdfsplitboxtotalheight=\skip113
\mdfframetitleboxwidth=\skip114
\mdfframetitleboxtotalwidth=\skip115
\mdfframetitleboxheight=\skip116
\mdfframetitleboxdepth=\skip117
\mdfframetitleboxtotalheight=\skip118
\mdffootnoteboxwidth=\skip119
\mdffootnoteboxtotalwidth=\skip120
\mdffootnoteboxheight=\skip121
\mdffootnoteboxdepth=\skip122
\mdffootnoteboxtotalheight=\skip123
\mdftotallinewidth=\skip124
\mdfboundingboxwidth=\skip125
\mdfboundingboxtotalwidth=\skip126
\mdfboundingboxheight=\skip127
\mdfboundingboxdepth=\skip128
\mdfboundingboxtotalheight=\skip129
\mdf@freevspace@length=\skip130
\mdf@horizontalwidthofbox@length=\skip131
\mdf@verticalmarginwhole@length=\skip132
\mdf@horizontalspaceofbox=\skip133
\mdfsubtitleheight=\skip134
\mdfsubsubtitleheight=\skip135
\c@mdfcountframes=\count334

****** mdframed patching \endmdf@trivlist

****** -- success******

\mdf@envdepth=\count335
\c@mdf@env@i=\count336
\c@mdf@env@ii=\count337
\c@mdf@zref@counter=\count338
Package zref Info: New property: mdf@pagevalue on input line 895.
)
(C:\Users\Administrator\AppData\Roaming\MiKTeX\tex/latex/mfirstuc\mfirstuc.sty
Package: mfirstuc 2025/04/03 v2.09 (NLCT)
\@glsmfirst=\toks28
\@glsmrest=\toks29
)
(C:\Users\Administrator\AppData\Roaming\MiKTeX\tex/generic/alphalph\alphalph.st
y
Package: alphalph 2019/12/09 v2.6 Convert numbers to letters (HO)

(C:\Users\Administrator\AppData\Roaming\MiKTeX\tex/generic/intcalc\intcalc.sty
Package: intcalc 2019/12/15 v1.3 Expandable calculations with integers (HO)
))
\cup@author@cnt=\count339
\cup@affil@cnt=\count340
\cup@affil@alt@cnt=\count341
\cup@footnote@cnt=\count342
\cup@affil@marker@cnt=\count343
\cup@space@pre@title=\skip136
\cup@space@post@title=\skip137
\cup@space@post@author=\skip138
\cup@space@post@address=\skip139
\cup@space@post@email=\skip140
\cup@space@post@date=\skip141
\cup@space@inter@extra=\skip142
\cup@maketitle@width=\skip143
\c@scheme=\count344
\c@chart=\count345
\c@graph=\count346
\cup@collect@toks=\toks30
\cup@collect@empty@toks=\toks31
 (C:\Users\Administrator\AppData\Roaming\MiKTeX\tex/latex/fbb\fbb.sty
Package: fbb 2020/07/01 v1.16 Style file for fbb fonts.

`fbb' v1.16, 2020/07/01 Text macros for fbb, a Bembo-like font family (msharpe)
(C:\Program Files\MiKTeX\tex/latex/base\fontenc.sty
Package: fontenc 2025/07/18 v2.1d Standard LaTeX package

(C:\Users\Administrator\AppData\Roaming\MiKTeX\tex/latex/ly1\ly1enc.def
File: ly1enc.def 2022/06/11 v0.8 TeX 'n ANSI encoding (DPC/KB)
Now handling font encoding LY1 ...
... processing UTF-8 mapping file for font encoding LY1

(C:\Program Files\MiKTeX\tex/latex/base\ly1enc.dfu
File: ly1enc.dfu 2022/06/07 v1.3c UTF-8 support
   defining Unicode char U+00A0 (decimal 160)
   defining Unicode char U+00A1 (decimal 161)
   defining Unicode char U+00A2 (decimal 162)
   defining Unicode char U+00A3 (decimal 163)
   defining Unicode char U+00A4 (decimal 164)
   defining Unicode char U+00A5 (decimal 165)
   defining Unicode char U+00A6 (decimal 166)
   defining Unicode char U+00A7 (decimal 167)
   defining Unicode char U+00AA (decimal 170)
   defining Unicode char U+00AB (decimal 171)
   defining Unicode char U+00AD (decimal 173)
   defining Unicode char U+00AE (decimal 174)
   defining Unicode char U+00B0 (decimal 176)
   defining Unicode char U+00B5 (decimal 181)
   defining Unicode char U+00B6 (decimal 182)
   defining Unicode char U+00B7 (decimal 183)
   defining Unicode char U+00BA (decimal 186)
   defining Unicode char U+00BB (decimal 187)
   defining Unicode char U+00BC (decimal 188)
   defining Unicode char U+00BD (decimal 189)
   defining Unicode char U+00BE (decimal 190)
   defining Unicode char U+00BF (decimal 191)
   defining Unicode char U+00C0 (decimal 192)
   defining Unicode char U+00C1 (decimal 193)
   defining Unicode char U+00C2 (decimal 194)
   defining Unicode char U+00C3 (decimal 195)
   defining Unicode char U+00C4 (decimal 196)
   defining Unicode char U+00C5 (decimal 197)
   defining Unicode char U+00C6 (decimal 198)
   defining Unicode char U+00C7 (decimal 199)
   defining Unicode char U+00C8 (decimal 200)
   defining Unicode char U+00C9 (decimal 201)
   defining Unicode char U+00CA (decimal 202)
   defining Unicode char U+00CB (decimal 203)
   defining Unicode char U+00CC (decimal 204)
   defining Unicode char U+00CD (decimal 205)
   defining Unicode char U+00CE (decimal 206)
   defining Unicode char U+00CF (decimal 207)
   defining Unicode char U+00D0 (decimal 208)
   defining Unicode char U+00D1 (decimal 209)
   defining Unicode char U+00D2 (decimal 210)
   defining Unicode char U+00D3 (decimal 211)
   defining Unicode char U+00D4 (decimal 212)
   defining Unicode char U+00D5 (decimal 213)
   defining Unicode char U+00D6 (decimal 214)
   defining Unicode char U+00D8 (decimal 216)
   defining Unicode char U+00D9 (decimal 217)
   defining Unicode char U+00DA (decimal 218)
   defining Unicode char U+00DB (decimal 219)
   defining Unicode char U+00DC (decimal 220)
   defining Unicode char U+00DD (decimal 221)
   defining Unicode char U+00DE (decimal 222)
   defining Unicode char U+00DF (decimal 223)
   defining Unicode char U+00E0 (decimal 224)
   defining Unicode char U+00E1 (decimal 225)
   defining Unicode char U+00E2 (decimal 226)
   defining Unicode char U+00E3 (decimal 227)
   defining Unicode char U+00E4 (decimal 228)
   defining Unicode char U+00E5 (decimal 229)
   defining Unicode char U+00E6 (decimal 230)
   defining Unicode char U+00E7 (decimal 231)
   defining Unicode char U+00E8 (decimal 232)
   defining Unicode char U+00E9 (decimal 233)
   defining Unicode char U+00EA (decimal 234)
   defining Unicode char U+00EB (decimal 235)
   defining Unicode char U+00EC (decimal 236)
   defining Unicode char U+00ED (decimal 237)
   defining Unicode char U+00EE (decimal 238)
   defining Unicode char U+00EF (decimal 239)
   defining Unicode char U+00F0 (decimal 240)
   defining Unicode char U+00F1 (decimal 241)
   defining Unicode char U+00F2 (decimal 242)
   defining Unicode char U+00F3 (decimal 243)
   defining Unicode char U+00F4 (decimal 244)
   defining Unicode char U+00F5 (decimal 245)
   defining Unicode char U+00F6 (decimal 246)
   defining Unicode char U+00F8 (decimal 248)
   defining Unicode char U+00F9 (decimal 249)
   defining Unicode char U+00FA (decimal 250)
   defining Unicode char U+00FB (decimal 251)
   defining Unicode char U+00FC (decimal 252)
   defining Unicode char U+00FD (decimal 253)
   defining Unicode char U+00FE (decimal 254)
   defining Unicode char U+00FF (decimal 255)
   defining Unicode char U+0131 (decimal 305)
   defining Unicode char U+0141 (decimal 321)
   defining Unicode char U+0142 (decimal 322)
   defining Unicode char U+0152 (decimal 338)
   defining Unicode char U+0153 (decimal 339)
   defining Unicode char U+0160 (decimal 352)
   defining Unicode char U+0161 (decimal 353)
   defining Unicode char U+0174 (decimal 372)
   defining Unicode char U+0175 (decimal 373)
   defining Unicode char U+0176 (decimal 374)
   defining Unicode char U+0177 (decimal 375)
   defining Unicode char U+0178 (decimal 376)
   defining Unicode char U+017D (decimal 381)
   defining Unicode char U+017E (decimal 382)
   defining Unicode char U+0192 (decimal 402)
   defining Unicode char U+0218 (decimal 536)
   defining Unicode char U+0219 (decimal 537)
   defining Unicode char U+021A (decimal 538)
   defining Unicode char U+021B (decimal 539)
   defining Unicode char U+0237 (decimal 567)
   defining Unicode char U+02C6 (decimal 710)
   defining Unicode char U+02DC (decimal 732)
   defining Unicode char U+2013 (decimal 8211)
   defining Unicode char U+2014 (decimal 8212)
   defining Unicode char U+201C (decimal 8220)
   defining Unicode char U+201D (decimal 8221)
   defining Unicode char U+2020 (decimal 8224)
   defining Unicode char U+2021 (decimal 8225)
   defining Unicode char U+2022 (decimal 8226)
   defining Unicode char U+2026 (decimal 8230)
   defining Unicode char U+2030 (decimal 8240)
   defining Unicode char U+2039 (decimal 8249)
   defining Unicode char U+203A (decimal 8250)
   defining Unicode char U+2122 (decimal 8482)
   defining Unicode char U+FB00 (decimal 64256)
   defining Unicode char U+FB01 (decimal 64257)
   defining Unicode char U+FB02 (decimal 64258)
   defining Unicode char U+FB03 (decimal 64259)
   defining Unicode char U+FB04 (decimal 64260)
   defining Unicode char U+FB05 (decimal 64261)
   defining Unicode char U+FB06 (decimal 64262)
)))
(C:\Program Files\MiKTeX\tex/latex/base\textcomp.sty
Package: textcomp 2024/04/24 v2.1b Standard LaTeX package
)
(C:\Program Files\MiKTeX\tex/generic/iftex\ifetex.sty
Package: ifetex 2019/10/25 v1.3 ifetex legacy package. Use iftex instead.
)
(C:\Users\Administrator\AppData\Roaming\MiKTeX\tex/latex/xstring\xstring.sty
(C:\Users\Administrator\AppData\Roaming\MiKTeX\tex/generic/xstring\xstring.tex
\xs_counta=\count347
\xs_countb=\count348
)
Package: xstring 2023/08/22 v1.86 String manipulations (CT)
)
(C:\Users\Administrator\AppData\Roaming\MiKTeX\tex/latex/fontaxes\fontaxes.sty
Package: fontaxes 2026-01-02 v2.0.2 Font selection axes (deprecated)
Applying: [2024-11-01] Use figureversions if present on input line 74.

(C:\Users\Administrator\AppData\Roaming\MiKTeX\tex/latex/figureversions\figurev
ersions.sty
Package: figureversions 2025-04-29 v1.0.1 Figure versions
)
Already applied: [0000-00-00] Fall back to v1 on input line 76.
)
LaTeX Info: Redefining \swshape on input line 41.


Package fontaxes Warning: Axis `shape` not supported for command
(fontaxes)                \fa@naming@exception on line 41


Package fontaxes Warning: Axis `shape` not supported for command
(fontaxes)                \fa@naming@exception on line 41

LaTeX Encoding Info:    Redeclaring text command \textcircled (encoding TS1) on
 input line 114.
)
(C:\Users\Administrator\AppData\Roaming\MiKTeX\tex/latex/sansmath\sansmath.sty
Package: sansmath 2007/02/28  ver 1.1 Donald Arseneau
\c@mv@sans=\count349
LaTeX Font Info:    Overwriting math alphabet `\mathrm' in version `sans'
(Font)                  OT1/cmr/m/n --> OT1/cmss/m/n on input line 103.
LaTeX Font Info:    Overwriting math alphabet `\mathsfsl' in version `sans'
(Font)                  OT1/cmss/m/sl --> OT1/cmss/m/sl on input line 104.
LaTeX Font Info:    Overwriting symbol font `operators' in version `sans'
(Font)                  OT1/cmr/m/n --> OT1/cmss/m/n on input line 105.
LaTeX Font Info:    Overwriting symbol font `letters' in version `sans'
(Font)                  OML/cmm/m/it --> OML/cmm/m/it on input line 109.
LaTeX Font Info:    Overwriting symbol font `symbols' in version `sans'
(Font)                  OMS/cmsy/m/n --> OMS/cmsy/m/n on input line 110.
LaTeX Font Info:    Overwriting math alphabet `\mathsfbf' in version `sans'
(Font)                  OT1/cmss/bx/sl --> OT1/cmss/bx/n on input line 112.
)
(C:\Users\Administrator\AppData\Roaming\MiKTeX\tex/latex/mathastext\mathastext.
sty
Package: mathastext 2024/10/26 v1.4e Use the text font in math mode (JFB)

Package mathastext Info: Starting the math mode configuration.
\mst@exists@muskip=\muskip18
\mst@forall@muskip=\muskip19
\mst@prime@muskip=\muskip20
\mst@do@nonletters=\toks32
\mst@undo@nonletters=\toks33
\mst@do@easynonletters=\toks34
\mst@undo@easynonletters=\toks35
\symmtoperatorfont=\mathgroup4
\symmtletterfont=\mathgroup5
(   mathastext:   ) will use Euler font; command \MTEulerScale
\symmteulervm=\mathgroup6
(   mathastext:   ) ! and ?
(   mathastext:   ) punctuation: , . : ; and \colon
LaTeX Info: Redefining \relbar on input line 1197.
LaTeX Info: Redefining \rightarrowfill on input line 1198.
LaTeX Info: Redefining \leftarrowfill on input line 1201.
(   mathastext:   ) + and =
LaTeX Info: Redefining \Relbar on input line 1344.
(   mathastext:   ) adding = ; and + to \nfss@catcodes
(   mathastext:   ) parentheses ( ) [ ] and slash /
(   mathastext:   ) alldelims: < > \backslash \setminus | \vert \mid \{ \}
LaTeX Font Info:    Redeclaring math symbol \setminus on input line 1410.
LaTeX Info: Redefining \models on input line 1429.
(   mathastext:   ) \# \mathdollar \% \& 
(   mathastext:   ) \imath and \jmath 
LaTeX Font Info:    Overwriting math alphabet `\Mathnormalbold' in version `nor
mal'
(Font)                  T1/fbb-TLF/b/it --> T1/fbb-TLF/b/it on input line 2934.

LaTeX Font Info:    Overwriting math alphabet `\Mathnormalbold' in version `bol
d'
(Font)                  T1/fbb-TLF/b/it --> T1/fbb-TLF/b/it on input line 2934.

LaTeX Font Info:    Overwriting symbol font `mtletterfont' in version `normal'
(Font)                  T1/fbb-TLF/m/it --> T1/fbb-TLF/m/it on input line 2934.

LaTeX Font Info:    Overwriting symbol font `mtletterfont' in version `bold'
(Font)                  T1/fbb-TLF/m/it --> T1/fbb-TLF/b/it on input line 2934.

LaTeX Font Info:    Overwriting symbol font `mtoperatorfont' in version `normal
'
(Font)                  T1/fbb-TLF/m/n --> T1/fbb-TLF/m/n on input line 2934.
LaTeX Font Info:    Overwriting symbol font `mtoperatorfont' in version `bold'
(Font)                  T1/fbb-TLF/m/n --> T1/fbb-TLF/b/n on input line 2934.
LaTeX Font Info:    Overwriting math alphabet `\Mathbf' in version `normal'
(Font)                  T1/fbb-TLF/b/n --> T1/fbb-TLF/b/n on input line 2934.
LaTeX Font Info:    Overwriting math alphabet `\Mathbf' in version `bold'
(Font)                  T1/fbb-TLF/b/n --> T1/fbb-TLF/b/n on input line 2934.
LaTeX Font Info:    Overwriting math alphabet `\Mathit' in version `normal'
(Font)                  T1/fbb-TLF/m/it --> T1/fbb-TLF/m/it on input line 2934.

LaTeX Font Info:    Overwriting math alphabet `\Mathit' in version `bold'
(Font)                  T1/fbb-TLF/m/it --> T1/fbb-TLF/b/it on input line 2934.

LaTeX Font Info:    Overwriting math alphabet `\Mathsf' in version `normal'
(Font)                  T1/cmss/m/n --> T1/cmss/m/n on input line 2934.
LaTeX Font Info:    Overwriting math alphabet `\Mathsf' in version `bold'
(Font)                  T1/cmss/m/n --> T1/cmss/b/n on input line 2934.
LaTeX Font Info:    Overwriting math alphabet `\Mathtt' in version `normal'
(Font)                  T1/cmtt/m/n --> T1/cmtt/m/n on input line 2934.
LaTeX Font Info:    Overwriting math alphabet `\Mathtt' in version `bold'
(Font)                  T1/cmtt/m/n --> T1/cmtt/b/n on input line 2934.
LaTeX Font Info:    Overwriting symbol font `mteulervm' in version `bold'
(Font)                  U/zeur/m/n --> U/zeur/b/n on input line 2934.
LaTeX Font Info:    Overwriting math alphabet `\MathEulerBold' in version `norm
al'
(Font)                  U/zeur/b/n --> U/zeur/b/n on input line 2934.
LaTeX Font Info:    Overwriting math alphabet `\MathEulerBold' in version `bold
'
(Font)                  U/zeur/b/n --> U/zeur/b/n on input line 2934.
(   mathastext:   ) Latin letters in the `normal', resp. `bold',
(   mathastext:   ) math versions are now set up to use the fonts
(   mathastext:   ) T1/fbb-TLF/m/it, resp. T1/fbb-TLF/b/it.
(   mathastext:   ) Other characters (digits, ...) and \log-like names will be
(   mathastext:   ) typeset with the n shape.
(   mathastext:   ) \hbar
(   mathastext:   ) minus either as endash, Unicode minus, emdash or hyphen
(   mathastext:   ) The italic option is in effect.
(   mathastext:   ) Greek letters will use the Euler font.
(   mathastext:   ) Use \MathastextEulerScale{<factor>} to scale the font.
(   mathastext:   ) \HUGE has been (re)-defined.
(   mathastext:   ) mathastext has declared larger sizes for subscripts.
(   mathastext:   ) To keep LaTeX defaults, use option `defaultmathsizes'.

Package mathastext Info: Loading is complete.  You can now use \Mathastext to
(mathastext)             modify the normal and bold math versions.  Use it
(mathastext)             with optional argument or use \MTDeclareVersion to
(mathastext)             declare additional math versions.
) (C:\Program Files\MiKTeX\tex/latex/environ\environ.sty
Package: environ 2014/05/04 v0.3 A new way to define environments

(C:\Program Files\MiKTeX\tex/latex/trimspaces\trimspaces.sty
Package: trimspaces 2009/09/17 v1.1 Trim spaces around a token list
)
\@envbody=\toks36
)
(C:\Users\Administrator\AppData\Roaming\MiKTeX\tex/latex/biblatex-chicago\bibla
tex-chicago.sty
Package: biblatex-chicago 2022/07/02 v 3.18 biblatex style
 (C:\Program Files\MiKTeX\tex/latex/hyperref\nameref.sty
Package: nameref 2025-06-21 v2.57 Cross-referencing by name of section

(C:\Users\Administrator\AppData\Roaming\MiKTeX\tex/latex/refcount\refcount.sty
Package: refcount 2019/12/15 v3.6 Data extraction from label references (HO)
)
(C:\Users\Administrator\AppData\Roaming\MiKTeX\tex/generic/gettitlestring\getti
tlestring.sty
Package: gettitlestring 2019/12/15 v1.6 Cleanup title references (HO)
)
\c@section@level=\count350
) (C:\Program Files\MiKTeX\tex/latex/biblatex\biblatex.sty
Package: biblatex 2025/07/10 v3.21 programmable bibliographies (PK/MW)

(C:\Users\Administrator\AppData\Roaming\MiKTeX\tex/latex/logreq\logreq.sty
Package: logreq 2010/08/04 v1.0 xml request logger
\lrq@indent=\count351

(C:\Users\Administrator\AppData\Roaming\MiKTeX\tex/latex/logreq\logreq.def
File: logreq.def 2010/08/04 v1.0 logreq spec v1.0
))
\c@tabx@nest=\count352
\c@listtotal=\count353
\c@listcount=\count354
\c@liststart=\count355
\c@liststop=\count356
\c@citecount=\count357
\c@citetotal=\count358
\c@multicitecount=\count359
\c@multicitetotal=\count360
\c@instcount=\count361
\c@maxnames=\count362
\c@minnames=\count363
\c@maxitems=\count364
\c@minitems=\count365
\c@citecounter=\count366
\c@maxcitecounter=\count367
\c@savedcitecounter=\count368
\c@uniquelist=\count369
\c@uniquename=\count370
\c@refsection=\count371
\c@refsegment=\count372
\c@maxextratitle=\count373
\c@maxextratitleyear=\count374
\c@maxextraname=\count375
\c@maxextradate=\count376
\c@maxextraalpha=\count377
\c@abbrvpenalty=\count378
\c@highnamepenalty=\count379
\c@lownamepenalty=\count380
\c@maxparens=\count381
\c@parenlevel=\count382
\blx@tempcnta=\count383
\blx@tempcntb=\count384
\blx@tempcntc=\count385
\c@blx@maxsection=\count386
\blx@maxsegment@0=\count387
\blx@notetype=\count388
\blx@parenlevel@text=\count389
\blx@parenlevel@foot=\count390
\blx@sectionciteorder@0=\count391
\blx@sectionciteorderinternal@0=\count392
\blx@entrysetcounter=\count393
\blx@biblioinstance=\count394
\labelnumberwidth=\skip144
\labelalphawidth=\skip145
\biblabelsep=\skip146
\bibitemsep=\skip147
\bibnamesep=\skip148
\bibinitsep=\skip149
\bibparsep=\skip150
\bibhang=\skip151
\blx@bcfin=\read2
\blx@bcfout=\write4
\blx@langwohyphens=\language79
\c@mincomprange=\count395
\c@maxcomprange=\count396
\c@mincompwidth=\count397
Package biblatex Info: Trying to load biblatex default data model...
Package biblatex Info: ... file 'blx-dm.def' found.

(C:\Program Files\MiKTeX\tex/latex/biblatex\blx-dm.def
File: blx-dm.def 2025/07/10 v3.21 biblatex datamodel (PK/MW)
)
Package biblatex Info: Trying to load biblatex style data model...
Package biblatex Info: ... file 'chicago-authordate-trad.dbx' not found.
Package biblatex Info: Trying to load biblatex custom data model...
Package biblatex Info: ... file 'biblatex-dm.cfg' not found.
\c@afterword=\count398
\c@savedafterword=\count399
\c@annotator=\count400
\c@savedannotator=\count401
\c@author=\count402
\c@savedauthor=\count403
\c@bookauthor=\count404
\c@savedbookauthor=\count405
\c@commentator=\count406
\c@savedcommentator=\count407
\c@editor=\count408
\c@savededitor=\count409
\c@editora=\count410
\c@savededitora=\count411
\c@editorb=\count412
\c@savededitorb=\count413
\c@editorc=\count414
\c@savededitorc=\count415
\c@foreword=\count416
\c@savedforeword=\count417
\c@holder=\count418
\c@savedholder=\count419
\c@introduction=\count420
\c@savedintroduction=\count421
\c@namea=\count422
\c@savednamea=\count423
\c@nameb=\count424
\c@savednameb=\count425
\c@namec=\count426
\c@savednamec=\count427
\c@translator=\count428
\c@savedtranslator=\count429
\c@shortauthor=\count430
\c@savedshortauthor=\count431
\c@shorteditor=\count432
\c@savedshorteditor=\count433
\c@labelname=\count434
\c@savedlabelname=\count435
\c@institution=\count436
\c@savedinstitution=\count437
\c@lista=\count438
\c@savedlista=\count439
\c@listb=\count440
\c@savedlistb=\count441
\c@listc=\count442
\c@savedlistc=\count443
\c@listd=\count444
\c@savedlistd=\count445
\c@liste=\count446
\c@savedliste=\count447
\c@listf=\count448
\c@savedlistf=\count449
\c@location=\count450
\c@savedlocation=\count451
\c@organization=\count452
\c@savedorganization=\count453
\c@origlocation=\count454
\c@savedoriglocation=\count455
\c@origpublisher=\count456
\c@savedorigpublisher=\count457
\c@publisher=\count458
\c@savedpublisher=\count459
\c@language=\count460
\c@savedlanguage=\count461
\c@origlanguage=\count462
\c@savedoriglanguage=\count463
\c@pageref=\count464
\c@savedpageref=\count465
\shorthandwidth=\skip152
\shortjournalwidth=\skip153
\shortserieswidth=\skip154
\shorttitlewidth=\skip155
\shortauthorwidth=\skip156
\shorteditorwidth=\skip157
\locallabelnumberwidth=\skip158
\locallabelalphawidth=\skip159
\localshorthandwidth=\skip160
\localshortjournalwidth=\skip161
\localshortserieswidth=\skip162
\localshorttitlewidth=\skip163
\localshortauthorwidth=\skip164
\localshorteditorwidth=\skip165
Package biblatex Info: Trying to load compatibility code...
Package biblatex Info: ... file 'blx-compat.def' found.

(C:\Program Files\MiKTeX\tex/latex/biblatex\blx-compat.def
File: blx-compat.def 2025/07/10 v3.21 biblatex compatibility (PK/MW)
)
Package biblatex Info: Trying to load generic definitions...
Package biblatex Info: ... file 'biblatex.def' found.

(C:\Program Files\MiKTeX\tex/latex/biblatex\biblatex.def
File: biblatex.def 2025/07/10 v3.21 biblatex compatibility (PK/MW)
\c@textcitecount=\count466
\c@textcitetotal=\count467
\c@textcitemaxnames=\count468
\c@biburlbigbreakpenalty=\count469
\c@biburlbreakpenalty=\count470
\c@biburlnumpenalty=\count471
\c@biburlucpenalty=\count472
\c@biburllcpenalty=\count473
\biburlbigskip=\muskip21
\biburlnumskip=\muskip22
\biburlucskip=\muskip23
\biburllcskip=\muskip24
\c@smartand=\count474
)
Package biblatex Info: Trying to load natbib compatibility...
Package biblatex Info: ... file 'blx-natbib.def' found.

(C:\Program Files\MiKTeX\tex/latex/biblatex\blx-natbib.def
File: blx-natbib.def 2025/07/10 v3.21 biblatex compatibility (PK/MW)
Package biblatex Info: Delimiter 'nameyeardelim' in context '' already defined,
 overwriting.
)
Package biblatex Info: Trying to load bibliography style 'chicago-authordate-tr
ad'...
Package biblatex Info: ... file 'chicago-authordate-trad.bbx' found.

(C:\Users\Administrator\AppData\Roaming\MiKTeX\tex/latex/biblatex-chicago\chica
go-authordate-trad.bbx
File: chicago-authordate-trad.bbx 
Package biblatex Info: Trying to load bibliography style 'chicago-authordate'..
.
Package biblatex Info: ... file 'chicago-authordate.bbx' found.

(C:\Users\Administrator\AppData\Roaming\MiKTeX\tex/latex/biblatex-chicago\chica
go-authordate.bbx
File: chicago-authordate.bbx 2022/11/17 v 3.18b biblatex bibliography style
\lositemsep=\skip166
Package biblatex Info: Delimiter 'revsdnamedelim' in context '' already defined
, overwriting.
\cms@tempcnta=\count475
\cms@tempcntb=\count476
\c@bbx:relatedcount=\count477
\c@bbx:relatedtotal=\count478
))
Package biblatex Info: Trying to load citation style 'chicago-authordate-trad'.
..
Package biblatex Info: ... file 'chicago-authordate-trad.cbx' found.

(C:\Users\Administrator\AppData\Roaming\MiKTeX\tex/latex/biblatex-chicago\chica
go-authordate-trad.cbx
File: chicago-authordate-trad.cbx 2022/07/02 v 3.18 biblatex citation style
Package biblatex Info: Trying to load citation style 'chicago-dates-common'...
Package biblatex Info: ... file 'chicago-dates-common.cbx' found.

(C:\Users\Administrator\AppData\Roaming\MiKTeX\tex/latex/biblatex-chicago\chica
go-dates-common.cbx
File: chicago-dates-common.cbx 2024/04/15 v 3.20 biblatex citation style
Package biblatex Info: Redefining '\cite'.
Package biblatex Info: Redefining '\parencite'.
Package biblatex Info: Redefining '\footcite'.
Package biblatex Info: Redefining '\footcitetext'.
Package biblatex Info: Redefining '\citetitle'.
Package biblatex Info: Redefining '\footfullcite'.
Package biblatex Info: Redefining '\fullcite'.
Package biblatex Info: Redefining '\textcite'.
Package biblatex Info: Redefining '\textcites'.
Package biblatex Info: Redefining '\cites'.
Package biblatex Info: Redefining '\parencites'.
Package biblatex Info: Redefining '\footcites'.
Package biblatex Info: Redefining '\footcitetexts'.
\c@cms@punct=\count479
Package biblatex Info: Delimiter 'dateeradelim' in context '' already defined, 
overwriting.
))
Package biblatex Info: Trying to load configuration file...
Package biblatex Info: ... file 'biblatex.cfg' found.
 (C:\Program Files\MiKTeX\tex/latex/biblatex\biblatex.cfg
File: biblatex.cfg 
)
Package biblatex Info: Input encoding 'utf8' detected.
Package biblatex Info: Document encoding is UTF8 ....
Package biblatex Info: ... and expl3
(biblatex)             2025-12-24 L3 programming layer (loader) 
(biblatex)             is new enough (at least 2020/04/06),
(biblatex)             setting 'casechanger=expl3'.
(C:\Program Files\MiKTeX\tex/latex/biblatex\blx-case-expl3.sty
Package: blx-case-expl3 2025/07/10 v3.21 expl3 case changing code for biblatex
))))
(preamble.tex (C:\Program Files\MiKTeX\tex/latex/base\inputenc.sty
Package: inputenc 2024/02/08 v1.3d Input encoding file
\inpenc@prehook=\toks37
\inpenc@posthook=\toks38
)
(C:\Program Files\MiKTeX\tex/latex/amsmath\amsbsy.sty
Package: amsbsy 1999/11/29 v1.2d Bold Symbols

(C:\Program Files\MiKTeX\tex/latex/amsmath\amsgen.sty
File: amsgen.sty 1999/11/30 v2.0 generic functions
\@emptytoks=\toks39
\ex@=\dimen184
)
\pmbraise@=\dimen185
)
(C:\Program Files\MiKTeX\tex/latex/amsfonts\amssymb.sty
Package: amssymb 2013/01/14 v3.01 AMS font symbols

(C:\Program Files\MiKTeX\tex/latex/amsfonts\amsfonts.sty
Package: amsfonts 2013/01/14 v3.01 Basic AMSFonts support
\symAMSa=\mathgroup7
\symAMSb=\mathgroup8
LaTeX Font Info:    Redeclaring math symbol \hbar on input line 98.
LaTeX Font Info:    Overwriting math alphabet `\mathfrak' in version `bold'
(Font)                  U/euf/m/n --> U/euf/b/n on input line 106.
))
(C:\Program Files\MiKTeX\tex/latex/amsmath\amsmath.sty
Package: amsmath 2025/07/09 v2.17z AMS math features
\@mathmargin=\skip167

For additional information on amsmath, use the `?' option.
(C:\Program Files\MiKTeX\tex/latex/amsmath\amstext.sty
Package: amstext 2024/11/17 v2.01 AMS text
)
(C:\Program Files\MiKTeX\tex/latex/amsmath\amsopn.sty
Package: amsopn 2022/04/08 v2.04 operator names
)
\inf@bad=\count480
LaTeX Info: Redefining \frac on input line 233.
\uproot@=\count481
\leftroot@=\count482
LaTeX Info: Redefining \overline on input line 398.
LaTeX Info: Redefining \colon on input line 409.
\classnum@=\count483
\DOTSCASE@=\count484
LaTeX Info: Redefining \ldots on input line 495.
LaTeX Info: Redefining \dots on input line 498.
LaTeX Info: Redefining \cdots on input line 619.
\Mathstrutbox@=\box67
\strutbox@=\box68
LaTeX Info: Redefining \big on input line 721.
LaTeX Info: Redefining \Big on input line 722.
LaTeX Info: Redefining \bigg on input line 723.
LaTeX Info: Redefining \Bigg on input line 724.
\big@size=\dimen186
LaTeX Font Info:    Redeclaring font encoding OML on input line 742.
LaTeX Font Info:    Redeclaring font encoding OMS on input line 743.
\macc@depth=\count485
LaTeX Info: Redefining \bmod on input line 904.
LaTeX Info: Redefining \pmod on input line 909.
LaTeX Info: Redefining \smash on input line 939.
LaTeX Info: Redefining \relbar on input line 969.
LaTeX Info: Redefining \Relbar on input line 970.
\c@MaxMatrixCols=\count486
\dotsspace@=\muskip25
\c@parentequation=\count487
\dspbrk@lvl=\count488
\tag@help=\toks40
\row@=\count489
\column@=\count490
\maxfields@=\count491
\andhelp@=\toks41
\eqnshift@=\dimen187
\alignsep@=\dimen188
\tagshift@=\dimen189
\tagwidth@=\dimen190
\totwidth@=\dimen191
\lineht@=\dimen192
\@envbody=\toks42
\multlinegap=\skip168
\multlinetaggap=\skip169
\mathdisplay@stack=\toks43
LaTeX Info: Redefining \[ on input line 2950.
LaTeX Info: Redefining \] on input line 2951.
)
(C:\Users\Administrator\AppData\Roaming\MiKTeX\tex/latex/amscls\amsthm.sty
Package: amsthm 2020/05/29 v2.20.6
\thm@style=\toks44
\thm@bodyfont=\toks45
\thm@headfont=\toks46
\thm@notefont=\toks47
\thm@headpunct=\toks48
\thm@preskip=\skip170
\thm@postskip=\skip171
\thm@headsep=\skip172
\dth@everypar=\toks49
)
(C:\Users\Administrator\AppData\Roaming\MiKTeX\tex/latex/tikz-cd\tikz-cd.sty
Package: tikz-cd 2021/05/04 v1.0 Commutative diagrams with TikZ

(C:\Program Files\MiKTeX\tex/latex/pgf/frontendlayer\tikz.sty
(C:\Program Files\MiKTeX\tex/latex/pgf/basiclayer\pgf.sty
(C:\Program Files\MiKTeX\tex/latex/pgf/utilities\pgfrcs.sty
(C:\Program Files\MiKTeX\tex/generic/pgf/utilities\pgfutil-common.tex
\pgfutil@everybye=\toks50
\pgfutil@tempdima=\dimen193
\pgfutil@tempdimb=\dimen194
)
(C:\Program Files\MiKTeX\tex/generic/pgf/utilities\pgfutil-latex.def
\pgfutil@abb=\box69
)
(C:\Program Files\MiKTeX\tex/generic/pgf/utilities\pgfrcs.code.tex
(C:\Program Files\MiKTeX\tex/generic/pgf\pgf.revision.tex)
Package: pgfrcs 2025-08-29 v3.1.11a (3.1.11a)
))
Package: pgf 2025-08-29 v3.1.11a (3.1.11a)

(C:\Program Files\MiKTeX\tex/latex/pgf/basiclayer\pgfcore.sty
(C:\Program Files\MiKTeX\tex/latex/pgf/systemlayer\pgfsys.sty
(C:\Program Files\MiKTeX\tex/generic/pgf/systemlayer\pgfsys.code.tex
Package: pgfsys 2025-08-29 v3.1.11a (3.1.11a)

(C:\Program Files\MiKTeX\tex/generic/pgf/utilities\pgfkeys.code.tex
\pgfkeys@pathtoks=\toks51
\pgfkeys@temptoks=\toks52

(C:\Program Files\MiKTeX\tex/generic/pgf/utilities\pgfkeyslibraryfiltered.code.
tex
\pgfkeys@tmptoks=\toks53
))
\pgf@x=\dimen195
\pgf@y=\dimen196
\pgf@xa=\dimen197
\pgf@ya=\dimen198
\pgf@xb=\dimen199
\pgf@yb=\dimen256
\pgf@xc=\dimen257
\pgf@yc=\dimen258
\pgf@xd=\dimen259
\pgf@yd=\dimen260
\w@pgf@writea=\write5
\r@pgf@reada=\read3
\c@pgf@counta=\count492
\c@pgf@countb=\count493
\c@pgf@countc=\count494
\c@pgf@countd=\count495
\t@pgf@toka=\toks54
\t@pgf@tokb=\toks55
\t@pgf@tokc=\toks56
\pgf@sys@id@count=\count496
 (C:\Program Files\MiKTeX\tex/generic/pgf/systemlayer\pgf.cfg
File: pgf.cfg 2025-08-29 v3.1.11a (3.1.11a)
)
Driver file for pgf: pgfsys-pdftex.def

(C:\Program Files\MiKTeX\tex/generic/pgf/systemlayer\pgfsys-pdftex.def
File: pgfsys-pdftex.def 2025-08-29 v3.1.11a (3.1.11a)

(C:\Program Files\MiKTeX\tex/generic/pgf/systemlayer\pgfsys-common-pdf.def
File: pgfsys-common-pdf.def 2025-08-29 v3.1.11a (3.1.11a)
)))
(C:\Program Files\MiKTeX\tex/generic/pgf/systemlayer\pgfsyssoftpath.code.tex
File: pgfsyssoftpath.code.tex 2025-08-29 v3.1.11a (3.1.11a)
\pgfsyssoftpath@smallbuffer@items=\count497
\pgfsyssoftpath@bigbuffer@items=\count498
)
(C:\Program Files\MiKTeX\tex/generic/pgf/systemlayer\pgfsysprotocol.code.tex
File: pgfsysprotocol.code.tex 2025-08-29 v3.1.11a (3.1.11a)
))
(C:\Program Files\MiKTeX\tex/generic/pgf/basiclayer\pgfcore.code.tex
Package: pgfcore 2025-08-29 v3.1.11a (3.1.11a)

(C:\Program Files\MiKTeX\tex/generic/pgf/math\pgfmath.code.tex
(C:\Program Files\MiKTeX\tex/generic/pgf/math\pgfmathutil.code.tex)
(C:\Program Files\MiKTeX\tex/generic/pgf/math\pgfmathparser.code.tex
\pgfmath@dimen=\dimen261
\pgfmath@count=\count499
\pgfmath@box=\box70
\pgfmath@toks=\toks57
\pgfmath@stack@operand=\toks58
\pgfmath@stack@operation=\toks59
)
(C:\Program Files\MiKTeX\tex/generic/pgf/math\pgfmathfunctions.code.tex)
(C:\Program Files\MiKTeX\tex/generic/pgf/math\pgfmathfunctions.basic.code.tex)
(C:\Program Files\MiKTeX\tex/generic/pgf/math\pgfmathfunctions.trigonometric.co
de.tex)
(C:\Program Files\MiKTeX\tex/generic/pgf/math\pgfmathfunctions.random.code.tex)

(C:\Program Files\MiKTeX\tex/generic/pgf/math\pgfmathfunctions.comparison.code.
tex)
(C:\Program Files\MiKTeX\tex/generic/pgf/math\pgfmathfunctions.base.code.tex)
(C:\Program Files\MiKTeX\tex/generic/pgf/math\pgfmathfunctions.round.code.tex)
(C:\Program Files\MiKTeX\tex/generic/pgf/math\pgfmathfunctions.misc.code.tex)
(C:\Program Files\MiKTeX\tex/generic/pgf/math\pgfmathfunctions.integerarithmeti
cs.code.tex) (C:\Program Files\MiKTeX\tex/generic/pgf/math\pgfmathcalc.code.tex
) (C:\Program Files\MiKTeX\tex/generic/pgf/math\pgfmathfloat.code.tex
\c@pgfmathroundto@lastzeros=\count500
))
(C:\Program Files\MiKTeX\tex/generic/pgf/math\pgfint.code.tex)
(C:\Program Files\MiKTeX\tex/generic/pgf/basiclayer\pgfcorepoints.code.tex
File: pgfcorepoints.code.tex 2025-08-29 v3.1.11a (3.1.11a)
\pgf@picminx=\dimen262
\pgf@picmaxx=\dimen263
\pgf@picminy=\dimen264
\pgf@picmaxy=\dimen265
\pgf@pathminx=\dimen266
\pgf@pathmaxx=\dimen267
\pgf@pathminy=\dimen268
\pgf@pathmaxy=\dimen269
\pgf@xx=\dimen270
\pgf@xy=\dimen271
\pgf@yx=\dimen272
\pgf@yy=\dimen273
\pgf@zx=\dimen274
\pgf@zy=\dimen275
)
(C:\Program Files\MiKTeX\tex/generic/pgf/basiclayer\pgfcorepathconstruct.code.t
ex
File: pgfcorepathconstruct.code.tex 2025-08-29 v3.1.11a (3.1.11a)
\pgf@path@lastx=\dimen276
\pgf@path@lasty=\dimen277
)
(C:\Program Files\MiKTeX\tex/generic/pgf/basiclayer\pgfcorepathusage.code.tex
File: pgfcorepathusage.code.tex 2025-08-29 v3.1.11a (3.1.11a)
\pgf@shorten@end@additional=\dimen278
\pgf@shorten@start@additional=\dimen279
)
(C:\Program Files\MiKTeX\tex/generic/pgf/basiclayer\pgfcorescopes.code.tex
File: pgfcorescopes.code.tex 2025-08-29 v3.1.11a (3.1.11a)
\pgfpic=\box71
\pgf@hbox=\box72
\pgf@layerbox@main=\box73
\pgf@picture@serial@count=\count501
)
(C:\Program Files\MiKTeX\tex/generic/pgf/basiclayer\pgfcoregraphicstate.code.te
x
File: pgfcoregraphicstate.code.tex 2025-08-29 v3.1.11a (3.1.11a)
\pgflinewidth=\dimen280
)
(C:\Program Files\MiKTeX\tex/generic/pgf/basiclayer\pgfcoretransformations.code
.tex
File: pgfcoretransformations.code.tex 2025-08-29 v3.1.11a (3.1.11a)
\pgf@pt@x=\dimen281
\pgf@pt@y=\dimen282
\pgf@pt@temp=\dimen283
) (C:\Program Files\MiKTeX\tex/generic/pgf/basiclayer\pgfcorequick.code.tex
File: pgfcorequick.code.tex 2025-08-29 v3.1.11a (3.1.11a)
) (C:\Program Files\MiKTeX\tex/generic/pgf/basiclayer\pgfcoreobjects.code.tex
File: pgfcoreobjects.code.tex 2025-08-29 v3.1.11a (3.1.11a)
)
(C:\Program Files\MiKTeX\tex/generic/pgf/basiclayer\pgfcorepathprocessing.code.
tex
File: pgfcorepathprocessing.code.tex 2025-08-29 v3.1.11a (3.1.11a)
) (C:\Program Files\MiKTeX\tex/generic/pgf/basiclayer\pgfcorearrows.code.tex
File: pgfcorearrows.code.tex 2025-08-29 v3.1.11a (3.1.11a)
\pgfarrowsep=\dimen284
) (C:\Program Files\MiKTeX\tex/generic/pgf/basiclayer\pgfcoreshade.code.tex
File: pgfcoreshade.code.tex 2025-08-29 v3.1.11a (3.1.11a)
\pgf@max=\dimen285
\pgf@sys@shading@range@num=\count502
\pgf@shadingcount=\count503
)
(C:\Program Files\MiKTeX\tex/generic/pgf/basiclayer\pgfcoreimage.code.tex
File: pgfcoreimage.code.tex 2025-08-29 v3.1.11a (3.1.11a)
)
(C:\Program Files\MiKTeX\tex/generic/pgf/basiclayer\pgfcoreexternal.code.tex
File: pgfcoreexternal.code.tex 2025-08-29 v3.1.11a (3.1.11a)
\pgfexternal@startupbox=\box74
)
(C:\Program Files\MiKTeX\tex/generic/pgf/basiclayer\pgfcorelayers.code.tex
File: pgfcorelayers.code.tex 2025-08-29 v3.1.11a (3.1.11a)
)
(C:\Program Files\MiKTeX\tex/generic/pgf/basiclayer\pgfcoretransparency.code.te
x
File: pgfcoretransparency.code.tex 2025-08-29 v3.1.11a (3.1.11a)
) (C:\Program Files\MiKTeX\tex/generic/pgf/basiclayer\pgfcorepatterns.code.tex
File: pgfcorepatterns.code.tex 2025-08-29 v3.1.11a (3.1.11a)
) (C:\Program Files\MiKTeX\tex/generic/pgf/basiclayer\pgfcorerdf.code.tex
File: pgfcorerdf.code.tex 2025-08-29 v3.1.11a (3.1.11a)
)))
(C:\Program Files\MiKTeX\tex/generic/pgf/modules\pgfmoduleshapes.code.tex
File: pgfmoduleshapes.code.tex 2025-08-29 v3.1.11a (3.1.11a)
\pgfnodeparttextbox=\box75
)
(C:\Program Files\MiKTeX\tex/generic/pgf/modules\pgfmoduleplot.code.tex
File: pgfmoduleplot.code.tex 2025-08-29 v3.1.11a (3.1.11a)
)
(C:\Program Files\MiKTeX\tex/latex/pgf/compatibility\pgfcomp-version-0-65.sty
Package: pgfcomp-version-0-65 2025-08-29 v3.1.11a (3.1.11a)
\pgf@nodesepstart=\dimen286
\pgf@nodesepend=\dimen287
)
(C:\Program Files\MiKTeX\tex/latex/pgf/compatibility\pgfcomp-version-1-18.sty
Package: pgfcomp-version-1-18 2025-08-29 v3.1.11a (3.1.11a)
)) (C:\Program Files\MiKTeX\tex/latex/pgf/utilities\pgffor.sty
(C:\Program Files\MiKTeX\tex/latex/pgf/utilities\pgfkeys.sty
(C:\Program Files\MiKTeX\tex/generic/pgf/utilities\pgfkeys.code.tex))
(C:\Program Files\MiKTeX\tex/latex/pgf/math\pgfmath.sty
(C:\Program Files\MiKTeX\tex/generic/pgf/math\pgfmath.code.tex))
(C:\Program Files\MiKTeX\tex/generic/pgf/utilities\pgffor.code.tex
Package: pgffor 2025-08-29 v3.1.11a (3.1.11a)
\pgffor@iter=\dimen288
\pgffor@skip=\dimen289
\pgffor@stack=\toks60
\pgffor@toks=\toks61
))
(C:\Program Files\MiKTeX\tex/generic/pgf/frontendlayer/tikz\tikz.code.tex
Package: tikz 2025-08-29 v3.1.11a (3.1.11a)

(C:\Program Files\MiKTeX\tex/generic/pgf/libraries\pgflibraryplothandlers.code.
tex
File: pgflibraryplothandlers.code.tex 2025-08-29 v3.1.11a (3.1.11a)
\pgf@plot@mark@count=\count504
\pgfplotmarksize=\dimen290
)
\tikz@lastx=\dimen291
\tikz@lasty=\dimen292
\tikz@lastxsaved=\dimen293
\tikz@lastysaved=\dimen294
\tikz@lastmovetox=\dimen295
\tikz@lastmovetoy=\dimen296
\tikzleveldistance=\dimen297
\tikzsiblingdistance=\dimen298
\tikz@figbox=\box76
\tikz@figbox@bg=\box77
\tikz@tempbox=\box78
\tikz@tempbox@bg=\box79
\tikztreelevel=\count505
\tikznumberofchildren=\count506
\tikznumberofcurrentchild=\count507
\tikz@fig@count=\count508
 (C:\Program Files\MiKTeX\tex/generic/pgf/modules\pgfmodulematrix.code.tex
File: pgfmodulematrix.code.tex 2025-08-29 v3.1.11a (3.1.11a)
\pgfmatrixcurrentrow=\count509
\pgfmatrixcurrentcolumn=\count510
\pgf@matrix@numberofcolumns=\count511
)
\tikz@expandcount=\count512

(C:\Program Files\MiKTeX\tex/generic/pgf/frontendlayer/tikz/libraries\tikzlibra
rytopaths.code.tex
File: tikzlibrarytopaths.code.tex 2025-08-29 v3.1.11a (3.1.11a)
)))
(C:\Users\Administrator\AppData\Roaming\MiKTeX\tex/latex/tikz-cd\tikzlibrarycd.
code.tex
(C:\Program Files\MiKTeX\tex/generic/pgf/frontendlayer/tikz/libraries\tikzlibra
rymatrix.code.tex
File: tikzlibrarymatrix.code.tex 2025-08-29 v3.1.11a (3.1.11a)
)
(C:\Program Files\MiKTeX\tex/generic/pgf/frontendlayer/tikz/libraries\tikzlibra
ryquotes.code.tex
File: tikzlibraryquotes.code.tex 2025-08-29 v3.1.11a (3.1.11a)
)
(C:\Program Files\MiKTeX\tex/generic/pgf/libraries\pgflibraryarrows.meta.code.t
ex
File: pgflibraryarrows.meta.code.tex 2025-08-29 v3.1.11a (3.1.11a)
\pgfarrowinset=\dimen299
\pgfarrowlength=\dimen300
\pgfarrowwidth=\dimen301
\pgfarrowlinewidth=\dimen302
)))
(C:\Users\Administrator\AppData\Roaming\MiKTeX\tex/latex/tikz-3dplot\tikz-3dplo
t.sty
(C:\Program Files\MiKTeX\tex/generic/pgf/frontendlayer/tikz/libraries\tikzlibra
rycalc.code.tex
File: tikzlibrarycalc.code.tex 2025-08-29 v3.1.11a (3.1.11a)
)
(C:\Program Files\MiKTeX\tex/generic/pgf/frontendlayer/tikz/libraries\tikzlibra
ry3d.code.tex
File: tikzlibrary3d.code.tex 2025-08-29 v3.1.11a (3.1.11a)
)
(C:\Program Files\MiKTeX\tex/generic/pgf/frontendlayer/tikz/libraries\tikzlibra
ryarrows.code.tex
File: tikzlibraryarrows.code.tex 2025-08-29 v3.1.11a (3.1.11a)

(C:\Program Files\MiKTeX\tex/generic/pgf/libraries\pgflibraryarrows.code.tex
File: pgflibraryarrows.code.tex 2025-08-29 v3.1.11a (3.1.11a)
\arrowsize=\dimen303
)))
(C:\Users\Administrator\AppData\Roaming\MiKTeX\tex/latex/circuitikz\circuitikz.
sty
Package: circuitikz 2026/02/04{} The CircuiTikz circuit drawing package version
 1.8.5

(C:\Program Files\MiKTeX\tex/generic/pgf/frontendlayer/tikz/libraries\tikzlibra
rybending.code.tex
File: tikzlibrarybending.code.tex 2025-08-29 v3.1.11a (3.1.11a)

(C:\Program Files\MiKTeX\tex/generic/pgf/modules\pgfmodulebending.code.tex
File: pgfmodulebending.code.tex 2025-08-29 v3.1.11a (3.1.11a)

(C:\Program Files\MiKTeX\tex/generic/pgf/modules\pgfmodulenonlineartransformati
ons.code.tex
File: pgfmodulenonlineartransformations.code.tex 2025-08-29 v3.1.11a (3.1.11a)
\pgftransformnonlinearflatness=\dimen304
)
(C:\Program Files\MiKTeX\tex/generic/pgf/libraries\pgflibrarycurvilinear.code.t
ex
File: pgflibrarycurvilinear.code.tex 2025-08-29 v3.1.11a (3.1.11a)
\pgf@curvilinear@time@a=\dimen305
\pgf@curvilinear@length@a=\dimen306
\pgf@curvilinear@length@b=\dimen307
\pgf@curvilinear@length@c=\dimen308
\pgf@curvilinear@length@d=\dimen309
)
\pgf@arrows@the@rigidity=\dimen310
))
(C:\Program Files\MiKTeX\tex/generic/pgf/frontendlayer/tikz/libraries\tikzlibra
ryfpu.code.tex
(C:\Program Files\MiKTeX\tex/generic/pgf/libraries\pgflibraryfpu.code.tex))
(C:\Users\Administrator\AppData\Roaming\MiKTeX\tex/generic/circuitikz\pgfcirc.d
efines.tex
\pgf@circ@count@a=\count513
\pgf@circ@count@b=\count514
\pgf@circ@count@c=\count515
\pgf@circ@res@up=\dimen311
\pgf@circ@res@down=\dimen312
\pgf@circ@res@zero=\dimen313
\pgf@circ@res@left=\dimen314
\pgf@circ@res@right=\dimen315
\pgf@circ@res@other=\dimen316
\pgf@circ@res@step=\dimen317
\pgf@circ@res@temp=\dimen318
\pgf@circ@Rlen=\dimen319
\pgf@circ@scaled@Rlen=\dimen320
\pgfstartlinewidth=\dimen321
)
(C:\Users\Administrator\AppData\Roaming\MiKTeX\tex/generic/circuitikz\pgfcircut
ils.tex
\ctikz@scratchbox=\box80
)
(C:\Users\Administrator\AppData\Roaming\MiKTeX\tex/generic/circuitikz\pgfcircpa
th.tex
\ctikz@vif@count=\count516
)
(C:\Users\Administrator\AppData\Roaming\MiKTeX\tex/generic/circuitikz\pgfcircsh
apes.tex)
(C:\Users\Administrator\AppData\Roaming\MiKTeX\tex/generic/circuitikz\pgfcircmo
nopoles.tex)
(C:\Users\Administrator\AppData\Roaming\MiKTeX\tex/generic/circuitikz\pgfcircbi
poles.tex)
(C:\Users\Administrator\AppData\Roaming\MiKTeX\tex/generic/circuitikz\pgfcirctr
ipoles.tex
\pgf@circ@res@count=\count517
)
(C:\Users\Administrator\AppData\Roaming\MiKTeX\tex/generic/circuitikz\pgfcircqu
adpoles.tex)
(C:\Users\Administrator\AppData\Roaming\MiKTeX\tex/generic/circuitikz\pgfcircmu
ltipoles.tex)
(C:\Users\Administrator\AppData\Roaming\MiKTeX\tex/generic/circuitikz\pgfcircla
bel.tex)
(C:\Users\Administrator\AppData\Roaming\MiKTeX\tex/generic/circuitikz\pgfcircvo
ltage.tex
\pgfcirc@labelshift=\dimen322
)
(C:\Users\Administrator\AppData\Roaming\MiKTeX\tex/generic/circuitikz\pgfcirccu
rrent.tex)
(C:\Users\Administrator\AppData\Roaming\MiKTeX\tex/generic/circuitikz\pgfcircfl
ow.tex)) (C:\Users\Administrator\AppData\Roaming\MiKTeX\tex/latex/bbm\bbm.sty
Package: bbm 1999/03/15 V 1.2 provides fonts for set symbols - TH
LaTeX Font Info:    Overwriting math alphabet `\mathbbm' in version `bold'
(Font)                  U/bbm/m/n --> U/bbm/bx/n on input line 33.
LaTeX Font Info:    Overwriting math alphabet `\mathbbmss' in version `bold'
(Font)                  U/bbmss/m/n --> U/bbmss/bx/n on input line 35.
)
(C:\Program Files\MiKTeX\tex/latex/tools\bm.sty
Package: bm 2025/10/21 v1.2g Bold Symbol Support (DPC/FMi)
\symboldoperators=\mathgroup9
\symboldletters=\mathgroup10
\symboldsymbols=\mathgroup11
Package bm Info: No bold for \OMX/cmex/m/n, using \pmb.
\symboldmtoperatorfont=\mathgroup12
Package bm Info: No bold for \U/msa/m/n, using \pmb.
Package bm Info: No bold for \U/msb/m/n, using \pmb.
LaTeX Font Info:    Redeclaring math alphabet \mathbf on input line 149.
)
(C:\Users\Administrator\AppData\Roaming\MiKTeX\tex/latex/fancyhdr\fancyhdr.sty
Package: fancyhdr 2025/02/07 v5.2 Extensive control of page headers and footers

\f@nch@headwidth=\skip173
\f@nch@offset@elh=\skip174
\f@nch@offset@erh=\skip175
\f@nch@offset@olh=\skip176
\f@nch@offset@orh=\skip177
\f@nch@offset@elf=\skip178
\f@nch@offset@erf=\skip179
\f@nch@offset@olf=\skip180
\f@nch@offset@orf=\skip181
\f@nch@height=\skip182
\f@nch@footalignment=\skip183
\f@nch@widthL=\skip184
\f@nch@widthC=\skip185
\f@nch@widthR=\skip186
\@temptokenb=\toks62
) (C:\Users\Administrator\AppData\Roaming\MiKTeX\tex/latex/parskip\parskip.sty
Package: parskip 2021-03-14 v2.0h non-zero parskip adjustments
)
(C:\Users\Administrator\AppData\Roaming\MiKTeX\tex/latex/mathtools\mathtools.st
y
Package: mathtools 2024/10/04 v1.31 mathematical typesetting tools
 (C:\Program Files\MiKTeX\tex/latex/tools\calc.sty
Package: calc 2025/03/01 v4.3b Infix arithmetic (KKT,FJ)
\calc@Acount=\count518
\calc@Bcount=\count519
\calc@Adimen=\dimen323
\calc@Bdimen=\dimen324
\calc@Askip=\skip187
\calc@Bskip=\skip188
LaTeX Info: Redefining \setlength on input line 86.
LaTeX Info: Redefining \addtolength on input line 87.
\calc@Ccount=\count520
\calc@Cskip=\skip189
)
(C:\Users\Administrator\AppData\Roaming\MiKTeX\tex/latex/mathtools\mhsetup.sty
Package: mhsetup 2021/03/18 v1.4 programming setup (MH)
)
\g_MT_multlinerow_int=\count521
\l_MT_multwidth_dim=\dimen325
\origjot=\skip190
\l_MT_shortvdotswithinadjustabove_dim=\dimen326
\l_MT_shortvdotswithinadjustbelow_dim=\dimen327
\l_MT_above_intertext_sep=\dimen328
\l_MT_below_intertext_sep=\dimen329
\l_MT_above_shortintertext_sep=\dimen330
\l_MT_below_shortintertext_sep=\dimen331
\xmathstrut@box=\box81
\xmathstrut@dim=\dimen332
)
(C:\Users\Administrator\AppData\Roaming\MiKTeX\tex/latex/parnotes\parnotes.sty
Package: parnotes 2024/06/12 rev. 3c Notes after every paragraph, or elsewhere
\c@parnotemark=\count522
) (C:\Program Files\MiKTeX\tex/latex/tools\tabularx.sty
Package: tabularx 2023/12/11 v2.12a `tabularx' package (DPC)
\TX@col@width=\dimen333
\TX@old@table=\dimen334
\TX@old@col=\dimen335
\TX@target=\dimen336
\TX@delta=\dimen337
\TX@cols=\count523
\TX@ftn=\toks63
)
(C:\Users\Administrator\AppData\Roaming\MiKTeX\tex/latex/braket\braket.sty)
(C:\Program Files\MiKTeX\tex/latex/graphics\dvipsnam.def
File: dvipsnam.def 2016/06/17 v3.0m Driver-dependent file (DPC,SPQR)
)
(C:\Program Files\MiKTeX\tex/latex/xcolor\x11nam.def
File: x11nam.def 2024/09/29 v3.02 Predefined colors according to Unix/X11 (UK)
)
(C:\Users\Administrator\AppData\Roaming\MiKTeX\tex/latex/thmtools\thmtools.sty
Package: thmtools 2023/05/04 v0.76
\thmt@toks=\toks64
\c@thmt@dummyctr=\count524

(C:\Users\Administrator\AppData\Roaming\MiKTeX\tex/latex/thmtools\thm-patch.sty
Package: thm-patch 2023/05/04 v0.76

(C:\Users\Administrator\AppData\Roaming\MiKTeX\tex/latex/thmtools\parseargs.sty
Package: parseargs 2023/05/04 v0.76
\@parsespec=\toks65
)) (C:\Users\Administrator\AppData\Roaming\MiKTeX\tex/latex/thmtools\thm-kv.sty
Package: thm-kv 2023/05/04 v0.76
Package thm-kv Info: Theorem names will be uppercased on input line 42.
Package thm-kv Info: kvsetkeys patch (v1.16 or later) on input line 158.
)
(C:\Users\Administrator\AppData\Roaming\MiKTeX\tex/latex/thmtools\thm-autoref.s
ty
Package: thm-autoref 2023/05/04 v0.76

(C:\Users\Administrator\AppData\Roaming\MiKTeX\tex/latex/thmtools\aliasctr.sty
Package: aliasctr 2023/05/04 v0.76
))
(C:\Users\Administrator\AppData\Roaming\MiKTeX\tex/latex/thmtools\thm-listof.st
y
Package: thm-listof 2023/05/04 v0.76
)
(C:\Users\Administrator\AppData\Roaming\MiKTeX\tex/latex/thmtools\thm-restate.s
ty
Package: thm-restate 2023/05/04 v0.76
)
(C:\Users\Administrator\AppData\Roaming\MiKTeX\tex/latex/thmtools\thm-amsthm.st
y
Package: thm-amsthm 2023/05/04 v0.76
\thmt@style@headstyle=\toks66
)) (C:\Users\Administrator\AppData\Roaming\MiKTeX\tex/latex/units\nicefrac.sty
Package: nicefrac 1998/08/04 v0.9b Nice fractions
\L@UnitsRaiseDisplaystyle=\skip191
\L@UnitsRaiseTextstyle=\skip192
\L@UnitsRaiseScriptstyle=\skip193
)
(C:\Users\Administrator\AppData\Roaming\MiKTeX\tex/latex/microtype\microtype.st
y
Package: microtype 2026/03/01 v3.2d Micro-typographical refinements (RS)
\MT@toks=\toks67
\MT@tempbox=\box82
\MT@count=\count525
LaTeX Info: Redefining \noprotrusionifhmode on input line 1084.
LaTeX Info: Redefining \leftprotrusion on input line 1085.
\MT@prot@toks=\toks68
LaTeX Info: Redefining \rightprotrusion on input line 1104.
LaTeX Info: Redefining \textls on input line 1449.
\MT@outer@kern=\dimen338
LaTeX Info: Redefining \microtypecontext on input line 2053.
LaTeX Info: Redefining \textmicrotypecontext on input line 2070.
\MT@listname@count=\count526

(C:\Users\Administrator\AppData\Roaming\MiKTeX\tex/latex/microtype\microtype-pd
ftex.def
File: microtype-pdftex.def 2026/03/01 v3.2d Definitions specific to pdftex (RS)

LaTeX Info: Redefining \lsstyle on input line 944.
LaTeX Info: Redefining \lslig on input line 944.
\MT@outer@space=\skip194
)
Package microtype Info: Loading configuration file microtype.cfg.

(C:\Users\Administrator\AppData\Roaming\MiKTeX\tex/latex/microtype\microtype.cf
g
File: microtype.cfg 2026/03/01 v3.2d microtype main configuration file (RS)
)
LaTeX Info: Redefining \microtypesetup on input line 3065.
)
(C:\Users\Administrator\AppData\Roaming\MiKTeX\tex/latex/stmaryrd\stmaryrd.sty
Package: stmaryrd 1994/03/03 St Mary's Road symbol package
\symstmry=\mathgroup13
LaTeX Font Info:    Overwriting symbol font `stmry' in version `bold'
(Font)                  U/stmry/m/n --> U/stmry/b/n on input line 89.
) (C:\Users\Administrator\AppData\Roaming\MiKTeX\tex/latex/csquotes\csquotes.st
y
Package: csquotes 2024-04-04 v5.2o context-sensitive quotations (JAW)
\csq@reset=\count527
\csq@gtype=\count528
\csq@glevel=\count529
\csq@qlevel=\count530
\csq@maxlvl=\count531
\csq@tshold=\count532
\csq@ltx@everypar=\toks69
(C:\Users\Administrator\AppData\Roaming\MiKTeX\tex/latex/csquotes\csquotes.def
File: csquotes.def 2024-04-04 v5.2o csquotes generic definitions (JAW)
)
Package csquotes Info: Trying to load configuration file 'csquotes.cfg'...
Package csquotes Info: ... configuration file loaded successfully.
(C:\Users\Administrator\AppData\Roaming\MiKTeX\tex/latex/csquotes\csquotes.cfg
File: csquotes.cfg 
))
(C:\Users\Administrator\AppData\Roaming\MiKTeX\tex/latex/nicematrix\nicematrix.
sty
Package: nicematrix 2026/04/23 v7.8b Enhanced arrays with the help of PGF/TikZ
\l__nicematrix_tmpc_dim=\dimen339
\l__nicematrix_tmpd_dim=\dimen340
\l__nicematrix_tmpc_int=\count533
\g__nicematrix_env_int=\count534
\l__nicematrix_the_array_box=\box83
\g__nicematrix_NiceMatrixBlock_int=\count535
\g__nicematrix_notes_caption_int=\count536
\l__nicematrix_columns_width_dim=\dimen341
\l__nicematrix_col_width_dim=\dimen342
\g__nicematrix_row_total_int=\count537
\g__nicematrix_col_total_int=\count538
\g__nicematrix_last_row_node_int=\count539
\l__nicematrix_key_nb_rows_int=\count540
\g__nicematrix_blocks_wd_dim=\dimen343
\g__nicematrix_blocks_ht_dim=\dimen344
\g__nicematrix_blocks_dp_dim=\dimen345
\l__nicematrix_width_dim=\dimen346
\l__nicematrix_tabular_width_dim=\dimen347
\l__nicematrix_rule_width_before_dim=\dimen348
\l__nicematrix_rule_width_after_dim=\dimen349
\l__nicematrix_old_iRow_int=\count541
\l__nicematrix_old_jCol_int=\count542
\l__nicematrix_X_columns_dim=\dimen350
\l__nicematrix_x_initial_dim=\dimen351
\l__nicematrix_y_initial_dim=\dimen352
\l__nicematrix_x_final_dim=\dimen353
\l__nicematrix_y_final_dim=\dimen354
\g__nicematrix_dp_row_zero_dim=\dimen355
\g__nicematrix_ht_row_zero_dim=\dimen356
\g__nicematrix_ht_row_one_dim=\dimen357
\g__nicematrix_dp_ante_last_row_dim=\dimen358
\g__nicematrix_ht_last_row_dim=\dimen359
\g__nicematrix_dp_last_row_dim=\dimen360
\g__nicematrix_width_last_col_dim=\dimen361
\g__nicematrix_width_first_col_dim=\dimen362
\l__nicematrix_multiplicity_int=\count543
\g__nicematrix_ddots_int=\count544
\g__nicematrix_iddots_int=\count545
\g__nicematrix_delta_x_one_dim=\dimen363
\g__nicematrix_delta_y_one_dim=\dimen364
\g__nicematrix_delta_x_two_dim=\dimen365
\g__nicematrix_delta_y_two_dim=\dimen366
\l__nicematrix_row_min_int=\count546
\l__nicematrix_row_max_int=\count547
\l__nicematrix_col_min_int=\count548
\l__nicematrix_col_max_int=\count549
\l__nicematrix_initial_i_int=\count550
\l__nicematrix_initial_j_int=\count551
\l__nicematrix_final_i_int=\count552
\l__nicematrix_final_j_int=\count553
\l__nicematrix_segment_start_int=\count554
\l__nicematrix_segment_end_int=\count555
\g__nicematrix_static_num_of_col_int=\count556
\g__nicematrix_block_box_int=\count557
\l__nicematrix_first_row_int=\count558
\l__nicematrix_first_col_int=\count559
\l__nicematrix_last_row_int=\count560
\l__nicematrix_last_col_int=\count561
\c@tabularnote=\count562
\g__nicematrix_tabularnote_int=\count563
\c@nicematrix_draft=\count564
\l__nicematrix_xdots_inter_dim=\dimen367
\l__nicematrix_xdots_shorten_start_dim=\dimen368
\l__nicematrix_xdots_shorten_end_dim=\dimen369
\l__nicematrix_xdots_radius_dim=\dimen370
\l__nicematrix_brace_shift_dim=\dimen371
\l__nicematrix_trees_line_width_dim=\dimen372
\l__nicematrix_trees_rounded_corners_dim=\dimen373
\l__nicematrix_tab_rounded_corners_dim=\dimen374
\l__nicematrix_cell_space_top_limit_dim=\dimen375
\l__nicematrix_cell_space_bottom_limit_dim=\dimen376
\l__nicematrix_left_margin_dim=\dimen377
\l__nicematrix_right_margin_dim=\dimen378
\l__nicematrix_extra_left_margin_dim=\dimen379
\l__nicematrix_extra_right_margin_dim=\dimen380
\c__nicematrix_max_l_dim=\dimen381
\l__nicematrix_rounded_corners_dim=\dimen382
\l__nicematrix_position_int=\count565
\l__nicematrix_start_int=\count566
\l__nicematrix_end_int=\count567
\l__nicematrix_line_width_dim=\dimen383
\l__nicematrix_offset_dim=\dimen384
\l__nicematrix_submatrix_extra_height_dim=\dimen385
\l__nicematrix_submatrix_left_xshift_dim=\dimen386
\l__nicematrix_submatrix_right_xshift_dim=\dimen387
\l__nicematrix_brace_yshift_dim=\dimen388
)
(C:\Users\Administrator\AppData\Roaming\MiKTeX\tex/latex/caption\subcaption.sty
Package: subcaption 2023/07/28 v1.6b Sub-captions (AR)
Package caption Info: New subtype `subfigure' on input line 238.
\c@subfigure=\count568
Package caption Info: New subtype `subtable' on input line 238.
\c@subtable=\count569
)
(C:\Users\Administrator\AppData\Roaming\MiKTeX\tex/latex/algorithm2e\algorithm2
e.sty
Package: algorithm2e 2017/07/18 v5.2 algorithms environments
\c@AlgoLine=\count570
\algocf@hangindent=\skip195

(C:\Users\Administrator\AppData\Roaming\MiKTeX\tex/latex/ifoddpage\ifoddpage.st
y
Package: ifoddpage 2022/10/18 v1.2 Conditionals for odd/even page detection
\c@checkoddpage=\count571
LaTeX Info: Redefining \checkoddpage on input line 45.
) (C:\Program Files\MiKTeX\tex/latex/tools\xspace.sty
Package: xspace 2014/10/28 v1.13 Space after command names (DPC,MH)
)
(C:\Users\Administrator\AppData\Roaming\MiKTeX\tex/latex/relsize\relsize.sty
Package: relsize 2013/03/29 ver 4.1
)
\skiptotal=\skip196
\skiplinenumber=\skip197
\skiprule=\skip198
\skiphlne=\skip199
\skiptext=\skip256
\skiplength=\skip257
\algomargin=\skip258
\skipalgocfslide=\skip259
\algowidth=\dimen389
\inoutsize=\dimen390
\inoutindent=\dimen391
\interspacetitleruled=\dimen392
\interspacealgoruled=\dimen393
\interspacetitleboxruled=\dimen394
\algocf@ruledwidth=\skip260
\algocf@inoutbox=\box84
\algocf@inputbox=\box85
\AlCapSkip=\skip261
\AlCapHSkip=\skip262
\algoskipindent=\skip263
\algocf@nlbox=\box86
\algocf@hangingbox=\box87
\algocf@untilbox=\box88
\algocf@skipuntil=\skip264
\algocf@capbox=\box89
\algocf@lcaptionbox=\skip265
\algoheightruledefault=\skip266
\algoheightrule=\skip267
\algotitleheightruledefault=\skip268
\algotitleheightrule=\skip269
\c@algocfline=\count572
\c@algocfproc=\count573
\c@algocf=\count574
\algocf@algoframe=\box90
\algocf@algobox=\box91
)
(C:\Users\Administrator\AppData\Roaming\MiKTeX\tex/latex/algorithmicx\algorithm
icx.sty
Package: algorithmicx 2005/04/27 v1.2 Algorithmicx

Document Style algorithmicx 1.2 - a greatly improved `algorithmic' style
\c@ALG@line=\count575
\c@ALG@rem=\count576
\c@ALG@nested=\count577
\ALG@tlm=\skip270
\ALG@thistlm=\skip271
\c@ALG@Lnr=\count578
\c@ALG@blocknr=\count579
\c@ALG@storecount=\count580
\c@ALG@tmpcounter=\count581
\ALG@tmplength=\skip272
)
(C:\Users\Administrator\AppData\Roaming\MiKTeX\tex/latex/booktabs\booktabs.sty
Package: booktabs 2020/01/12 v1.61803398 Publication quality tables
\heavyrulewidth=\dimen395
\lightrulewidth=\dimen396
\cmidrulewidth=\dimen397
\belowrulesep=\dimen398
\belowbottomsep=\dimen399
\aboverulesep=\dimen400
\abovetopsep=\dimen401
\cmidrulesep=\dimen402
\cmidrulekern=\dimen403
\defaultaddspace=\dimen404
\@cmidla=\count582
\@cmidlb=\count583
\@aboverulesep=\dimen405
\@belowrulesep=\dimen406
\@thisruleclass=\count584
\@lastruleclass=\count585
\@thisrulewidth=\dimen407
) (C:\Users\Administrator\AppData\Roaming\MiKTeX\tex/latex/multirow\multirow.st
y
Package: multirow 2024/11/12 v2.9 Span multiple rows of a table
\multirow@colwidth=\skip273
\multirow@cntb=\count586
\multirow@dima=\skip274
\bigstrutjot=\dimen408
) (C:\Program Files\MiKTeX\tex/latex/pgfplots\pgfplots.sty
(C:\Program Files\MiKTeX\tex/generic/pgfplots\pgfplots.revision.tex)
Package: pgfplots 2021/05/15 v1.18.1 Data Visualization (1.18.1)

(C:\Program Files\MiKTeX\tex/generic/pgfplots\pgfplots.code.tex
(C:\Program Files\MiKTeX\tex/generic/pgfplots\pgfplotscore.code.tex
\t@pgfplots@toka=\toks70
\t@pgfplots@tokb=\toks71
\t@pgfplots@tokc=\toks72
\pgfplots@tmpa=\dimen409
\c@pgfplots@coordindex=\count587
\c@pgfplots@scanlineindex=\count588

(C:\Program Files\MiKTeX\tex/generic/pgfplots/sys\pgfplotssysgeneric.code.tex))
(C:\Program Files\MiKTeX\tex/generic/pgfplots/libs\pgfplotslibrary.code.tex)
(C:\Program Files\MiKTeX\tex/generic/pgfplots/oldpgfcompatib\pgfplotsoldpgfsupp
_loader.code.tex
Package pgfplots: loading complementary utilities for your pgf version...
\t@pgf@toka=\toks73
\t@pgf@tokb=\toks74
\t@pgf@tokc=\toks75

(C:\Program Files\MiKTeX\tex/generic/pgfplots/oldpgfcompatib\pgfplotsoldpgfsupp
_pgfutil-common-lists.tex))
(C:\Program Files\MiKTeX\tex/generic/pgfplots/util\pgfplotsutil.code.tex
(C:\Program Files\MiKTeX\tex/generic/pgfplots/liststructure\pgfplotsliststructu
re.code.tex)
(C:\Program Files\MiKTeX\tex/generic/pgfplots/liststructure\pgfplotsliststructu
reext.code.tex)
(C:\Program Files\MiKTeX\tex/generic/pgfplots/liststructure\pgfplotsarray.code.
tex
\c@pgfplotsarray@tmp=\count589
)
(C:\Program Files\MiKTeX\tex/generic/pgfplots/liststructure\pgfplotsmatrix.code
.tex)
(C:\Program Files\MiKTeX\tex/generic/pgfplots/numtable\pgfplotstableshared.code
.tex
\c@pgfplotstable@counta=\count590
\t@pgfplotstable@a=\toks76
)
(C:\Program Files\MiKTeX\tex/generic/pgfplots/liststructure\pgfplotsdeque.code.
tex) (C:\Program Files\MiKTeX\tex/generic/pgfplots/util\pgfplotsbinary.code.tex

(C:\Program Files\MiKTeX\tex/generic/pgfplots/util\pgfplotsbinary.data.code.tex
))
(C:\Program Files\MiKTeX\tex/generic/pgfplots/util\pgfplotsutil.verb.code.tex)
(C:\Program Files\MiKTeX\tex/generic/pgfplots/libs\pgflibrarypgfplots.surfshadi
ng.code.tex
\c@pgfplotslibrarysurf@no=\count591

(C:\Program Files\MiKTeX\tex/generic/pgfplots/sys\pgflibrarypgfplots.surfshadin
g.pgfsys-pdftex.def)))
(C:\Program Files\MiKTeX\tex/generic/pgfplots/util\pgfplotscolormap.code.tex
(C:\Program Files\MiKTeX\tex/generic/pgfplots/util\pgfplotscolor.code.tex))
(C:\Program Files\MiKTeX\tex/generic/pgfplots\pgfplotsstackedplots.code.tex)
(C:\Program Files\MiKTeX\tex/generic/pgfplots\pgfplotsplothandlers.code.tex
(C:\Program Files\MiKTeX\tex/generic/pgfplots\pgfplotsmeshplothandler.code.tex
(C:\Program Files\MiKTeX\tex/generic/pgfplots\pgfplotsmeshplotimage.code.tex)))
(C:\Program Files\MiKTeX\tex/generic/pgfplots\pgfplots.scaling.code.tex)
(C:\Program Files\MiKTeX\tex/generic/pgfplots\pgfplotscoordprocessing.code.tex)
(C:\Program Files\MiKTeX\tex/generic/pgfplots\pgfplots.errorbars.code.tex)
(C:\Program Files\MiKTeX\tex/generic/pgfplots\pgfplots.markers.code.tex)
(C:\Program Files\MiKTeX\tex/generic/pgfplots\pgfplotsticks.code.tex)
(C:\Program Files\MiKTeX\tex/generic/pgfplots\pgfplots.paths.code.tex)
(C:\Program Files\MiKTeX\tex/generic/pgf/frontendlayer/tikz/libraries\tikzlibra
rydecorations.code.tex
(C:\Program Files\MiKTeX\tex/generic/pgf/modules\pgfmoduledecorations.code.tex
\pgfdecoratedcompleteddistance=\dimen410
\pgfdecoratedremainingdistance=\dimen411
\pgfdecoratedinputsegmentcompleteddistance=\dimen412
\pgfdecoratedinputsegmentremainingdistance=\dimen413
\pgf@decorate@distancetomove=\dimen414
\pgf@decorate@repeatstate=\count592
\pgfdecorationsegmentamplitude=\dimen415
\pgfdecorationsegmentlength=\dimen416
)
\tikz@lib@dec@box=\box92
)
(C:\Program Files\MiKTeX\tex/generic/pgf/frontendlayer/tikz/libraries\tikzlibra
rydecorations.pathmorphing.code.tex
(C:\Program Files\MiKTeX\tex/generic/pgf/libraries/decorations\pgflibrarydecora
tions.pathmorphing.code.tex))
(C:\Program Files\MiKTeX\tex/generic/pgf/frontendlayer/tikz/libraries\tikzlibra
rydecorations.pathreplacing.code.tex
(C:\Program Files\MiKTeX\tex/generic/pgf/libraries/decorations\pgflibrarydecora
tions.pathreplacing.code.tex))
(C:\Program Files\MiKTeX\tex/generic/pgfplots/libs\tikzlibrarypgfplots.contourl
ua.code.tex)
\pgfplots@numplots=\count593
\pgfplots@xmin@reg=\dimen417
\pgfplots@xmax@reg=\dimen418
\pgfplots@ymin@reg=\dimen419
\pgfplots@ymax@reg=\dimen420
\pgfplots@zmin@reg=\dimen421
\pgfplots@zmax@reg=\dimen422
)
(C:\Program Files\MiKTeX\tex/generic/pgf/frontendlayer/tikz/libraries\tikzlibra
ryplotmarks.code.tex
File: tikzlibraryplotmarks.code.tex 2025-08-29 v3.1.11a (3.1.11a)

(C:\Program Files\MiKTeX\tex/generic/pgf/libraries\pgflibraryplotmarks.code.tex
File: pgflibraryplotmarks.code.tex 2025-08-29 v3.1.11a (3.1.11a)
)))
(C:\Program Files\MiKTeX\tex/generic/pgf/frontendlayer/tikz/libraries\tikzlibra
rypatterns.code.tex
File: tikzlibrarypatterns.code.tex 2025-08-29 v3.1.11a (3.1.11a)

(C:\Program Files\MiKTeX\tex/generic/pgf/libraries\pgflibrarypatterns.code.tex
File: pgflibrarypatterns.code.tex 2025-08-29 v3.1.11a (3.1.11a)
))
(C:\Program Files\MiKTeX\tex/generic/pgf/frontendlayer/tikz/libraries\tikzlibra
ryshadings.code.tex
File: tikzlibraryshadings.code.tex 2025-08-29 v3.1.11a (3.1.11a)

(C:\Program Files\MiKTeX\tex/generic/pgf/libraries\pgflibraryshadings.code.tex
File: pgflibraryshadings.code.tex 2025-08-29 v3.1.11a (3.1.11a)
))
(C:\Program Files\MiKTeX\tex/generic/pgf/frontendlayer/tikz/libraries\tikzlibra
ryshapes.geometric.code.tex
File: tikzlibraryshapes.geometric.code.tex 2025-08-29 v3.1.11a (3.1.11a)

(C:\Program Files\MiKTeX\tex/generic/pgf/libraries/shapes\pgflibraryshapes.geom
etric.code.tex
File: pgflibraryshapes.geometric.code.tex 2025-08-29 v3.1.11a (3.1.11a)
))
(C:\Program Files\MiKTeX\tex/generic/pgf/frontendlayer/tikz/libraries\tikzlibra
rypositioning.code.tex
File: tikzlibrarypositioning.code.tex 2025-08-29 v3.1.11a (3.1.11a)
)
(C:\Program Files\MiKTeX\tex/generic/pgf/frontendlayer/tikz/libraries\tikzlibra
ryfit.code.tex
File: tikzlibraryfit.code.tex 2025-08-29 v3.1.11a (3.1.11a)
) (C:\Program Files\MiKTeX\tex/latex/hyperref\hyperref.sty
Package: hyperref 2025-07-12 v7.01o Hypertext links for LaTeX

(C:\Users\Administrator\AppData\Roaming\MiKTeX\tex/generic/pdfescape\pdfescape.
sty
Package: pdfescape 2019/12/09 v1.15 Implements pdfTeX's escape features (HO)
)
(C:\Users\Administrator\AppData\Roaming\MiKTeX\tex/latex/hycolor\hycolor.sty
Package: hycolor 2020-01-27 v1.10 Color options for hyperref/bookmark (HO)
)
(C:\Users\Administrator\AppData\Roaming\MiKTeX\tex/generic/stringenc\stringenc.
sty
Package: stringenc 2019/11/29 v1.12 Convert strings between diff. encodings (HO
)
)
\@linkdim=\dimen423
\Hy@linkcounter=\count594
\Hy@pagecounter=\count595
 (C:\Program Files\MiKTeX\tex/latex/hyperref\pd1enc.def
File: pd1enc.def 2025-07-12 v7.01o Hyperref: PDFDocEncoding definition (HO)
Now handling font encoding PD1 ...
... no UTF-8 mapping file for font encoding PD1
)
\Hy@SavedSpaceFactor=\count596

(C:\Program Files\MiKTeX\tex/latex/hyperref\puenc.def
File: puenc.def 2025-07-12 v7.01o Hyperref: PDF Unicode definition (HO)
Now handling font encoding PU ...
... no UTF-8 mapping file for font encoding PU
)
Package hyperref Info: Hyper figures OFF on input line 4195.
Package hyperref Info: Link nesting OFF on input line 4200.
Package hyperref Info: Hyper index ON on input line 4203.
Package hyperref Info: Plain pages OFF on input line 4210.
Package hyperref Info: Backreferencing OFF on input line 4215.
Package hyperref Info: Implicit mode ON; LaTeX internals redefined.
Package hyperref Info: Bookmarks ON on input line 4462.
\c@Hy@tempcnt=\count597
LaTeX Info: Redefining \url on input line 4801.
\XeTeXLinkMargin=\dimen424

(C:\Users\Administrator\AppData\Roaming\MiKTeX\tex/generic/bitset\bitset.sty
Package: bitset 2019/12/09 v1.3 Handle bit-vector datatype (HO)

(C:\Users\Administrator\AppData\Roaming\MiKTeX\tex/generic/bigintcalc\bigintcal
c.sty
Package: bigintcalc 2019/12/15 v1.5 Expandable calculations on big integers (HO
)
))
\Fld@menulength=\count598
\Field@Width=\dimen425
\Fld@charsize=\dimen426
Package hyperref Info: Hyper figures OFF on input line 6078.
Package hyperref Info: Link nesting OFF on input line 6083.
Package hyperref Info: Hyper index ON on input line 6086.
Package hyperref Info: backreferencing OFF on input line 6093.
Package hyperref Info: Link coloring OFF on input line 6098.
Package hyperref Info: Link coloring with OCG OFF on input line 6103.
Package hyperref Info: PDF/A mode OFF on input line 6108.
\Hy@abspage=\count599
\c@Item=\count600
\c@Hfootnote=\count601
)
Package hyperref Info: Driver (autodetected): hpdftex.
 (C:\Program Files\MiKTeX\tex/latex/hyperref\hpdftex.def
File: hpdftex.def 2025-07-12 v7.01o Hyperref driver for pdfTeX
\HyAnn@Count=\count602
\Fld@listcount=\count603
\c@bookmark@seq@number=\count604

(C:\Users\Administrator\AppData\Roaming\MiKTeX\tex/latex/rerunfilecheck\rerunfi
lecheck.sty
Package: rerunfilecheck 2025-06-21 v1.11 Rerun checks for auxiliary files (HO)

(C:\Users\Administrator\AppData\Roaming\MiKTeX\tex/generic/uniquecounter\unique
counter.sty
Package: uniquecounter 2019/12/15 v1.4 Provide unlimited unique counter (HO)
)
Package uniquecounter Info: New unique counter `rerunfilecheck' on input line 2
84.
)
\Hy@SectionHShift=\skip275
)
\c@definition=\count605
\c@theorem=\count606
\c@col=\count607
\c@conjecture=\count608
\c@setting=\count609
\c@assume=\count610
\c@hypothesis=\count611
\c@postulate=\count612
\c@question=\count613
\c@note=\count614

(C:\Users\Administrator\AppData\Roaming\MiKTeX\tex/latex/wrapfig\wrapfig.sty
\wrapoverhang=\dimen427
\WF@size=\dimen428
\c@WF@wrappedlines=\count615
\WF@box=\box93
\WF@everypar=\toks77
Package: wrapfig 2003/01/31  v 3.6
)
(C:\Program Files\MiKTeX\tex/latex/ragged2e\ragged2e.sty
Package: ragged2e 2023/06/22 v3.6 ragged2e Package
\CenteringLeftskip=\skip276
\RaggedLeftLeftskip=\skip277
\RaggedRightLeftskip=\skip278
\CenteringRightskip=\skip279
\RaggedLeftRightskip=\skip280
\RaggedRightRightskip=\skip281
\CenteringParfillskip=\skip282
\RaggedLeftParfillskip=\skip283
\RaggedRightParfillskip=\skip284
\JustifyingParfillskip=\skip285
\CenteringParindent=\skip286
\RaggedLeftParindent=\skip287
\RaggedRightParindent=\skip288
\JustifyingParindent=\skip289
)
(C:\Users\Administrator\AppData\Roaming\MiKTeX\tex/latex/sidecap\sidecap.sty
Package: sidecap 2023/01/24 v1.7a SideCap Package (RN/HjG)
\SC@BOXWD=\dimen429
\SC@CAPWD=\dimen430
\SC@tempdima=\dimen431
\SC@tempdimb=\dimen432
\c@SC@C=\count616
\SC@BOX=\box94
))
(C:\Program Files\MiKTeX\tex/latex/tcolorbox\tcolorbox.sty
Package: tcolorbox 2025/11/28 version 6.9.0 text color boxes

(C:\Program Files\MiKTeX\tex/latex/tools\verbatim.sty
Package: verbatim 2024-01-22 v1.5x LaTeX2e package for verbatim enhancements
\every@verbatim=\toks78
\verbatim@line=\toks79
\verbatim@in@stream=\read4
)
\tcb@titlebox=\box95
\tcb@upperbox=\box96
\tcb@lowerbox=\box97
\tcb@phantombox=\box98
\c@tcbbreakpart=\count617
\c@tcblayer=\count618
\c@tcolorbox@number=\count619
\l__tcobox_tmpa_box=\box99
\l__tcobox_tmpa_dim=\dimen433
\tcb@temp=\box100
\tcb@temp=\box101
\tcb@temp=\box102
\tcb@temp=\box103

(C:\Program Files\MiKTeX\tex/latex/tcolorbox\tcbbreakable.code.tex
Library (tcolorbox): 'tcbbreakable.code.tex' version '6.9.0'
(C:\Users\Administrator\AppData\Roaming\MiKTeX\tex/latex/pdfcol\pdfcol.sty
Package: pdfcol 2022-09-21 v1.7 Handle new color stacks for pdfTeX (HO)
)
Package pdfcol Info: New color stack `tcb@breakable' = 1 on input line 23.
\tcb@testbox=\box104
\tcb@totalupperbox=\box105
\tcb@totallowerbox=\box106
)
(C:\Program Files\MiKTeX\tex/latex/tcolorbox\tcbtheorems.code.tex
Library (tcolorbox): 'tcbtheorems.code.tex' version '6.9.0'
) (C:\Program Files\MiKTeX\tex/latex/tcolorbox\tcbskins.code.tex
Library (tcolorbox): 'tcbskins.code.tex' version '6.9.0'

(C:\Users\Administrator\AppData\Roaming\MiKTeX\tex/latex/tikzfill\tikzfill.imag
e.sty
Package: tikzfill.image 2026/04/23 v1.2.0 Image filling library for TikZ

(C:\Users\Administrator\AppData\Roaming\MiKTeX\tex/latex/tikzfill\tikzlibraryfi
ll.image.code.tex
File: tikzlibraryfill.image.code.tex 2026/04/23 v1.2.0 Image filling library
\l__tikzfill_tmpa_dim=\dimen434
\l__tikzfill_tmpb_dim=\dimen435
\l__tikzfill_img_box=\box107
))
(C:\Program Files\MiKTeX\tex/latex/tcolorbox\tcbskinsjigsaw.code.tex
Library (tcolorbox): 'tcbskinsjigsaw.code.tex' version '6.9.0'
))) (math_commands.tex
LaTeX Font Info:    Overwriting math alphabet `\mathsfit' in version `bold'
(Font)                  T1/cmss/m/sl --> T1/cmss/bx/n on input line 314.
)
LaTeX Font Info:    Trying to load font information for T1+fbb-TLF on input lin
e 33.

(C:\Users\Administrator\AppData\Roaming\MiKTeX\tex/latex/fbb\t1fbb-tlf.fd
File: T1fbb-TLF.fd 2020/07/01 (msharpe) Font definitions for T1/fbb-TLF.
)
LaTeX Font Info:    Font shape `T1/fbb-TLF/m/n' will be
(Font)              scaled to size 9.70001pt on input line 33.


Package biblatex Warning: Load 'inputenc' before biblatex.

Package csquotes Info: Checking for multilingual support...
Package csquotes Info: ... none found.
(paper2a.aux)
\openout1 = `paper2a.aux'.

LaTeX Font Info:    Checking defaults for OML/cmm/m/it on input line 33.
LaTeX Font Info:    ... okay on input line 33.
LaTeX Font Info:    Checking defaults for OMS/cmsy/m/n on input line 33.
LaTeX Font Info:    ... okay on input line 33.
LaTeX Font Info:    Checking defaults for OT1/cmr/m/n on input line 33.
LaTeX Font Info:    ... okay on input line 33.
LaTeX Font Info:    Checking defaults for T1/cmr/m/n on input line 33.
LaTeX Font Info:    ... okay on input line 33.
LaTeX Font Info:    Checking defaults for TS1/cmr/m/n on input line 33.
LaTeX Font Info:    ... okay on input line 33.
LaTeX Font Info:    Checking defaults for OMX/cmex/m/n on input line 33.
LaTeX Font Info:    ... okay on input line 33.
LaTeX Font Info:    Checking defaults for U/cmr/m/n on input line 33.
LaTeX Font Info:    ... okay on input line 33.
LaTeX Font Info:    Checking defaults for LY1/ptm/m/n on input line 33.
LaTeX Font Info:    Trying to load font information for LY1+ptm on input line 3
3.

(C:\Users\Administrator\AppData\Roaming\MiKTeX\tex/latex/ly1\ly1ptm.fd
File: ly1ptm.fd 2001/02/01 font definitions for LY1/ptm using Berry names.
)
LaTeX Font Info:    ... okay on input line 33.
LaTeX Font Info:    Checking defaults for PD1/pdf/m/n on input line 33.
LaTeX Font Info:    ... okay on input line 33.
LaTeX Font Info:    Checking defaults for PU/pdf/m/n on input line 33.
LaTeX Font Info:    ... okay on input line 33.

*geometry* driver: auto-detecting
*geometry* detected driver: pdftex
*geometry* verbose mode - [ preamble ] result:
* driver: pdftex
* paper: custom
* layout: <same size as paper>
* layoutoffset:(h,v)=(0.0pt,0.0pt)
* modes: twoside 
* h-part:(L,W,R)=(42.67912pt, 514.99507pt, 39.83368pt)
* v-part:(T,H,B)=(65.44142pt, 682.86615pt, 48.36958pt)
* \paperwidth=597.50787pt
* \paperheight=796.67715pt
* \textwidth=514.99507pt
* \textheight=682.86615pt
* \oddsidemargin=-29.59087pt
* \evensidemargin=-32.43631pt
* \topmargin=-41.59085pt
* \headheight=12.0pt
* \headsep=22.76228pt
* \topskip=10.0pt
* \footskip=30.0pt
* \marginparwidth=121.0pt
* \marginparsep=11.0pt
* \columnsep=19.99512pt
* \skip\footins=13.0pt plus 6.0pt minus 2.0pt
* \hoffset=0.0pt
* \voffset=0.0pt
* \mag=1000
* \@twocolumnfalse
* \@twosidetrue
* \@mparswitchtrue
* \@reversemarginfalse
* (1in=72.27pt=25.4mm, 1cm=28.453pt)

(C:\Program Files\MiKTeX\tex/context/base/mkii\supp-pdf.mkii
[Loading MPS to PDF converter (version 2006.09.02).]
\scratchcounter=\count620
\scratchdimen=\dimen436
\scratchbox=\box108
\nofMPsegments=\count621
\nofMParguments=\count622
\everyMPshowfont=\toks80
\MPscratchCnt=\count623
\MPscratchDim=\dimen437
\MPnumerator=\count624
\makeMPintoPDFobject=\count625
\everyMPtoPDFconversion=\toks81
) (C:\Program Files\MiKTeX\tex/latex/epstopdf-pkg\epstopdf-base.sty
Package: epstopdf-base 2020-01-24 v2.11 Base part for package epstopdf
Package epstopdf-base Info: Redefining graphics rule for `.eps' on input line 4
85.

(C:\Program Files\MiKTeX\tex/latex/00miktex\epstopdf-sys.cfg
File: epstopdf-sys.cfg 2021/03/18 v2.0 Configuration of epstopdf for MiKTeX
))
Package caption Info: Begin \AtBeginDocument code.
Package caption Info: float package is loaded.
Package caption Info: floatrow package is loaded.
Package caption Info: floatrow package is loaded.
Package caption Info: hyperref package is loaded.
Package caption Info: sidecap package is loaded.
Package caption Info: wrapfig package is loaded.
Package caption Info: End \AtBeginDocument code.
\c@mv@tabular=\count626
\c@mv@boldtabular=\count627
Package biblatex Info: Trying to load language 'english' -> 'cms-american'...
Package biblatex Info: ... file 'cms-american.lbx' found.

(C:\Users\Administrator\AppData\Roaming\MiKTeX\tex/latex/biblatex-chicago\cms-a
merican.lbx
File: cms-american.lbx 2022/07/02 v 3.18 biblatex localization
Package biblatex Info: Trying to load language 'american'...
Package biblatex Info: ... file 'american.lbx' found.
 (C:\Program Files\MiKTeX\tex/latex/biblatex/lbx\american.lbx
File: american.lbx 2025/07/10 v3.21 biblatex localization (PK/MW)
Package biblatex Info: Trying to load language 'english'...
Package biblatex Info: ... file 'english.lbx' found.

(C:\Program Files\MiKTeX\tex/latex/biblatex/lbx\english.lbx
File: english.lbx 2025/07/10 v3.21 biblatex localization (PK/MW)
))
Package biblatex Info: Trying to load language 'english'...
Package biblatex Info: ... file 'english.lbx' found.

(C:\Program Files\MiKTeX\tex/latex/biblatex/lbx\english.lbx
File: english.lbx 2025/07/10 v3.21 biblatex localization (PK/MW)
))
Package biblatex Info: Input encoding 'utf8' detected.
Package biblatex Info: Automatic encoding selection.
(biblatex)             Assuming data encoding 'utf8'.
\openout4 = `paper2a.bcf'.

Package biblatex Info: Trying to load bibliographic data...
Package biblatex Info: ... file 'paper2a.bbl' found.
 (paper2a.bbl)
Package biblatex Info: Reference section=0 on input line 33.
Package biblatex Info: Reference segment=0 on input line 33.
LaTeX Info: Redefining \microtypecontext on input line 33.
Package microtype Info: Applying patch `item' on input line 33.
Package microtype Info: Applying patch `toc' on input line 33.
Package microtype Info: Applying patch `eqnum' on input line 33.
Package microtype Info: Applying patch `footnote' on input line 33.
Package microtype Info: Applying patch `verbatim' on input line 33.
LaTeX Info: Redefining \microtypesetup on input line 33.
Package microtype Info: Generating PDF output.
Package microtype Info: Character protrusion enabled (level 2).
Package microtype Info: Using default protrusion set `alltext'.
Package microtype Info: No font expansion.
Package microtype Info: No adjustment of tracking.
Package microtype Info: No adjustment of interword spacing.
Package microtype Info: No adjustment of character kerning.
Package microtype Info: Loading generic protrusion settings for font family
(microtype)             `fbb-TLF' (encoding: T1).
(microtype)             For optimal results, create family-specific settings.
(microtype)             See the microtype manual for details.
\c__nicematrix_shift_Ldots_last_row_dim=\dimen438
\c__nicematrix_innersep_middle_dim=\dimen439
\c@tabularnotesi=\count628
\enitdp@tabularnotes=\count629
\c@tabularnotes*i=\count630
\enitdp@tabularnotes*=\count631

Package pgfplots notification 'compat/show suggested version=true': document ha
s been generated with the most recent feature set (\pgfplotsset{compat=1.18}).

Package hyperref Info: Link coloring OFF on input line 33.
(paper2a.out) (paper2a.out)
\@outlinefile=\write6
\openout6 = `paper2a.out'.

Package microtype Info: Loading generic protrusion settings for font family
(microtype)             `cmss' (encoding: T1).
(microtype)             For optimal results, create family-specific settings.
(microtype)             See the microtype manual for details.
<cup-logo-new.pdf, id=567, 75.1802pt x 16.73366pt>
File: cup-logo-new.pdf Graphic file (type pdf)
<use cup-logo-new.pdf>
Package pdftex.def Info: cup-logo-new.pdf  used on input line 36.
(pdftex.def)             Requested size: 73.97716pt x 16.46576pt.

(C:\Users\Administrator\AppData\Roaming\MiKTeX\tex/latex/microtype\mt-cmr.cfg
File: mt-cmr.cfg 2013/05/19 v2.2 microtype config. file: Computer Modern Roman 
(RS)
)
LaTeX Font Info:    Font shape `T1/fbb-TLF/m/n' will be
(Font)              scaled to size 7.76001pt on input line 36.
LaTeX Font Info:    Font shape `T1/fbb-TLF/m/n' will be
(Font)              scaled to size 5.82pt on input line 36.
LaTeX Font Info:    Font shape `T1/fbb-TLF/m/it' will be
(Font)              scaled to size 9.70001pt on input line 36.
LaTeX Font Info:    Font shape `T1/fbb-TLF/m/it' will be
(Font)              scaled to size 7.76001pt on input line 36.
LaTeX Font Info:    Font shape `T1/fbb-TLF/m/it' will be
(Font)              scaled to size 5.82pt on input line 36.
LaTeX Font Info:    Trying to load font information for U+zeur on input line 36
.

(C:\Users\Administrator\AppData\Roaming\MiKTeX\tex/latex/eulervm\uzeur.fd
File: uzeur.fd 2005/01/11 v4.0 (WaS)
)
(C:\Users\Administrator\AppData\Roaming\MiKTeX\tex/latex/microtype\mt-eur.cfg
File: mt-eur.cfg 2006/07/31 v1.1 microtype config. file: AMS Euler Roman (RS)
)
LaTeX Font Info:    Trying to load font information for U+msa on input line 36.


(C:\Program Files\MiKTeX\tex/latex/amsfonts\umsa.fd
File: umsa.fd 2013/01/14 v3.01 AMS symbols A
)
(C:\Users\Administrator\AppData\Roaming\MiKTeX\tex/latex/microtype\mt-msa.cfg
File: mt-msa.cfg 2006/02/04 v1.1 microtype config. file: AMS symbols (a) (RS)
)
LaTeX Font Info:    Trying to load font information for U+msb on input line 36.


(C:\Program Files\MiKTeX\tex/latex/amsfonts\umsb.fd
File: umsb.fd 2013/01/14 v3.01 AMS symbols B
)
(C:\Users\Administrator\AppData\Roaming\MiKTeX\tex/latex/microtype\mt-msb.cfg
File: mt-msb.cfg 2005/06/01 v1.0 microtype config. file: AMS symbols (b) (RS)
)
LaTeX Font Info:    Font shape `T1/fbb-TLF/b/n' will be
(Font)              scaled to size 9.70001pt on input line 36.
LaTeX Font Info:    Font shape `T1/fbb-TLF/b/n' will be
(Font)              scaled to size 7.76001pt on input line 36.
LaTeX Font Info:    Font shape `T1/fbb-TLF/b/n' will be
(Font)              scaled to size 5.82pt on input line 36.
LaTeX Font Info:    Trying to load font information for U+stmry on input line 3
6.

(C:\Users\Administrator\AppData\Roaming\MiKTeX\tex/latex/stmaryrd\ustmry.fd)
LaTeX Font Info:    Font shape `T1/fbb-TLF/m/n' will be
(Font)              scaled to size 4.85pt on input line 36.
LaTeX Font Info:    Font shape `T1/fbb-TLF/m/it' will be
(Font)              scaled to size 4.85pt on input line 36.
LaTeX Font Info:    Font shape `T1/fbb-TLF/b/n' will be
(Font)              scaled to size 4.85pt on input line 36.
Package mdframed Info: mdframed works in twoside mode on input line 36.
Package mdframed Info: mdframed detected package amsthm 
 changed the theorem header of amsthm
(mdframed)              on input line 36.
LaTeX Font Info:    Font shape `T1/fbb-TLF/m/n' will be
(Font)              scaled to size 8.73001pt on input line 36.


LaTeX Warning: Citation '10.1145/1968.1972' on page 1 undefined on input line 3
6.

LaTeX Font Info:    Font shape `T1/fbb-TLF/b/n' will be
(Font)              scaled to size 8.73001pt on input line 36.

LaTeX Warning: Citation 'Vapnik1999-VAPTNO' on page 1 undefined on input line 3
6.

LaTeX Font Info:    Font shape `T1/fbb-TLF/m/it' will be
(Font)              scaled to size 8.73001pt on input line 36.

LaTeX Warning: Citation '6797087' on page 1 undefined on input line 36.


LaTeX Warning: Citation 'belkin_reconciling_2019' on page 1 undefined on input 
line 36.


LaTeX Warning: Citation 'nakkiran_deep_2019' on page 1 undefined on input line 
36.

LaTeX Font Info:    Font shape `T1/fbb-TLF/m/n' will be
(Font)              scaled to size 6.79001pt on input line 36.
LaTeX Font Info:    Font shape `T1/fbb-TLF/m/it' will be
(Font)              scaled to size 6.79001pt on input line 36.
LaTeX Font Info:    Font shape `T1/fbb-TLF/b/n' will be
(Font)              scaled to size 6.79001pt on input line 36.
Package mdframed Info: mdframed detected package amsthm 
 changed the theorem header of amsthm
(mdframed)              on input line 36.
Package mdframed Info: mdframed inside a box 
 mdframed uses option nobreak mdframed on input line 36.

Underfull \hbox (badness 3758) in paragraph at lines 38--39
[]\T1/fbb-TLF/m/n/10 The mod-ern ma-chine learn-ing land-scape is dom-i-nated
 []


Underfull \hbox (badness 2828) in paragraph at lines 38--39
\T1/fbb-TLF/m/n/10 ma-chine learn-ing has de-vel-oped sub-stan-tially. Cer-tain

 []


Underfull \hbox (badness 2368) in paragraph at lines 38--39
\T1/fbb-TLF/m/n/10 model con-cept with great suc-cesses in-cludes regression-
 []


Underfull \hbox (badness 1259) in paragraph at lines 38--39
\T1/fbb-TLF/m/n/10 model, sup-port vec-tor ma-chine, Gaus-sian pro-cesses, and
 []


Underfull \hbox (badness 1028) in paragraph at lines 38--39
\T1/fbb-TLF/m/n/10 in-creas-ingly so-phis-ti-cated ar-chi-tec-ture, heuris-tic 
ap-proach
 []


LaTeX Warning: Citation 'hopfield1982neural' on page 1 undefined on input line 
42.


LaTeX Warning: Citation 'amit1985spin' on page 1 undefined on input line 42.


LaTeX Warning: Citation 'gardner1988optimal' on page 1 undefined on input line 
42.


LaTeX Warning: Citation 'seung1992statistical' on page 1 undefined on input lin
e 42.


LaTeX Warning: Citation 'mezard1987spin' on page 1 undefined on input line 42.


LaTeX Warning: Citation 'mezard2009information' on page 1 undefined on input li
ne 42.


LaTeX Warning: Citation 'engel2001statistical' on page 1 undefined on input lin
e 42.


LaTeX Warning: Citation 'advani2013statistical' on page 1 undefined on input li
ne 42.


LaTeX Warning: Citation 'bahri2020statmech' on page 1 undefined on input line 4
2.


LaTeX Warning: Citation 'mehta2014exact' on page 1 undefined on input line 42.


LaTeX Warning: Citation 'advani2017high' on page 1 undefined on input line 42.


LaTeX Warning: Citation 'li2021statmechdeep' on page 1 undefined on input line 
42.


LaTeX Warning: Citation 'cavity_tutorial_delFerraro' on page 1 undefined on inp
ut line 42.


LaTeX Warning: Citation 'roberts2021principles' on page 1 undefined on input li
ne 42.


LaTeX Warning: Citation 'ackley1985learning' on page 1 undefined on input line 
42.


LaTeX Warning: Citation 'hinton2012practical' on page 1 undefined on input line
 42.


LaTeX Warning: Citation 'RussoZou:2016:InformationTheory' on page 1 undefined o
n input line 42.


LaTeX Warning: Citation 'XuRaginsky:2017:InfoGen' on page 1 undefined on input 
line 42.


LaTeX Warning: Citation 'Manin_2024' on page 1 undefined on input line 42.


Overfull \hbox (28.3575pt too wide) in paragraph at lines 42--43
[]\T1/fbb-TLF/m/n/10 ; []; [];
 []


Overfull \hbox (22.2853pt too wide) in paragraph at lines 42--43
[]\T1/fbb-TLF/m/n/10 ; []; [];
 []

[1{C:/Users/Administrator/AppData/Local/MiKTeX/fonts/map/pdftex/pdftex.map}{C:/
Users/Administrator/AppData/Roaming/MiKTeX/fonts/enc/dvips/fbb/fbb_4zjlsx.enc}{
C:/Users/Administrator/AppData/Roaming/MiKTeX/fonts/enc/dvips/fbb/fbb_ivhnor.en
c}{C:/Users/Administrator/AppData/Roaming/MiKTeX/fonts/enc/dvips/fbb/fbb_jc4ywh
.enc}


 <./cup-logo-new.pdf>]

LaTeX Warning: Citation 'belkin_reconciling_2019' on page 2 undefined on input 
line 45.


LaTeX Warning: Citation 'nakkiran_deep_2019' on page 2 undefined on input line 
45.


LaTeX Warning: Citation 'Jacot:2018:NTK' on page 2 undefined on input line 45.


LaTeX Warning: Citation 'lafon_understanding_2024' on page 2 undefined on input
 line 45.


LaTeX Warning: Citation 'schaeffer_double_2023' on page 2 undefined on input li
ne 45.


LaTeX Warning: Citation 'liu2023understandingroleoptimizationdouble' on page 2 
undefined on input line 45.


LaTeX Warning: Citation 'davies_unifying_2023' on page 2 undefined on input lin
e 45.


LaTeX Warning: Citation 'olmin2024understandingepochwisedoubledescent' on page 
2 undefined on input line 45.


Underfull \hbox (badness 3088) in paragraph at lines 45--46
\T1/fbb-TLF/m/n/10 gated some-what com-pre-hen-sively, firstly in-tro-duced by
 []


Underfull \hbox (badness 1009) in paragraph at lines 45--46
\T1/fbb-TLF/m/n/10 can be used to ex-plain dou-ble de-scent, how-ever fur-ther
 []


Underfull \hbox (badness 6094) in paragraph at lines 45--46
\T1/fbb-TLF/m/n/10 at-tempted to uni-fy-ing grokking with dou-ble de-scent,
 []


Underfull \hbox (badness 4266) in paragraph at lines 45--46
\T1/fbb-TLF/m/n/10 the-o-rized a pos-si-bil-ity of sim-i-lar-ity dur-ing the ge
n-er-
 []


Underfull \hbox (badness 3769) in paragraph at lines 45--46
\T1/fbb-TLF/m/n/10 al-iza-tion phase tran-si-tion of the in-fer-ence pe-riod, a
nd
 []


Underfull \hbox (badness 10000) in paragraph at lines 45--46
[] \T1/fbb-TLF/m/n/10 at-
 []


LaTeX Warning: Citation 'belkin_reconciling_2019' on page 2 undefined on input 
line 47.


LaTeX Warning: Citation 'nakkiran_deep_2019' on page 2 undefined on input line 
47.


LaTeX Warning: Citation 'shi2024homophilymodulatesdoubledescent' on page 2 unde
fined on input line 47.


LaTeX Warning: Citation 'schaeffer_double_2023' on page 2 undefined on input li
ne 47.


LaTeX Warning: Citation 'quetu_can_2023' on page 2 undefined on input line 47.


LaTeX Warning: Citation 'lafon_understanding_2024' on page 2 undefined on input
 line 47.


LaTeX Warning: Citation 'neal2019biasvariancetradeofftextbooksneed' on page 2 u
ndefined on input line 47.


LaTeX Warning: Citation 'davies_unifying_2023' on page 2 undefined on input lin
e 47.


LaTeX Warning: Citation 'quetu_can_2023-1' on page 2 undefined on input line 47
.


LaTeX Warning: Citation 'liu2023understandingroleoptimizationdouble' on page 2 
undefined on input line 47.


LaTeX Warning: Citation 'mei2020generalizationerrorrandomfeatures' on page 2 un
defined on input line 47.


LaTeX Warning: Citation 'mei2019generalization' on page 2 undefined on input li
ne 47.


LaTeX Warning: Citation 'adlam2020understandingdoubledescentrequires' on page 2
 undefined on input line 47.


LaTeX Warning: Citation 'transtrum2025egaddoubledescentexplained' on page 2 und
efined on input line 47.


LaTeX Warning: Citation 'liu2021kernelregressionhighdimensions' on page 2 undef
ined on input line 47.


LaTeX Warning: Citation 'allerbo2025changingkerneltrainingleads' on page 2 unde
fined on input line 47.


LaTeX Warning: Citation 'pezeshki2021multiscalefeaturelearningdynamics' on page
 2 undefined on input line 47.


LaTeX Warning: Citation 'brellmann2024on' on page 2 undefined on input line 47.



LaTeX Warning: Citation 'nakkiran2019moredata' on page 2 undefined on input lin
e 47.


LaTeX Warning: Citation 'mei2019randomfeatures' on page 2 undefined on input li
ne 47.


LaTeX Warning: Citation 'heckel2020early' on page 2 undefined on input line 47.



LaTeX Warning: Citation 'nakkiran2020regularization' on page 2 undefined on inp
ut line 47.


LaTeX Warning: Citation 'Belkin_2020' on page 2 undefined on input line 47.


LaTeX Warning: Citation 'Yang_2024' on page 2 undefined on input line 47.


LaTeX Warning: Citation 'spiess2023doublesingledescentcausal' on page 2 undefin
ed on input line 47.


LaTeX Warning: Citation 'nakkiran2021optimalregularizationmitigatedouble' on pa
ge 2 undefined on input line 47.


LaTeX Warning: Citation 'zhang2024manipulatingsparsedoubledescent' on page 2 un
defined on input line 47.


LaTeX Warning: Citation 'cherkassky2024understand' on page 2 undefined on input
 line 47.


LaTeX Warning: Citation 'nakkiran2019datahurtlinearregression' on page 2 undefi
ned on input line 47.


LaTeX Warning: Citation 'd_ascoli_triple_2020' on page 2 undefined on input lin
e 47.


Overfull \hbox (2.90726pt too wide) in paragraph at lines 47--48
\T1/fbb-TLF/m/n/10 ever since their dis-cov-ery ar-ti-cles in []
 []


Overfull \hbox (138.38808pt too wide) in paragraph at lines 47--48
\T1/fbb-TLF/m/n/10 and []. Since then, we have [];
 []


Overfull \hbox (49.81392pt too wide) in paragraph at lines 47--48
[]\T1/fbb-TLF/m/n/10 ; []; [];
 []


Overfull \hbox (47.02542pt too wide) in paragraph at lines 47--48
[]\T1/fbb-TLF/m/n/10 ; [];
 []


Overfull \hbox (40.15788pt too wide) in paragraph at lines 47--48
[]\T1/fbb-TLF/m/n/10 ; [];
 []


Overfull \hbox (52.04031pt too wide) in paragraph at lines 47--48
[]\T1/fbb-TLF/m/n/10 ; [];
 []


Underfull \hbox (badness 10000) in paragraph at lines 47--48
[]\T1/fbb-TLF/m/n/10 ;
 []


Overfull \hbox (125.576pt too wide) in paragraph at lines 47--48
[]\T1/fbb-TLF/m/n/10 ; [];
 []


Overfull \hbox (152.39641pt too wide) in paragraph at lines 47--48
[]\T1/fbb-TLF/m/n/10 ; [];
 []


Overfull \hbox (51.21072pt too wide) in paragraph at lines 47--48
[]\T1/fbb-TLF/m/n/10 ; []; [];
 []


Overfull \hbox (13.177pt too wide) in paragraph at lines 47--48
[]\T1/fbb-TLF/m/n/10 ; []; [];
 []


Underfull \hbox (badness 10000) in paragraph at lines 47--48
[]\T1/fbb-TLF/m/n/10 ; [];
 []


Underfull \hbox (badness 10000) in paragraph at lines 47--48
[]\T1/fbb-TLF/m/n/10 ;
 []


Overfull \hbox (75.35915pt too wide) in paragraph at lines 47--48
[]\T1/fbb-TLF/m/n/10 ; [];
 []


Underfull \hbox (badness 1005) in paragraph at lines 47--48
[]\T1/fbb-TLF/m/n/10 . An even more
 []


LaTeX Warning: Citation 'Vapnik1999-VAPTNO' on page 2 undefined on input line 5
5.


LaTeX Warning: Citation 'STL_Hajek_Maxim_2021' on page 2 undefined on input lin
e 55.


Overfull \hbox (4.0927pt too wide) in paragraph at lines 55--56
\T1/fbb-TLF/m/n/10 from sta-tis-ti-cal learn-ing the-ory (SLT) [];
 []

Package hyperref Info: bookmark level for unknown definition defaults to 0 on i
nput line 61.
LaTeX Font Info:    Font shape `T1/fbb-TLF/b/it' will be
(Font)              scaled to size 9.70001pt on input line 76.

LaTeX Warning: Citation '6797087' on page 2 undefined on input line 86.

Package hyperref Info: bookmark level for unknown theorem defaults to 0 on inpu
t line 88.
[2]
Overfull \hbox (97.65149pt too wide) detected at line 98
[][][]\U/msb/m/n/10 E[] []E[]\T1/fbb-TLF/m/n/10 (\T1/fbb-TLF/m/it/10 y \OMS/cms
y/m/n/10 ^^@ \T1/fbb-TLF/m/it/10 f\T1/fbb-TLF/m/n/10 (\T1/fbb-TLF/m/it/10 x\T1/
fbb-TLF/m/n/10 ; \OMS/cmsy/m/n/10 D\T1/fbb-TLF/m/n/10 ))[][]  =  []  +  []  +  
[] .
 []


LaTeX Warning: Citation 'adlam2020understandingdoubledescentrequires' on page 3
 undefined on input line 99.


Overfull \hbox (38.37921pt too wide) in paragraph at lines 98--101
\T1/fbb-TLF/m/it/10 In com-pact no-ta-tion []:
 []


LaTeX Warning: Citation 'PfauBregmanDivergence' on page 3 undefined on input li
ne 103.

Package hyperref Info: bookmark level for unknown hypothesis defaults to 0 on i
nput line 105.
Package hyperref Info: bookmark level for unknown remark defaults to 0 on input
 line 115.

LaTeX Warning: Citation 'belkin_reconciling_2019' on page 3 undefined on input 
line 116.


LaTeX Warning: Citation 'neal2019biasvariancetradeofftextbooksneed' on page 3 u
ndefined on input line 116.


Underfull \hbox (badness 3128) in paragraph at lines 116--117
[][]\T1/fbb-TLF/b/n/10 Remark 2.2 \T1/fbb-TLF/m/n/10 (Scope and fail-ure of the
 trade-off)\T1/fbb-TLF/b/n/10 . []\T1/fbb-TLF/m/it/10 The
 []


Underfull \hbox (badness 3815) in paragraph at lines 116--117
\T1/fbb-TLF/m/it/10 regime but \T1/fbb-TLF/b/it/10 fails \T1/fbb-TLF/m/it/10 in
 the over-pa-ram-e-ter-ized regime---precisely
 []


Underfull \hbox (badness 10000) in paragraph at lines 116--117
\T1/fbb-TLF/m/it/10 where dou-ble de-scent oc-curs [];
 []


LaTeX Warning: Citation 'belkin_reconciling_2019' on page 3 undefined on input 
line 123.


Underfull \hbox (badness 1715) in paragraph at lines 123--124
\T1/fbb-TLF/m/n/10 By sta-tis-ti-cal learn-ing the-ory, this would be con-sid-e
red
 []

<pdf/u-shaped.pdf, id=617, 114.32813pt x 75.23106pt>
File: pdf/u-shaped.pdf Graphic file (type pdf)
<use pdf/u-shaped.pdf>
Package pdftex.def Info: pdf/u-shaped.pdf  used on input line 128.
(pdftex.def)             Requested size: 134.91821pt x 88.77592pt.
<pdf/doubledescent.pdf, id=618, 203.12387pt x 75.23106pt>
File: pdf/doubledescent.pdf Graphic file (type pdf)
<use pdf/doubledescent.pdf>
Package pdftex.def Info: pdf/doubledescent.pdf  used on input line 129.
(pdftex.def)             Requested size: 239.70578pt x 88.77592pt.

LaTeX Warning: Citation 'belkin_reconciling_2019' on page 3 undefined on input 
line 135.


LaTeX Warning: Citation 'belkin_reconciling_2019' on page 3 undefined on input 
line 135.


LaTeX Warning: Citation 'belkin_reconciling_2019' on page 3 undefined on input 
line 144.


Underfull \hbox (badness 4229) in paragraph at lines 144--144
\T1/fbb-TLF/m/n/10 ar-chi-tec-ture), the learned pre-dic-tors achieve
 []


Underfull \hbox (badness 3199) in paragraph at lines 144--144
\T1/fbb-TLF/m/n/10 (near) per-fect fits to the train-ing data---i.e.,
 []


Underfull \hbox (badness 1033) in paragraph at lines 144--144
\T1/fbb-TLF/m/n/10 have high risk, we show that in-creas-ing the
 []

[3]

LaTeX Warning: Citation '10.5555/2371238' on page 4 undefined on input line 152
.


LaTeX Warning: Citation '10.5555/2930837' on page 4 undefined on input line 152
.


LaTeX Warning: Citation '10.5555/2621980' on page 4 undefined on input line 152
.


Underfull \hbox (badness 1072) in paragraph at lines 152--153
[]\T1/fbb-TLF/m/n/10 ; []), the method is then
 []


LaTeX Warning: Citation 'nakkiran_deep_2019' on page 4 undefined on input line 
156.


Overfull \hbox (12.1775pt too wide) in paragraph at lines 156--157
[]\T1/fbb-TLF/m/n/10 Another promi-nent dis-cov-ery to look at is [],
 []


Underfull \hbox (badness 3049) in paragraph at lines 156--157
\T1/fbb-TLF/m/n/10 per serves as the first ob-ser-va-tion upon which dou-ble
 []


Underfull \hbox (badness 1342) in paragraph at lines 156--157
\T1/fbb-TLF/m/n/10 de-scent is ob-served on mod-ern, deep learn-ing the-o-retic

 []


LaTeX Warning: Citation 'nakkiran_deep_2019' on page 4 undefined on input line 
187.


Underfull \hbox (badness 1546) in paragraph at lines 187--188
[] \T1/fbb-TLF/m/n/10 also no-ticed this dif-fi-culty in pro-
 []


LaTeX Warning: Citation 'belkin_reconciling_2019' on page 4 undefined on input 
line 189.


LaTeX Warning: Citation 'advani2017highdimensionaldynamicsgeneralizationerror' 
on page 4 undefined on input line 189.


LaTeX Warning: Citation 'belkin2018understanddeeplearningneed' on page 4 undefi
ned on input line 189.


LaTeX Warning: Citation 'mei2020generalizationerrorrandomfeatures' on page 4 un
defined on input line 189.


Overfull \hbox (6.58159pt too wide) in paragraph at lines 189--190
[]
 []


Underfull \hbox (badness 1019) in paragraph at lines 189--190
\T1/fbb-TLF/m/n/10 high-dimensional mea-sure. Of such, var-i-ous be-haviours
 []


Underfull \hbox (badness 1939) in paragraph at lines 189--190
\T1/fbb-TLF/m/n/10 that bear sim-i-lar-ity to dou-ble de-scent can be ob-served
.
 []


Underfull \hbox (badness 10000) in paragraph at lines 189--190
[] \T1/fbb-TLF/m/n/10 ex-panded on
 []


Underfull \hbox (badness 1675) in paragraph at lines 189--190
\T1/fbb-TLF/m/n/10 his pre-vi-ous re-search on the par-tic-u-lar sub-set of ker
-nel
 []


Underfull \hbox (badness 1917) in paragraph at lines 189--190
\T1/fbb-TLF/m/n/10 i-cally the Lapla-cian ker-nel on stan-dard neu-ral net-work
.
 []


Underfull \hbox (badness 3000) in paragraph at lines 189--190
[] \T1/fbb-TLF/m/n/10 in-ves-ti-gated
 []

[4 <./pdf/u-shaped.pdf> <./pdf/doubledescent.pdf>]

LaTeX Warning: Citation 'belkin_reconciling_2019' on page 5 undefined on input 
line 206.


Underfull \hbox (badness 10000) in paragraph at lines 206--206
[]|\T1/cmss/m/n/8 Belkin et al.
 []


Underfull \hbox (badness 1158) in paragraph at lines 206--206
[]|\T1/cmss/m/n/8 Kernel meth-ods, RF,
 []


LaTeX Warning: Citation 'nakkiran_deep_2019' on page 5 undefined on input line 
208.


Underfull \hbox (badness 10000) in paragraph at lines 208--208
[]|\T1/cmss/m/n/8 Nakkiran et al.
 []


Underfull \hbox (badness 2608) in paragraph at lines 208--208
[]|\T1/cmss/m/n/8 ResNet, Trans-former,
 []


Underfull \hbox (badness 10000) in paragraph at lines 208--208
[]|\T1/cmss/m/n/8 Model /
 []


LaTeX Warning: Citation 'hastie2019surprises' on page 5 undefined on input line
 210.


Underfull \hbox (badness 10000) in paragraph at lines 210--210
[]|\T1/cmss/m/n/8 Hastie et al.
 []


LaTeX Warning: Citation 'advani2017highdimensionaldynamicsgeneralizationerror' 
on page 5 undefined on input line 212.


Underfull \hbox (badness 10000) in paragraph at lines 212--212
[]|\T1/cmss/m/n/8 Advani & Saxe
 []


Overfull \hbox (112.37158pt too wide) in paragraph at lines 212--212
[]| 
 []


LaTeX Warning: Citation 'mei2020generalizationerrorrandomfeatures' on page 5 un
defined on input line 214.


Underfull \hbox (badness 10000) in paragraph at lines 214--214
[]|\T1/cmss/m/n/8 Mei & Mon-ta-nari
 []


Overfull \hbox (62.94824pt too wide) in paragraph at lines 214--214
[]| 
 []


LaTeX Warning: Citation 'gerace2020generalisation' on page 5 undefined on input
 line 216.


Underfull \hbox (badness 10000) in paragraph at lines 216--216
[]|\T1/cmss/m/n/8 Gerace et al.
 []


Underfull \hbox (badness 10000) in paragraph at lines 218--218
[]|\T1/cmss/m/n/8 Model /
 []


Underfull \hbox (badness 10000) in paragraph at lines 242--242
[]|\T1/cmss/m/n/8 Bias-Variance De-com-po-si-
 []


Underfull \hbox (badness 6842) in paragraph at lines 244--244
[]|\T1/cmss/m/n/8 Langevin/SDE Ap-prox-i-ma-
 []


Underfull \hbox (badness 10000) in paragraph at lines 250--250
[]|\T1/cmss/m/n/8 Random Ma-trix The-ory
 []


Underfull \hbox (badness 10000) in paragraph at lines 252--252
[]|\T1/cmss/m/n/8 Curvature-Noise Cou-pling
 []


Underfull \hbox (badness 3579) in paragraph at lines 254--255
[]|\T1/cmss/m/n/8 Kramers the-ory for isotropic noise known;
 []


Underfull \hbox (badness 2790) in paragraph at lines 256--256
[]|\T1/cmss/m/n/8 Jamming Tran-si-tion Anal-
 []


Underfull \hbox (badness 1975) in paragraph at lines 256--257
[]|\T1/cmss/m/n/8 Qualitative anal-ogy es-tab-lished; quan-ti-ta-tive
 []


Underfull \hbox (badness 10000) in paragraph at lines 258--258
[]|\T1/cmss/m/n/8 Non-Equilibrium Steady
 []


Underfull \hbox (badness 2368) in paragraph at lines 267--267
[]\T1/cmss/bx/it/10 A Min-i-mal Ma-chine Learn-ing Sys-tem (Pre-
 []

Package hyperref Info: bookmark level for unknown setting defaults to 0 on inpu
t line 280.
LaTeX Font Info:    Freeze math alphabet allocation in version normal.
(Font)              Allocated math groups: 14 (local: 2) on input line 283.
LaTeX Font Info:    Trying to load font information for U+euf on input line 283
.
(C:\Program Files\MiKTeX\tex/latex/amsfonts\ueuf.fd
File: ueuf.fd 2013/01/14 v3.01 Euler Fraktur
)
(C:\Users\Administrator\AppData\Roaming\MiKTeX\tex/latex/microtype\mt-euf.cfg
File: mt-euf.cfg 2006/07/03 v1.1 microtype config. file: AMS Euler Fraktur (RS)

)
LaTeX Font Info:    Nested math: keeping math alphabet allocation in version no
rmal on input line 283.
LaTeX Font Info:    Undo math alphabet allocation in version normal on input li
ne 284.
LaTeX Font Info:    No math alphabet change to frozen version normal on input l
ine 284.
LaTeX Font Info:    Trying to load font information for TS1+fbb-TLF on input li
ne 289.

(C:\Users\Administrator\AppData\Roaming\MiKTeX\tex/latex/fbb\ts1fbb-tlf.fd
File: TS1fbb-TLF.fd 2015/08/23 (autoinst) Font definitions for TS1/fbb-TLF.
)
LaTeX Font Info:    Font shape `TS1/fbb-TLF/m/n' will be
(Font)              scaled to size 9.70001pt on input line 289.
Package microtype Info: Loading generic protrusion settings for font family
(microtype)             `fbb-TLF' (encoding: TS1).
(microtype)             For optimal results, create family-specific settings.
(microtype)             See the microtype manual for details.
LaTeX Font Info:    No math alphabet change to frozen version normal on input l
ine 289.
LaTeX Font Info:    No math alphabet change to frozen version normal on input l
ine 289.
LaTeX Font Info:    No math alphabet change to frozen version normal on input l
ine 289.
LaTeX Font Info:    No math alphabet change to frozen version normal on input l
ine 290.
LaTeX Font Info:    No math alphabet change to frozen version normal on input l
ine 290.
LaTeX Font Info:    No math alphabet change to frozen version normal on input l
ine 290.
LaTeX Font Info:    No math alphabet change to frozen version normal on input l
ine 295.
LaTeX Font Info:    No math alphabet change to frozen version normal on input l
ine 296.
LaTeX Font Info:    No math alphabet change to frozen version normal on input l
ine 296.
LaTeX Font Info:    No math alphabet change to frozen version normal on input l
ine 297.
LaTeX Font Info:    No math alphabet change to frozen version normal on input l
ine 297.
LaTeX Font Info:    No math alphabet change to frozen version normal on input l
ine 302.
LaTeX Font Info:    No math alphabet change to frozen version normal on input l
ine 302.
LaTeX Font Info:    No math alphabet change to frozen version normal on input l
ine 302.
LaTeX Font Info:    No math alphabet change to frozen version normal on input l
ine 304.
LaTeX Font Info:    No math alphabet change to frozen version normal on input l
ine 305.
LaTeX Font Info:    No math alphabet change to frozen version normal on input l
ine 306.
LaTeX Font Info:    Nested math: keeping math alphabet allocation in version no
rmal on input line 309.
LaTeX Font Info:    Nested math: keeping math alphabet allocation in version no
rmal on input line 309.
LaTeX Font Info:    Nested math: keeping math alphabet allocation in version no
rmal on input line 309.
LaTeX Font Info:    Nested math: keeping math alphabet allocation in version no
rmal on input line 309.
LaTeX Font Info:    Nested math: keeping math alphabet allocation in version no
rmal on input line 310.
LaTeX Font Info:    No math alphabet change to frozen version normal on input l
ine 311.
LaTeX Font Info:    No math alphabet change to frozen version normal on input l
ine 311.
LaTeX Font Info:    Nested math: keeping math alphabet allocation in version no
rmal on input line 313.
LaTeX Font Info:    Nested math: keeping math alphabet allocation in version no
rmal on input line 313.
LaTeX Font Info:    Nested math: keeping math alphabet allocation in version no
rmal on input line 313.
LaTeX Font Info:    Nested math: keeping math alphabet allocation in version no
rmal on input line 313.
LaTeX Font Info:    No math alphabet change to frozen version normal on input l
ine 315.
LaTeX Font Info:    No math alphabet change to frozen version normal on input l
ine 315.
LaTeX Font Info:    No math alphabet change to frozen version normal on input l
ine 320.
LaTeX Font Info:    No math alphabet change to frozen version normal on input l
ine 320.
LaTeX Font Info:    No math alphabet change to frozen version normal on input l
ine 322.
LaTeX Font Info:    No math alphabet change to frozen version normal on input l
ine 325.
LaTeX Font Info:    No math alphabet change to frozen version normal on input l
ine 327.
LaTeX Font Info:    No math alphabet change to frozen version normal on input l
ine 328.
LaTeX Font Info:    No math alphabet change to frozen version normal on input l
ine 329.
LaTeX Font Info:    No math alphabet change to frozen version normal on input l
ine 330.

[5{C:/Users/Administrator/AppData/Roaming/MiKTeX/fonts/enc/dvips/fbb/fbb_dejuay
.enc}]
LaTeX Font Info:    No math alphabet change to frozen version normal on input l
ine 331.
LaTeX Font Info:    No math alphabet change to frozen version normal on input l
ine 331.
LaTeX Font Info:    No math alphabet change to frozen version normal on input l
ine 332.
LaTeX Font Info:    No math alphabet change to frozen version normal on input l
ine 339.
LaTeX Font Info:    No math alphabet change to frozen version normal on input l
ine 341.
LaTeX Font Info:    No math alphabet change to frozen version normal on input l
ine 342.
LaTeX Font Info:    No math alphabet change to frozen version normal on input l
ine 344.
LaTeX Font Info:    No math alphabet change to frozen version normal on input l
ine 354.
LaTeX Font Info:    No math alphabet change to frozen version normal on input l
ine 362.
LaTeX Font Info:    No math alphabet change to frozen version normal on input l
ine 370.
LaTeX Font Info:    No math alphabet change to frozen version normal on input l
ine 370.
LaTeX Font Info:    No math alphabet change to frozen version normal on input l
ine 372.
LaTeX Font Info:    No math alphabet change to frozen version normal on input l
ine 372.
LaTeX Font Info:    No math alphabet change to frozen version normal on input l
ine 374.
LaTeX Font Info:    No math alphabet change to frozen version normal on input l
ine 374.
LaTeX Font Info:    No math alphabet change to frozen version normal on input l
ine 376.
LaTeX Font Info:    No math alphabet change to frozen version normal on input l
ine 376.
LaTeX Font Info:    Nested math: keeping math alphabet allocation in version no
rmal on input line 376.
LaTeX Font Info:    No math alphabet change to frozen version normal on input l
ine 376.
LaTeX Font Info:    No math alphabet change to frozen version normal on input l
ine 384.
LaTeX Font Info:    No math alphabet change to frozen version normal on input l
ine 385.
 [6]
LaTeX Font Info:    No math alphabet change to frozen version normal on input l
ine 398.
LaTeX Font Info:    No math alphabet change to frozen version normal on input l
ine 398.
LaTeX Font Info:    No math alphabet change to frozen version normal on input l
ine 403.
LaTeX Font Info:    No math alphabet change to frozen version normal on input l
ine 403.
LaTeX Font Info:    No math alphabet change to frozen version normal on input l
ine 403.
LaTeX Font Info:    Nested math: keeping math alphabet allocation in version no
rmal on input line 404.
LaTeX Font Info:    Nested math: keeping math alphabet allocation in version no
rmal on input line 404.
LaTeX Font Info:    Nested math: keeping math alphabet allocation in version no
rmal on input line 404.
LaTeX Font Info:    Nested math: keeping math alphabet allocation in version no
rmal on input line 404.
LaTeX Font Info:    No math alphabet change to frozen version normal on input l
ine 406.
LaTeX Font Info:    No math alphabet change to frozen version normal on input l
ine 406.
LaTeX Font Info:    No math alphabet change to frozen version normal on input l
ine 409.
LaTeX Font Info:    No math alphabet change to frozen version normal on input l
ine 410.
LaTeX Font Info:    No math alphabet change to frozen version normal on input l
ine 410.
LaTeX Font Info:    No math alphabet change to frozen version normal on input l
ine 410.
LaTeX Font Info:    No math alphabet change to frozen version normal on input l
ine 414.
LaTeX Font Info:    Nested math: keeping math alphabet allocation in version no
rmal on input line 415.
LaTeX Font Info:    Nested math: keeping math alphabet allocation in version no
rmal on input line 415.
LaTeX Font Info:    Nested math: keeping math alphabet allocation in version no
rmal on input line 415.
LaTeX Font Info:    Nested math: keeping math alphabet allocation in version no
rmal on input line 415.
LaTeX Font Info:    No math alphabet change to frozen version normal on input l
ine 417.
LaTeX Font Info:    No math alphabet change to frozen version normal on input l
ine 417.
LaTeX Font Info:    Nested math: keeping math alphabet allocation in version no
rmal on input line 419.
LaTeX Font Info:    Nested math: keeping math alphabet allocation in version no
rmal on input line 419.
LaTeX Font Info:    Nested math: keeping math alphabet allocation in version no
rmal on input line 419.
LaTeX Font Info:    Nested math: keeping math alphabet allocation in version no
rmal on input line 419.
LaTeX Font Info:    Nested math: keeping math alphabet allocation in version no
rmal on input line 420.
LaTeX Font Info:    No math alphabet change to frozen version normal on input l
ine 421.
LaTeX Font Info:    No math alphabet change to frozen version normal on input l
ine 421.
LaTeX Font Info:    No math alphabet change to frozen version normal on input l
ine 422.
LaTeX Font Info:    No math alphabet change to frozen version normal on input l
ine 425.
LaTeX Font Info:    No math alphabet change to frozen version normal on input l
ine 430.
LaTeX Font Info:    No math alphabet change to frozen version normal on input l
ine 430.
LaTeX Font Info:    No math alphabet change to frozen version normal on input l
ine 433.
LaTeX Font Info:    No math alphabet change to frozen version normal on input l
ine 433.

Underfull \hbox (badness 4229) in paragraph at lines 433--434
[][]\T1/fbb-TLF/b/n/10 Definition 4.2 \T1/fbb-TLF/m/n/10 (SGD as Langevin Dy-na
m-ics)\T1/fbb-TLF/b/n/10 . []\T1/fbb-TLF/m/it/10 In the
 []


Underfull \hbox (badness 1142) in paragraph at lines 433--434
\T1/fbb-TLF/m/it/10 continuous-time limit $\U/zeur/m/n/10 ^^Q \OMS/cmsy/m/n/10 
! \T1/fbb-TLF/m/n/10 0$ \T1/fbb-TLF/m/it/10 with ap-pro-pri-ate scal-ing, the
 []

LaTeX Font Info:    Nested math: keeping math alphabet allocation in version no
rmal on input line 434.
LaTeX Font Info:    Nested math: keeping math alphabet allocation in version no
rmal on input line 434.
LaTeX Font Info:    Nested math: keeping math alphabet allocation in version no
rmal on input line 434.
LaTeX Font Info:    Nested math: keeping math alphabet allocation in version no
rmal on input line 434.
LaTeX Font Info:    Nested math: keeping math alphabet allocation in version no
rmal on input line 435.
LaTeX Font Info:    No math alphabet change to frozen version normal on input l
ine 436.
LaTeX Font Info:    No math alphabet change to frozen version normal on input l
ine 436.
[7]
LaTeX Font Info:    No math alphabet change to frozen version normal on input l
ine 439.
LaTeX Font Info:    No math alphabet change to frozen version normal on input l
ine 439.
LaTeX Font Info:    No math alphabet change to frozen version normal on input l
ine 440.
LaTeX Font Info:    No math alphabet change to frozen version normal on input l
ine 441.
LaTeX Font Info:    No math alphabet change to frozen version normal on input l
ine 441.
LaTeX Font Info:    No math alphabet change to frozen version normal on input l
ine 441.
LaTeX Font Info:    No math alphabet change to frozen version normal on input l
ine 442.
LaTeX Font Info:    No math alphabet change to frozen version normal on input l
ine 443.
LaTeX Font Info:    No math alphabet change to frozen version normal on input l
ine 447.
LaTeX Font Info:    No math alphabet change to frozen version normal on input l
ine 447.
LaTeX Font Info:    No math alphabet change to frozen version normal on input l
ine 447.
LaTeX Font Info:    Nested math: keeping math alphabet allocation in version no
rmal on input line 451.
LaTeX Font Info:    Nested math: keeping math alphabet allocation in version no
rmal on input line 451.
LaTeX Font Info:    Nested math: keeping math alphabet allocation in version no
rmal on input line 451.
LaTeX Font Info:    Nested math: keeping math alphabet allocation in version no
rmal on input line 451.
LaTeX Font Info:    Nested math: keeping math alphabet allocation in version no
rmal on input line 452.
LaTeX Font Info:    No math alphabet change to frozen version normal on input l
ine 453.
LaTeX Font Info:    No math alphabet change to frozen version normal on input l
ine 453.
LaTeX Font Info:    Nested math: keeping math alphabet allocation in version no
rmal on input line 458.
LaTeX Font Info:    No math alphabet change to frozen version normal on input l
ine 458.
LaTeX Font Info:    No math alphabet change to frozen version normal on input l
ine 468.
LaTeX Font Info:    No math alphabet change to frozen version normal on input l
ine 468.
LaTeX Font Info:    No math alphabet change to frozen version normal on input l
ine 468.
LaTeX Font Info:    No math alphabet change to frozen version normal on input l
ine 468.
LaTeX Font Info:    No math alphabet change to frozen version normal on input l
ine 468.

Underfull \hbox (badness 1292) in paragraph at lines 468--469
[][]\T1/fbb-TLF/b/n/10 Definition 4.4 \T1/fbb-TLF/m/n/10 (Fokker--Planck Equa-t
ion for SGD)\T1/fbb-TLF/b/n/10 . []\T1/fbb-TLF/m/it/10 Let
 []


Underfull \hbox (badness 1675) in paragraph at lines 468--469
\T1/fbb-TLF/m/it/10 Un-der the Langevin dy-nam-ics equa-tion []12[], $P\T1/fbb-
TLF/m/n/10 (\T1/fbb-TLF/m/it/10 W\T1/fbb-TLF/m/n/10 , \T1/fbb-TLF/m/it/10 t\T1/
fbb-TLF/m/n/10 )$ \T1/fbb-TLF/m/it/10 evolves
 []

LaTeX Font Info:    Nested math: keeping math alphabet allocation in version no
rmal on input line 469.
LaTeX Font Info:    Nested math: keeping math alphabet allocation in version no
rmal on input line 469.
LaTeX Font Info:    Nested math: keeping math alphabet allocation in version no
rmal on input line 469.
LaTeX Font Info:    Nested math: keeping math alphabet allocation in version no
rmal on input line 469.
LaTeX Font Info:    Nested math: keeping math alphabet allocation in version no
rmal on input line 470.
LaTeX Font Info:    Nested math: keeping math alphabet allocation in version no
rmal on input line 470.
LaTeX Font Info:    Nested math: keeping math alphabet allocation in version no
rmal on input line 470.
LaTeX Font Info:    Nested math: keeping math alphabet allocation in version no
rmal on input line 470.
LaTeX Font Info:    Nested math: keeping math alphabet allocation in version no
rmal on input line 470.
LaTeX Font Info:    Nested math: keeping math alphabet allocation in version no
rmal on input line 470.
LaTeX Font Info:    Nested math: keeping math alphabet allocation in version no
rmal on input line 470.
LaTeX Font Info:    Nested math: keeping math alphabet allocation in version no
rmal on input line 470.
LaTeX Font Info:    Nested math: keeping math alphabet allocation in version no
rmal on input line 470.

Underfull \vbox (badness 1325) has occurred while \output is active []

LaTeX Font Info:    No math alphabet change to frozen version normal on input l
ine 471.
LaTeX Font Info:    No math alphabet change to frozen version normal on input l
ine 471.
LaTeX Font Info:    No math alphabet change to frozen version normal on input l
ine 474.
LaTeX Font Info:    No math alphabet change to frozen version normal on input l
ine 475.
LaTeX Font Info:    No math alphabet change to frozen version normal on input l
ine 476.
LaTeX Font Info:    No math alphabet change to frozen version normal on input l
ine 476.
LaTeX Font Info:    No math alphabet change to frozen version normal on input l
ine 482.
LaTeX Font Info:    No math alphabet change to frozen version normal on input l
ine 482.
LaTeX Font Info:    No math alphabet change to frozen version normal on input l
ine 484.
LaTeX Font Info:    No math alphabet change to frozen version normal on input l
ine 484.
LaTeX Font Info:    No math alphabet change to frozen version normal on input l
ine 484.
LaTeX Font Info:    No math alphabet change to frozen version normal on input l
ine 488.

Underfull \hbox (badness 2478) in paragraph at lines 488--490
[]\T1/fbb-TLF/m/it/10 The Fokker-Planck equa-tion trans-forms the ques-tion ``w
here
 []

LaTeX Font Info:    No math alphabet change to frozen version normal on input l
ine 490.
LaTeX Font Info:    No math alphabet change to frozen version normal on input l
ine 503.
LaTeX Font Info:    No math alphabet change to frozen version normal on input l
ine 503.
LaTeX Font Info:    No math alphabet change to frozen version normal on input l
ine 503.
LaTeX Font Info:    Nested math: keeping math alphabet allocation in version no
rmal on input line 504.
LaTeX Font Info:    Nested math: keeping math alphabet allocation in version no
rmal on input line 504.
LaTeX Font Info:    Nested math: keeping math alphabet allocation in version no
rmal on input line 504.
LaTeX Font Info:    Nested math: keeping math alphabet allocation in version no
rmal on input line 504.
LaTeX Font Info:    Nested math: keeping math alphabet allocation in version no
rmal on input line 505.
LaTeX Font Info:    No math alphabet change to frozen version normal on input l
ine 506.
LaTeX Font Info:    No math alphabet change to frozen version normal on input l
ine 506.
LaTeX Font Info:    No math alphabet change to frozen version normal on input l
ine 511.
LaTeX Font Info:    Nested math: keeping math alphabet allocation in version no
rmal on input line 512.
LaTeX Font Info:    Nested math: keeping math alphabet allocation in version no
rmal on input line 512.
LaTeX Font Info:    Nested math: keeping math alphabet allocation in version no
rmal on input line 512.
LaTeX Font Info:    Nested math: keeping math alphabet allocation in version no
rmal on input line 512.
[8]
LaTeX Font Info:    No math alphabet change to frozen version normal on input l
ine 514.
LaTeX Font Info:    No math alphabet change to frozen version normal on input l
ine 514.
LaTeX Font Info:    No math alphabet change to frozen version normal on input l
ine 516.
LaTeX Font Info:    Nested math: keeping math alphabet allocation in version no
rmal on input line 517.
LaTeX Font Info:    Nested math: keeping math alphabet allocation in version no
rmal on input line 517.
LaTeX Font Info:    Nested math: keeping math alphabet allocation in version no
rmal on input line 517.
LaTeX Font Info:    Nested math: keeping math alphabet allocation in version no
rmal on input line 517.

Overfull \hbox (7.69862pt too wide) detected at line 519
[][][]\OMS/cmsy/m/n/10 L\T1/fbb-TLF/m/n/10 (\T1/fbb-TLF/m/it/10 W[] \T1/fbb-TLF
/m/n/10 + \U/zeur/m/n/10 ^^N\T1/fbb-TLF/m/it/10 W\T1/fbb-TLF/m/n/10 ) \OMS/cmsy
/m/n/10 ^^@ L\T1/fbb-TLF/m/n/10 (\T1/fbb-TLF/m/it/10 W[]\T1/fbb-TLF/m/n/10 ) \O
MS/cmsy/m/n/10 ^^Y []\U/zeur/m/n/10 ^^N\T1/fbb-TLF/m/it/10 W[]H\T1/fbb-TLF/m/n/
10 (\T1/fbb-TLF/m/it/10 W[]\T1/fbb-TLF/m/n/10 )\U/zeur/m/n/10 ^^N\T1/fbb-TLF/m/
it/10 W \T1/fbb-TLF/m/n/10 = [] [] \U/zeur/m/n/10 ^^U[]\T1/fbb-TLF/m/n/10 (\T1/
fbb-TLF/m/it/10 v[]\U/zeur/m/n/10 ^^N\T1/fbb-TLF/m/it/10 W\T1/fbb-TLF/m/n/10 )[
]
 []

LaTeX Font Info:    No math alphabet change to frozen version normal on input l
ine 519.
LaTeX Font Info:    No math alphabet change to frozen version normal on input l
ine 519.
LaTeX Font Info:    No math alphabet change to frozen version normal on input l
ine 520.
LaTeX Font Info:    No math alphabet change to frozen version normal on input l
ine 520.
LaTeX Font Info:    Nested math: keeping math alphabet allocation in version no
rmal on input line 524.
LaTeX Font Info:    Nested math: keeping math alphabet allocation in version no
rmal on input line 524.
LaTeX Font Info:    Nested math: keeping math alphabet allocation in version no
rmal on input line 524.
LaTeX Font Info:    Nested math: keeping math alphabet allocation in version no
rmal on input line 524.
LaTeX Font Info:    No math alphabet change to frozen version normal on input l
ine 526.
LaTeX Font Info:    No math alphabet change to frozen version normal on input l
ine 526.
LaTeX Font Info:    No math alphabet change to frozen version normal on input l
ine 529.
LaTeX Font Info:    No math alphabet change to frozen version normal on input l
ine 529.
LaTeX Font Info:    No math alphabet change to frozen version normal on input l
ine 529.
LaTeX Font Info:    No math alphabet change to frozen version normal on input l
ine 530.
LaTeX Font Info:    No math alphabet change to frozen version normal on input l
ine 535.
LaTeX Font Info:    No math alphabet change to frozen version normal on input l
ine 535.
LaTeX Font Info:    No math alphabet change to frozen version normal on input l
ine 536.
LaTeX Font Info:    No math alphabet change to frozen version normal on input l
ine 536.
LaTeX Font Info:    No math alphabet change to frozen version normal on input l
ine 537.
LaTeX Font Info:    No math alphabet change to frozen version normal on input l
ine 537.
LaTeX Font Info:    No math alphabet change to frozen version normal on input l
ine 542.
LaTeX Font Info:    No math alphabet change to frozen version normal on input l
ine 542.
LaTeX Font Info:    No math alphabet change to frozen version normal on input l
ine 544.
LaTeX Font Info:    No math alphabet change to frozen version normal on input l
ine 544.
LaTeX Font Info:    No math alphabet change to frozen version normal on input l
ine 545.
LaTeX Font Info:    Nested math: keeping math alphabet allocation in version no
rmal on input line 549.
LaTeX Font Info:    Nested math: keeping math alphabet allocation in version no
rmal on input line 549.
LaTeX Font Info:    Nested math: keeping math alphabet allocation in version no
rmal on input line 549.
LaTeX Font Info:    Nested math: keeping math alphabet allocation in version no
rmal on input line 549.
LaTeX Font Info:    Nested math: keeping math alphabet allocation in version no
rmal on input line 550.
LaTeX Font Info:    No math alphabet change to frozen version normal on input l
ine 551.
LaTeX Font Info:    No math alphabet change to frozen version normal on input l
ine 551.
LaTeX Font Info:    Nested math: keeping math alphabet allocation in version no
rmal on input line 553.
LaTeX Font Info:    Nested math: keeping math alphabet allocation in version no
rmal on input line 553.
LaTeX Font Info:    Nested math: keeping math alphabet allocation in version no
rmal on input line 553.
LaTeX Font Info:    Nested math: keeping math alphabet allocation in version no
rmal on input line 553.
LaTeX Font Info:    No math alphabet change to frozen version normal on input l
ine 555.
LaTeX Font Info:    No math alphabet change to frozen version normal on input l
ine 555.
LaTeX Font Info:    No math alphabet change to frozen version normal on input l
ine 556.
LaTeX Font Info:    No math alphabet change to frozen version normal on input l
ine 580.
LaTeX Font Info:    No math alphabet change to frozen version normal on input l
ine 580.
LaTeX Font Info:    No math alphabet change to frozen version normal on input l
ine 580.
LaTeX Font Info:    No math alphabet change to frozen version normal on input l
ine 580.
LaTeX Font Info:    No math alphabet change to frozen version normal on input l
ine 580.
LaTeX Font Info:    No math alphabet change to frozen version normal on input l
ine 581.
LaTeX Font Info:    Nested math: keeping math alphabet allocation in version no
rmal on input line 582.
LaTeX Font Info:    Nested math: keeping math alphabet allocation in version no
rmal on input line 582.
LaTeX Font Info:    Nested math: keeping math alphabet allocation in version no
rmal on input line 582.
LaTeX Font Info:    Nested math: keeping math alphabet allocation in version no
rmal on input line 582.
LaTeX Font Info:    Nested math: keeping math alphabet allocation in version no
rmal on input line 583.
LaTeX Font Info:    No math alphabet change to frozen version normal on input l
ine 584.
LaTeX Font Info:    No math alphabet change to frozen version normal on input l
ine 584.
LaTeX Font Info:    No math alphabet change to frozen version normal on input l
ine 585.
LaTeX Font Info:    No math alphabet change to frozen version normal on input l
ine 585.
LaTeX Font Info:    No math alphabet change to frozen version normal on input l
ine 585.
LaTeX Font Info:    No math alphabet change to frozen version normal on input l
ine 589.
LaTeX Font Info:    No math alphabet change to frozen version normal on input l
ine 589.
LaTeX Font Info:    No math alphabet change to frozen version normal on input l
ine 594.
LaTeX Font Info:    Nested math: keeping math alphabet allocation in version no
rmal on input line 595.
LaTeX Font Info:    Nested math: keeping math alphabet allocation in version no
rmal on input line 595.
LaTeX Font Info:    Nested math: keeping math alphabet allocation in version no
rmal on input line 595.
LaTeX Font Info:    Nested math: keeping math alphabet allocation in version no
rmal on input line 595.
LaTeX Font Info:    No math alphabet change to frozen version normal on input l
ine 597.
LaTeX Font Info:    No math alphabet change to frozen version normal on input l
ine 597.
LaTeX Font Info:    No math alphabet change to frozen version normal on input l
ine 600.

Underfull \hbox (badness 1540) in paragraph at lines 600--601
[]$\OMS/cmsy/m/n/10 L\T1/fbb-TLF/m/n/10 (\T1/fbb-TLF/m/it/10 W\T1/fbb-TLF/m/n/1
0 ; \OMS/cmsy/m/n/10 D\T1/fbb-TLF/m/n/10 )$ \T1/fbb-TLF/m/it/10 is the loss fun
c-tion, play-ing the role of Hamil-to-
 []

LaTeX Font Info:    No math alphabet change to frozen version normal on input l
ine 601.
LaTeX Font Info:    No math alphabet change to frozen version normal on input l
ine 602.
[9]
Underfull \hbox (badness 7433) in paragraph at lines 608--610
[]\T1/fbb-TLF/m/n/10 The equi-lib-rium as-sump-tion is an-a-lyt-i-cally con-ve-
nient
 []

LaTeX Font Info:    Nested math: keeping math alphabet allocation in version no
rmal on input line 619.
LaTeX Font Info:    Nested math: keeping math alphabet allocation in version no
rmal on input line 619.
LaTeX Font Info:    Nested math: keeping math alphabet allocation in version no
rmal on input line 619.
LaTeX Font Info:    Nested math: keeping math alphabet allocation in version no
rmal on input line 619.
LaTeX Font Info:    No math alphabet change to frozen version normal on input l
ine 621.
LaTeX Font Info:    No math alphabet change to frozen version normal on input l
ine 621.
LaTeX Font Info:    Nested math: keeping math alphabet allocation in version no
rmal on input line 625.
LaTeX Font Info:    Nested math: keeping math alphabet allocation in version no
rmal on input line 625.
LaTeX Font Info:    Nested math: keeping math alphabet allocation in version no
rmal on input line 625.
LaTeX Font Info:    Nested math: keeping math alphabet allocation in version no
rmal on input line 625.
LaTeX Font Info:    No math alphabet change to frozen version normal on input l
ine 627.
LaTeX Font Info:    No math alphabet change to frozen version normal on input l
ine 627.
LaTeX Font Info:    No math alphabet change to frozen version normal on input l
ine 640.
LaTeX Font Info:    Nested math: keeping math alphabet allocation in version no
rmal on input line 642.
LaTeX Font Info:    No math alphabet change to frozen version normal on input l
ine 642.
LaTeX Font Info:    No math alphabet change to frozen version normal on input l
ine 644.
LaTeX Font Info:    No math alphabet change to frozen version normal on input l
ine 644.
LaTeX Font Info:    No math alphabet change to frozen version normal on input l
ine 646.
LaTeX Font Info:    Nested math: keeping math alphabet allocation in version no
rmal on input line 652.
LaTeX Font Info:    Nested math: keeping math alphabet allocation in version no
rmal on input line 652.
LaTeX Font Info:    Nested math: keeping math alphabet allocation in version no
rmal on input line 652.
LaTeX Font Info:    Nested math: keeping math alphabet allocation in version no
rmal on input line 652.
LaTeX Font Info:    Nested math: keeping math alphabet allocation in version no
rmal on input line 653.
LaTeX Font Info:    No math alphabet change to frozen version normal on input l
ine 654.
LaTeX Font Info:    No math alphabet change to frozen version normal on input l
ine 654.
LaTeX Font Info:    No math alphabet change to frozen version normal on input l
ine 672.
LaTeX Font Info:    No math alphabet change to frozen version normal on input l
ine 672.
LaTeX Font Info:    Nested math: keeping math alphabet allocation in version no
rmal on input line 675.
LaTeX Font Info:    Nested math: keeping math alphabet allocation in version no
rmal on input line 675.
LaTeX Font Info:    Nested math: keeping math alphabet allocation in version no
rmal on input line 675.
LaTeX Font Info:    Nested math: keeping math alphabet allocation in version no
rmal on input line 675.
LaTeX Font Info:    No math alphabet change to frozen version normal on input l
ine 677.
LaTeX Font Info:    No math alphabet change to frozen version normal on input l
ine 677.
LaTeX Font Info:    No math alphabet change to frozen version normal on input l
ine 679.
LaTeX Font Info:    No math alphabet change to frozen version normal on input l
ine 679.
LaTeX Font Info:    No math alphabet change to frozen version normal on input l
ine 684.
LaTeX Font Info:    Nested math: keeping math alphabet allocation in version no
rmal on input line 685.
LaTeX Font Info:    Nested math: keeping math alphabet allocation in version no
rmal on input line 685.
LaTeX Font Info:    Nested math: keeping math alphabet allocation in version no
rmal on input line 685.
LaTeX Font Info:    Nested math: keeping math alphabet allocation in version no
rmal on input line 685.
LaTeX Font Info:    Nested math: keeping math alphabet allocation in version no
rmal on input line 686.
LaTeX Font Info:    No math alphabet change to frozen version normal on input l
ine 687.
LaTeX Font Info:    No math alphabet change to frozen version normal on input l
ine 687.
LaTeX Font Info:    No math alphabet change to frozen version normal on input l
ine 691.
LaTeX Font Info:    No math alphabet change to frozen version normal on input l
ine 691.
LaTeX Font Info:    No math alphabet change to frozen version normal on input l
ine 692.
LaTeX Font Info:    No math alphabet change to frozen version normal on input l
ine 693.
LaTeX Font Info:    No math alphabet change to frozen version normal on input l
ine 697.
LaTeX Font Info:    No math alphabet change to frozen version normal on input l
ine 697.
LaTeX Font Info:    No math alphabet change to frozen version normal on input l
ine 697.
LaTeX Font Info:    No math alphabet change to frozen version normal on input l
ine 697.
[10]
LaTeX Font Info:    No math alphabet change to frozen version normal on input l
ine 700.
LaTeX Font Info:    No math alphabet change to frozen version normal on input l
ine 700.
LaTeX Font Info:    No math alphabet change to frozen version normal on input l
ine 700.
LaTeX Font Info:    Nested math: keeping math alphabet allocation in version no
rmal on input line 747.
LaTeX Font Info:    Nested math: keeping math alphabet allocation in version no
rmal on input line 747.
LaTeX Font Info:    Nested math: keeping math alphabet allocation in version no
rmal on input line 747.
LaTeX Font Info:    Nested math: keeping math alphabet allocation in version no
rmal on input line 747.
LaTeX Font Info:    Nested math: keeping math alphabet allocation in version no
rmal on input line 747.
LaTeX Font Info:    Nested math: keeping math alphabet allocation in version no
rmal on input line 747.
LaTeX Font Info:    Nested math: keeping math alphabet allocation in version no
rmal on input line 747.
LaTeX Font Info:    Nested math: keeping math alphabet allocation in version no
rmal on input line 747.
LaTeX Font Info:    Nested math: keeping math alphabet allocation in version no
rmal on input line 747.
LaTeX Font Info:    Nested math: keeping math alphabet allocation in version no
rmal on input line 747.
LaTeX Font Info:    Nested math: keeping math alphabet allocation in version no
rmal on input line 747.
LaTeX Font Info:    Nested math: keeping math alphabet allocation in version no
rmal on input line 747.
LaTeX Font Info:    Nested math: keeping math alphabet allocation in version no
rmal on input line 747.
LaTeX Font Info:    Nested math: keeping math alphabet allocation in version no
rmal on input line 747.
LaTeX Font Info:    Nested math: keeping math alphabet allocation in version no
rmal on input line 747.
LaTeX Font Info:    Nested math: keeping math alphabet allocation in version no
rmal on input line 747.
LaTeX Font Info:    Nested math: keeping math alphabet allocation in version no
rmal on input line 747.
LaTeX Font Info:    Nested math: keeping math alphabet allocation in version no
rmal on input line 747.
LaTeX Font Info:    Nested math: keeping math alphabet allocation in version no
rmal on input line 747.
LaTeX Font Info:    Nested math: keeping math alphabet allocation in version no
rmal on input line 747.
LaTeX Font Info:    Nested math: keeping math alphabet allocation in version no
rmal on input line 747.
LaTeX Font Info:    Nested math: keeping math alphabet allocation in version no
rmal on input line 747.
LaTeX Font Info:    No math alphabet change to frozen version normal on input l
ine 747.
LaTeX Font Info:    No math alphabet change to frozen version normal on input l
ine 760.
LaTeX Font Info:    No math alphabet change to frozen version normal on input l
ine 760.
LaTeX Font Info:    No math alphabet change to frozen version normal on input l
ine 785.
LaTeX Font Info:    No math alphabet change to frozen version normal on input l
ine 785.
LaTeX Font Info:    Nested math: keeping math alphabet allocation in version no
rmal on input line 786.
LaTeX Font Info:    Nested math: keeping math alphabet allocation in version no
rmal on input line 786.
LaTeX Font Info:    Nested math: keeping math alphabet allocation in version no
rmal on input line 786.
LaTeX Font Info:    Nested math: keeping math alphabet allocation in version no
rmal on input line 786.
LaTeX Font Info:    No math alphabet change to frozen version normal on input l
ine 788.
LaTeX Font Info:    No math alphabet change to frozen version normal on input l
ine 788.
LaTeX Font Info:    No math alphabet change to frozen version normal on input l
ine 792.
LaTeX Font Info:    No math alphabet change to frozen version normal on input l
ine 792.
LaTeX Font Info:    Nested math: keeping math alphabet allocation in version no
rmal on input line 792.
LaTeX Font Info:    No math alphabet change to frozen version normal on input l
ine 792.
LaTeX Font Info:    No math alphabet change to frozen version normal on input l
ine 794.
LaTeX Font Info:    No math alphabet change to frozen version normal on input l
ine 794.
LaTeX Font Info:    No math alphabet change to frozen version normal on input l
ine 796.
LaTeX Font Info:    No math alphabet change to frozen version normal on input l
ine 796.
LaTeX Font Info:    No math alphabet change to frozen version normal on input l
ine 796.
LaTeX Font Info:    No math alphabet change to frozen version normal on input l
ine 804.
LaTeX Font Info:    No math alphabet change to frozen version normal on input l
ine 806.
LaTeX Font Info:    Nested math: keeping math alphabet allocation in version no
rmal on input line 806.
LaTeX Font Info:    No math alphabet change to frozen version normal on input l
ine 806.
LaTeX Font Info:    No math alphabet change to frozen version normal on input l
ine 808.

Underfull \hbox (badness 5008) in paragraph at lines 819--820
\T1/fbb-TLF/m/n/10 noise in-tro-duces stochas-tic-ity that can be mod-eled as
 []

[11]
Underfull \hbox (badness 5460) in paragraph at lines 832--833
\T1/fbb-TLF/m/n/10 ing how equi-lib-rium the-o-ries (RMT, Replica) ex-plain
 []


Underfull \hbox (badness 2005) in paragraph at lines 832--833
\T1/fbb-TLF/m/n/10 dou-ble de-scent in lin-ear mod-els, be-fore de-vel-op-ing t
he
 []


Underfull \hbox (badness 3907) in paragraph at lines 836--837
\T1/fbb-TLF/m/n/10 pri-mar-ily lever-aged tools from \T1/fbb-TLF/b/n/10 Equi-li
b-rium Sta-tis-ti-cal
 []


Underfull \hbox (badness 3482) in paragraph at lines 836--837
\T1/fbb-TLF/b/n/10 Physics \T1/fbb-TLF/m/n/10 and \T1/fbb-TLF/b/n/10 Ran-dom Ma
-trix The-ory (RMT)\T1/fbb-TLF/m/n/10 . These
 []


LaTeX Warning: Citation 'hastie2019surprises' on page 12 undefined on input lin
e 839.

LaTeX Font Info:    No math alphabet change to frozen version normal on input l
ine 839.
LaTeX Font Info:    No math alphabet change to frozen version normal on input l
ine 841.
LaTeX Font Info:    No math alphabet change to frozen version normal on input l
ine 841.
LaTeX Font Info:    No math alphabet change to frozen version normal on input l
ine 841.
LaTeX Font Info:    No math alphabet change to frozen version normal on input l
ine 846.
LaTeX Font Info:    No math alphabet change to frozen version normal on input l
ine 847.
LaTeX Font Info:    No math alphabet change to frozen version normal on input l
ine 847.
LaTeX Font Info:    No math alphabet change to frozen version normal on input l
ine 848.

LaTeX Warning: Citation 'mezard1987spin' on page 12 undefined on input line 851
.


LaTeX Warning: Citation 'gerace2020generalisation' on page 12 undefined on inpu
t line 851.


Overfull \hbox (18.03314pt too wide) in paragraph at lines 851--852
[]\T1/fbb-TLF/m/n/10 Researchers such as []; []
 []

[12]
LaTeX Font Info:    No math alphabet change to frozen version normal on input l
ine 863.
LaTeX Font Info:    No math alphabet change to frozen version normal on input l
ine 863.
LaTeX Font Info:    Nested math: keeping math alphabet allocation in version no
rmal on input line 864.
LaTeX Font Info:    Nested math: keeping math alphabet allocation in version no
rmal on input line 864.
LaTeX Font Info:    Nested math: keeping math alphabet allocation in version no
rmal on input line 864.
LaTeX Font Info:    Nested math: keeping math alphabet allocation in version no
rmal on input line 864.
LaTeX Font Info:    No math alphabet change to frozen version normal on input l
ine 866.
LaTeX Font Info:    No math alphabet change to frozen version normal on input l
ine 866.
LaTeX Font Info:    No math alphabet change to frozen version normal on input l
ine 867.
LaTeX Font Info:    No math alphabet change to frozen version normal on input l
ine 867.
LaTeX Font Info:    Nested math: keeping math alphabet allocation in version no
rmal on input line 870.
LaTeX Font Info:    Nested math: keeping math alphabet allocation in version no
rmal on input line 870.
LaTeX Font Info:    Nested math: keeping math alphabet allocation in version no
rmal on input line 870.
LaTeX Font Info:    Nested math: keeping math alphabet allocation in version no
rmal on input line 870.
LaTeX Font Info:    Nested math: keeping math alphabet allocation in version no
rmal on input line 871.
LaTeX Font Info:    No math alphabet change to frozen version normal on input l
ine 872.
LaTeX Font Info:    No math alphabet change to frozen version normal on input l
ine 872.
LaTeX Font Info:    Nested math: keeping math alphabet allocation in version no
rmal on input line 879.
LaTeX Font Info:    Nested math: keeping math alphabet allocation in version no
rmal on input line 879.
LaTeX Font Info:    Nested math: keeping math alphabet allocation in version no
rmal on input line 879.
LaTeX Font Info:    Nested math: keeping math alphabet allocation in version no
rmal on input line 879.
LaTeX Font Info:    No math alphabet change to frozen version normal on input l
ine 881.
LaTeX Font Info:    No math alphabet change to frozen version normal on input l
ine 881.
LaTeX Font Info:    Nested math: keeping math alphabet allocation in version no
rmal on input line 884.
LaTeX Font Info:    Nested math: keeping math alphabet allocation in version no
rmal on input line 884.
LaTeX Font Info:    Nested math: keeping math alphabet allocation in version no
rmal on input line 884.
LaTeX Font Info:    Nested math: keeping math alphabet allocation in version no
rmal on input line 884.
LaTeX Font Info:    No math alphabet change to frozen version normal on input l
ine 886.
LaTeX Font Info:    No math alphabet change to frozen version normal on input l
ine 886.
LaTeX Font Info:    No math alphabet change to frozen version normal on input l
ine 888.
LaTeX Font Info:    Nested math: keeping math alphabet allocation in version no
rmal on input line 889.
LaTeX Font Info:    Nested math: keeping math alphabet allocation in version no
rmal on input line 889.
LaTeX Font Info:    Nested math: keeping math alphabet allocation in version no
rmal on input line 889.
LaTeX Font Info:    Nested math: keeping math alphabet allocation in version no
rmal on input line 889.
LaTeX Font Info:    No math alphabet change to frozen version normal on input l
ine 891.
LaTeX Font Info:    No math alphabet change to frozen version normal on input l
ine 891.
LaTeX Font Info:    No math alphabet change to frozen version normal on input l
ine 893.
LaTeX Font Info:    No math alphabet change to frozen version normal on input l
ine 893.
LaTeX Font Info:    No math alphabet change to frozen version normal on input l
ine 897.
LaTeX Font Info:    No math alphabet change to frozen version normal on input l
ine 897.
LaTeX Font Info:    Nested math: keeping math alphabet allocation in version no
rmal on input line 898.
LaTeX Font Info:    Nested math: keeping math alphabet allocation in version no
rmal on input line 898.
LaTeX Font Info:    Nested math: keeping math alphabet allocation in version no
rmal on input line 898.
LaTeX Font Info:    Nested math: keeping math alphabet allocation in version no
rmal on input line 898.
LaTeX Font Info:    No math alphabet change to frozen version normal on input l
ine 900.
LaTeX Font Info:    No math alphabet change to frozen version normal on input l
ine 900.
LaTeX Font Info:    Nested math: keeping math alphabet allocation in version no
rmal on input line 903.
LaTeX Font Info:    Nested math: keeping math alphabet allocation in version no
rmal on input line 903.
LaTeX Font Info:    Nested math: keeping math alphabet allocation in version no
rmal on input line 903.
LaTeX Font Info:    Nested math: keeping math alphabet allocation in version no
rmal on input line 903.
LaTeX Font Info:    No math alphabet change to frozen version normal on input l
ine 905.
LaTeX Font Info:    No math alphabet change to frozen version normal on input l
ine 905.
LaTeX Font Info:    No math alphabet change to frozen version normal on input l
ine 907.
LaTeX Font Info:    No math alphabet change to frozen version normal on input l
ine 907.
LaTeX Font Info:    No math alphabet change to frozen version normal on input l
ine 911.
LaTeX Font Info:    No math alphabet change to frozen version normal on input l
ine 911.
LaTeX Font Info:    Nested math: keeping math alphabet allocation in version no
rmal on input line 912.
LaTeX Font Info:    Nested math: keeping math alphabet allocation in version no
rmal on input line 912.
LaTeX Font Info:    Nested math: keeping math alphabet allocation in version no
rmal on input line 912.
LaTeX Font Info:    Nested math: keeping math alphabet allocation in version no
rmal on input line 912.
LaTeX Font Info:    No math alphabet change to frozen version normal on input l
ine 914.
LaTeX Font Info:    No math alphabet change to frozen version normal on input l
ine 914.
LaTeX Font Info:    Nested math: keeping math alphabet allocation in version no
rmal on input line 919.
LaTeX Font Info:    Nested math: keeping math alphabet allocation in version no
rmal on input line 919.
LaTeX Font Info:    Nested math: keeping math alphabet allocation in version no
rmal on input line 919.
LaTeX Font Info:    Nested math: keeping math alphabet allocation in version no
rmal on input line 919.
LaTeX Font Info:    Nested math: keeping math alphabet allocation in version no
rmal on input line 920.
LaTeX Font Info:    No math alphabet change to frozen version normal on input l
ine 921.
LaTeX Font Info:    No math alphabet change to frozen version normal on input l
ine 921.
LaTeX Font Info:    No math alphabet change to frozen version normal on input l
ine 923.
LaTeX Font Info:    No math alphabet change to frozen version normal on input l
ine 927.
LaTeX Font Info:    No math alphabet change to frozen version normal on input l
ine 927.
LaTeX Font Info:    No math alphabet change to frozen version normal on input l
ine 927.
LaTeX Font Info:    No math alphabet change to frozen version normal on input l
ine 929.
LaTeX Font Info:    No math alphabet change to frozen version normal on input l
ine 930.
LaTeX Font Info:    No math alphabet change to frozen version normal on input l
ine 933.
LaTeX Font Info:    No math alphabet change to frozen version normal on input l
ine 936.
 [13]
LaTeX Font Info:    No math alphabet change to frozen version normal on input l
ine 960.
LaTeX Font Info:    No math alphabet change to frozen version normal on input l
ine 961.

Underfull \hbox (badness 1057) in paragraph at lines 969--970
\T1/fbb-TLF/m/n/10 cesses in lin-ear and random-feature set-tings, equi-lib-riu
m
 []


Underfull \hbox (badness 1838) in paragraph at lines 969--970
\T1/fbb-TLF/m/n/10 ap-proaches re-main silent on three em-pir-i-cal reg-u-lar-i
-ties:
 []

LaTeX Font Info:    No math alphabet change to frozen version normal on input l
ine 977.

Package hyperref Warning: Token not allowed in a PDF string (Unicode):
(hyperref)                removing `math shift' on input line 977.


Package hyperref Warning: Token not allowed in a PDF string (Unicode):
(hyperref)                removing `\leftrightarrow' on input line 977.


Package hyperref Warning: Token not allowed in a PDF string (Unicode):
(hyperref)                removing `math shift' on input line 977.

LaTeX Font Info:    No math alphabet change to frozen version normal on input l
ine 979.
LaTeX Font Info:    No math alphabet change to frozen version normal on input l
ine 983.
LaTeX Font Info:    No math alphabet change to frozen version normal on input l
ine 983.
LaTeX Font Info:    No math alphabet change to frozen version normal on input l
ine 985.
LaTeX Font Info:    Nested math: keeping math alphabet allocation in version no
rmal on input line 988.
LaTeX Font Info:    No math alphabet change to frozen version normal on input l
ine 988.
LaTeX Font Info:    No math alphabet change to frozen version normal on input l
ine 990.

Package hyperref Warning: Token not allowed in a PDF string (Unicode):
(hyperref)                removing `math shift' on input line 990.


Package hyperref Warning: Token not allowed in a PDF string (Unicode):
(hyperref)                removing `\leftrightarrow' on input line 990.


Package hyperref Warning: Token not allowed in a PDF string (Unicode):
(hyperref)                removing `math shift' on input line 990.

LaTeX Font Info:    No math alphabet change to frozen version normal on input l
ine 992.
LaTeX Font Info:    No math alphabet change to frozen version normal on input l
ine 992.
LaTeX Font Info:    No math alphabet change to frozen version normal on input l
ine 1001.
LaTeX Font Info:    No math alphabet change to frozen version normal on input l
ine 1001.
LaTeX Font Info:    No math alphabet change to frozen version normal on input l
ine 1001.
LaTeX Font Info:    No math alphabet change to frozen version normal on input l
ine 1003.

Package hyperref Warning: Token not allowed in a PDF string (Unicode):
(hyperref)                removing `math shift' on input line 1003.


Package hyperref Warning: Token not allowed in a PDF string (Unicode):
(hyperref)                removing `\leftrightarrow' on input line 1003.


Package hyperref Warning: Token not allowed in a PDF string (Unicode):
(hyperref)                removing `math shift' on input line 1003.

LaTeX Font Info:    No math alphabet change to frozen version normal on input l
ine 1011.
LaTeX Font Info:    No math alphabet change to frozen version normal on input l
ine 1011.
LaTeX Font Info:    No math alphabet change to frozen version normal on input l
ine 1016.

Package hyperref Warning: Token not allowed in a PDF string (Unicode):
(hyperref)                removing `math shift' on input line 1016.


Package hyperref Warning: Token not allowed in a PDF string (Unicode):
(hyperref)                removing `\leftrightarrow' on input line 1016.


Package hyperref Warning: Token not allowed in a PDF string (Unicode):
(hyperref)                removing `math shift' on input line 1016.

LaTeX Font Info:    No math alphabet change to frozen version normal on input l
ine 1018.
LaTeX Font Info:    No math alphabet change to frozen version normal on input l
ine 1018.
[14]
LaTeX Font Info:    No math alphabet change to frozen version normal on input l
ine 1029.


Package hyperref Warning: Token not allowed in a PDF string (Unicode):
(hyperref)                removing `math shift' on input line 1029.


Package hyperref Warning: Token not allowed in a PDF string (Unicode):
(hyperref)                removing `\leftrightarrow' on input line 1029.


Package hyperref Warning: Token not allowed in a PDF string (Unicode):
(hyperref)                removing `math shift' on input line 1029.


Underfull \hbox (badness 1067) in paragraph at lines 1036--1037
[]\T1/fbb-TLF/m/n/10 Intuitively, flat min-ima are ``robust''---small per-tur-b
a-tions
 []


Underfull \hbox (badness 1442) in paragraph at lines 1040--1041
\T1/fbb-TLF/m/n/10 weights pre-serves the func-tion but changes the Hes-sian.
 []

LaTeX Font Info:    No math alphabet change to frozen version normal on input l
ine 1043.
LaTeX Font Info:    Nested math: keeping math alphabet allocation in version no
rmal on input line 1044.
LaTeX Font Info:    Nested math: keeping math alphabet allocation in version no
rmal on input line 1044.
LaTeX Font Info:    Nested math: keeping math alphabet allocation in version no
rmal on input line 1044.
LaTeX Font Info:    Nested math: keeping math alphabet allocation in version no
rmal on input line 1044.
LaTeX Font Info:    Nested math: keeping math alphabet allocation in version no
rmal on input line 1047.
LaTeX Font Info:    Nested math: keeping math alphabet allocation in version no
rmal on input line 1047.
LaTeX Font Info:    No math alphabet change to frozen version normal on input l
ine 1048.
LaTeX Font Info:    No math alphabet change to frozen version normal on input l
ine 1048.
LaTeX Font Info:    No math alphabet change to frozen version normal on input l
ine 1049.
LaTeX Font Info:    No math alphabet change to frozen version normal on input l
ine 1049.
LaTeX Font Info:    No math alphabet change to frozen version normal on input l
ine 1050.
LaTeX Font Info:    No math alphabet change to frozen version normal on input l
ine 1050.
LaTeX Font Info:    No math alphabet change to frozen version normal on input l
ine 1053.
LaTeX Font Info:    No math alphabet change to frozen version normal on input l
ine 1053.
LaTeX Font Info:    No math alphabet change to frozen version normal on input l
ine 1055.
LaTeX Font Info:    No math alphabet change to frozen version normal on input l
ine 1055.
LaTeX Font Info:    No math alphabet change to frozen version normal on input l
ine 1056.
LaTeX Font Info:    No math alphabet change to frozen version normal on input l
ine 1057.
LaTeX Font Info:    No math alphabet change to frozen version normal on input l
ine 1057.

Underfull \hbox (badness 3568) in paragraph at lines 1066--1067
\T1/fbb-TLF/m/n/10 While equi-lib-rium the-o-ries suc-cess-fully de-scribe dou-
ble
 []


Underfull \hbox (badness 1168) in paragraph at lines 1066--1067
\T1/fbb-TLF/m/n/10 re-mains when ap-ply-ing these con-cepts to mod-ern Deep
 []


Underfull \hbox (badness 1354) in paragraph at lines 1066--1067
\T1/fbb-TLF/m/n/10 Neu-ral Net-works (DNNs). The el-e-gance of the RMT
 []


LaTeX Warning: Citation 'nakkiran2021optimalregularizationmitigatedouble' on pa
ge 15 undefined on input line 1075.


LaTeX Warning: Citation 'heckel2020early' on page 15 undefined on input line 10
75.


Underfull \hbox (badness 10000) in paragraph at lines 1075--1076
[]\T1/fbb-TLF/b/n/10 Epoch-wise Dou-ble De-scent: \T1/fbb-TLF/m/n/10 Per-haps t
he most
 []


Underfull \hbox (badness 10000) in paragraph at lines 1075--1076
\T1/fbb-TLF/m/n/10 com-pelling ev-i-dence against a purely static ex-pla-na-
 []


Underfull \hbox (badness 10000) in paragraph at lines 1075--1076
\T1/fbb-TLF/m/n/10 tion is the ob-ser-va-tion of \T1/fbb-TLF/m/it/10 epoch-wise
 dou-ble de-scent
 []


Underfull \hbox (badness 10000) in paragraph at lines 1075--1076
[]\T1/fbb-TLF/m/n/10 ;
 []


Underfull \hbox (badness 1735) in paragraph at lines 1078--1079
\T1/fbb-TLF/m/n/10 Con-se-quently, a com-plete the-ory must be grounded in
 []

[15]
LaTeX Font Info:    No math alphabet change to frozen version normal on input l
ine 1087.

Underfull \hbox (badness 2134) in paragraph at lines 1087--1088
\T1/fbb-TLF/m/n/10 gets trapped in sharp, un-sta-ble min-ima as-so-ci-ated with

 []


LaTeX Warning: Citation 'belkin_reconciling_2019' on page 16 undefined on input
 line 1100.


LaTeX Warning: Citation 'nakkiran_deep_2019' on page 16 undefined on input line
 1100.

LaTeX Font Info:    No math alphabet change to frozen version normal on input l
ine 1112.

Underfull \hbox (badness 4024) in paragraph at lines 1113--1114
[]\T1/fbb-TLF/b/n/10 Dynamical Ob-ser-va-tions \T1/fbb-TLF/m/n/10 (Sec-tion 6):
 The Langevin
 []


Underfull \hbox (badness 2245) in paragraph at lines 1113--1114
\T1/fbb-TLF/m/n/10 ap-prox-i-ma-tion and Jam-ming anal-ogy sug-gest that SGD
 []

LaTeX Font Info:    Nested math: keeping math alphabet allocation in version no
rmal on input line 1121.
LaTeX Font Info:    Nested math: keeping math alphabet allocation in version no
rmal on input line 1121.
LaTeX Font Info:    Nested math: keeping math alphabet allocation in version no
rmal on input line 1121.
LaTeX Font Info:    Nested math: keeping math alphabet allocation in version no
rmal on input line 1121.
LaTeX Font Info:    Nested math: keeping math alphabet allocation in version no
rmal on input line 1122.
LaTeX Font Info:    No math alphabet change to frozen version normal on input l
ine 1123.
LaTeX Font Info:    No math alphabet change to frozen version normal on input l
ine 1123.
LaTeX Font Info:    No math alphabet change to frozen version normal on input l
ine 1124.
LaTeX Font Info:    No math alphabet change to frozen version normal on input l
ine 1124.
LaTeX Font Info:    No math alphabet change to frozen version normal on input l
ine 1124.
LaTeX Font Info:    No math alphabet change to frozen version normal on input l
ine 1128.
LaTeX Font Info:    No math alphabet change to frozen version normal on input l
ine 1128.
[16]
Package hyperref Info: bookmark level for unknown postulate defaults to 0 on in
put line 1134.
LaTeX Font Info:    No math alphabet change to frozen version normal on input l
ine 1135.
LaTeX Font Info:    Nested math: keeping math alphabet allocation in version no
rmal on input line 1141.
LaTeX Font Info:    Nested math: keeping math alphabet allocation in version no
rmal on input line 1141.
LaTeX Font Info:    Nested math: keeping math alphabet allocation in version no
rmal on input line 1141.
LaTeX Font Info:    Nested math: keeping math alphabet allocation in version no
rmal on input line 1141.
LaTeX Font Info:    No math alphabet change to frozen version normal on input l
ine 1143.
LaTeX Font Info:    No math alphabet change to frozen version normal on input l
ine 1143.
LaTeX Font Info:    No math alphabet change to frozen version normal on input l
ine 1144.
LaTeX Font Info:    No math alphabet change to frozen version normal on input l
ine 1144.
LaTeX Font Info:    No math alphabet change to frozen version normal on input l
ine 1144.
LaTeX Font Info:    No math alphabet change to frozen version normal on input l
ine 1146.
LaTeX Font Info:    No math alphabet change to frozen version normal on input l
ine 1146.

Underfull \hbox (badness 1117) in paragraph at lines 1148--1149
[]\T1/fbb-TLF/m/n/10 This state-dependence of the noise is the key de-par-ture
 []


Underfull \hbox (badness 1275) in paragraph at lines 1148--1149
\T1/fbb-TLF/m/n/10 from clas-si-cal sta-tis-ti-cal physics. In the Replica The-
ory
 []


Underfull \hbox (badness 2343) in paragraph at lines 1148--1149
\T1/fbb-TLF/m/it/10 lo-cal\T1/fbb-TLF/m/n/10 ---different di-rec-tions in pa-ra
m-e-ter space ex-pe-ri-ence
 []


Underfull \hbox (badness 1389) in paragraph at lines 1148--1149
\T1/fbb-TLF/m/n/10 dif-fer-ent ef-fec-tive tem-per-a-tures, de-ter-mined by the
 lo-cal
 []

LaTeX Font Info:    No math alphabet change to frozen version normal on input l
ine 1151.
LaTeX Font Info:    No math alphabet change to frozen version normal on input l
ine 1151.

Underfull \hbox (badness 1460) in paragraph at lines 1151--1152
[][]\T1/fbb-TLF/b/n/10 Hypothesis 7.1 \T1/fbb-TLF/m/n/10 (Cur-va-ture-Noise Cou
-pling)\T1/fbb-TLF/b/n/10 . []\T1/fbb-TLF/m/it/10 The SGD
 []

LaTeX Font Info:    Nested math: keeping math alphabet allocation in version no
rmal on input line 1152.
LaTeX Font Info:    Nested math: keeping math alphabet allocation in version no
rmal on input line 1152.
LaTeX Font Info:    Nested math: keeping math alphabet allocation in version no
rmal on input line 1152.
LaTeX Font Info:    Nested math: keeping math alphabet allocation in version no
rmal on input line 1152.
LaTeX Font Info:    Nested math: keeping math alphabet allocation in version no
rmal on input line 1153.
LaTeX Font Info:    No math alphabet change to frozen version normal on input l
ine 1154.
LaTeX Font Info:    No math alphabet change to frozen version normal on input l
ine 1154.
LaTeX Font Info:    No math alphabet change to frozen version normal on input l
ine 1155.
LaTeX Font Info:    No math alphabet change to frozen version normal on input l
ine 1155.
LaTeX Font Info:    No math alphabet change to frozen version normal on input l
ine 1155.
LaTeX Font Info:    No math alphabet change to frozen version normal on input l
ine 1163.
LaTeX Font Info:    No math alphabet change to frozen version normal on input l
ine 1163.
LaTeX Font Info:    No math alphabet change to frozen version normal on input l
ine 1164.
LaTeX Font Info:    No math alphabet change to frozen version normal on input l
ine 1164.
LaTeX Font Info:    No math alphabet change to frozen version normal on input l
ine 1171.

Underfull \hbox (badness 5388) in paragraph at lines 1171--1172
\T1/fbb-TLF/m/n/10 The Langevin SDE of Eq. equa-tion []40[] cap-tures the
 []

LaTeX Font Info:    No math alphabet change to frozen version normal on input l
ine 1175.
LaTeX Font Info:    Nested math: keeping math alphabet allocation in version no
rmal on input line 1176.
LaTeX Font Info:    Nested math: keeping math alphabet allocation in version no
rmal on input line 1176.
LaTeX Font Info:    Nested math: keeping math alphabet allocation in version no
rmal on input line 1176.
LaTeX Font Info:    Nested math: keeping math alphabet allocation in version no
rmal on input line 1176.
LaTeX Font Info:    No math alphabet change to frozen version normal on input l
ine 1178.
LaTeX Font Info:    No math alphabet change to frozen version normal on input l
ine 1178.
LaTeX Font Info:    No math alphabet change to frozen version normal on input l
ine 1179.
LaTeX Font Info:    No math alphabet change to frozen version normal on input l
ine 1179.
LaTeX Font Info:    No math alphabet change to frozen version normal on input l
ine 1179.
LaTeX Font Info:    No math alphabet change to frozen version normal on input l
ine 1179.
LaTeX Font Info:    No math alphabet change to frozen version normal on input l
ine 1179.

Underfull \hbox (badness 1975) in paragraph at lines 1178--1180
\T1/fbb-TLF/m/n/10 where $\T1/fbb-TLF/m/it/10 B[]$ \T1/fbb-TLF/m/n/10 is a ran-
domly sam-pled mini-batch of size $\T1/fbb-TLF/m/it/10 B$\T1/fbb-TLF/m/n/10 .
 []

LaTeX Font Info:    No math alphabet change to frozen version normal on input l
ine 1181.

Package hyperref Warning: Token not allowed in a PDF string (Unicode):
(hyperref)                removing `math shift' on input line 1181.


Package hyperref Warning: Token not allowed in a PDF string (Unicode):
(hyperref)                removing `\lambda' on input line 1181.


Package hyperref Warning: Token not allowed in a PDF string (Unicode):
(hyperref)                removing `subscript' on input line 1181.


Package hyperref Warning: Token not allowed in a PDF string (Unicode):
(hyperref)                removing `\max' on input line 1181.


Package hyperref Warning: Token not allowed in a PDF string (Unicode):
(hyperref)                removing `\approx' on input line 1181.


Package hyperref Warning: Token not allowed in a PDF string (Unicode):
(hyperref)                removing `\eta' on input line 1181.


Package hyperref Warning: Token not allowed in a PDF string (Unicode):
(hyperref)                removing `math shift' on input line 1181.

LaTeX Font Info:    No math alphabet change to frozen version normal on input l
ine 1183.
LaTeX Font Info:    No math alphabet change to frozen version normal on input l
ine 1183.
LaTeX Font Info:    No math alphabet change to frozen version normal on input l
ine 1183.
LaTeX Font Info:    Nested math: keeping math alphabet allocation in version no
rmal on input line 1184.
LaTeX Font Info:    Nested math: keeping math alphabet allocation in version no
rmal on input line 1184.
LaTeX Font Info:    Nested math: keeping math alphabet allocation in version no
rmal on input line 1184.
LaTeX Font Info:    Nested math: keeping math alphabet allocation in version no
rmal on input line 1184.
LaTeX Font Info:    No math alphabet change to frozen version normal on input l
ine 1186.
LaTeX Font Info:    No math alphabet change to frozen version normal on input l
ine 1186.
LaTeX Font Info:    No math alphabet change to frozen version normal on input l
ine 1187.
LaTeX Font Info:    Nested math: keeping math alphabet allocation in version no
rmal on input line 1188.
LaTeX Font Info:    Nested math: keeping math alphabet allocation in version no
rmal on input line 1188.
LaTeX Font Info:    Nested math: keeping math alphabet allocation in version no
rmal on input line 1188.
LaTeX Font Info:    Nested math: keeping math alphabet allocation in version no
rmal on input line 1188.
LaTeX Font Info:    No math alphabet change to frozen version normal on input l
ine 1190.
LaTeX Font Info:    No math alphabet change to frozen version normal on input l
ine 1190.
LaTeX Font Info:    No math alphabet change to frozen version normal on input l
ine 1191.
LaTeX Font Info:    No math alphabet change to frozen version normal on input l
ine 1191.
LaTeX Font Info:    No math alphabet change to frozen version normal on input l
ine 1191.
LaTeX Font Info:    No math alphabet change to frozen version normal on input l
ine 1191.
LaTeX Font Info:    Nested math: keeping math alphabet allocation in version no
rmal on input line 1192.
LaTeX Font Info:    Nested math: keeping math alphabet allocation in version no
rmal on input line 1192.
LaTeX Font Info:    Nested math: keeping math alphabet allocation in version no
rmal on input line 1192.
LaTeX Font Info:    Nested math: keeping math alphabet allocation in version no
rmal on input line 1192.
LaTeX Font Info:    Nested math: keeping math alphabet allocation in version no
rmal on input line 1193.
LaTeX Font Info:    No math alphabet change to frozen version normal on input l
ine 1194.
LaTeX Font Info:    No math alphabet change to frozen version normal on input l
ine 1194.
LaTeX Font Info:    No math alphabet change to frozen version normal on input l
ine 1195.
LaTeX Font Info:    No math alphabet change to frozen version normal on input l
ine 1195.
[17]
LaTeX Font Info:    No math alphabet change to frozen version normal on input l
ine 1197.


LaTeX Warning: Citation 'cohen2021gradient' on page 18 undefined on input line 
1197.

LaTeX Font Info:    No math alphabet change to frozen version normal on input l
ine 1204.
LaTeX Font Info:    No math alphabet change to frozen version normal on input l
ine 1206.
LaTeX Font Info:    No math alphabet change to frozen version normal on input l
ine 1206.

LaTeX Warning: Citation 'cohen2021gradient' on page 18 undefined on input line 
1206.

LaTeX Font Info:    No math alphabet change to frozen version normal on input l
ine 1208.
LaTeX Font Info:    No math alphabet change to frozen version normal on input l
ine 1208.
LaTeX Font Info:    No math alphabet change to frozen version normal on input l
ine 1208.
LaTeX Font Info:    No math alphabet change to frozen version normal on input l
ine 1217.
LaTeX Font Info:    No math alphabet change to frozen version normal on input l
ine 1217.
LaTeX Font Info:    No math alphabet change to frozen version normal on input l
ine 1218.
LaTeX Font Info:    No math alphabet change to frozen version normal on input l
ine 1218.
LaTeX Font Info:    No math alphabet change to frozen version normal on input l
ine 1218.

Underfull \hbox (badness 1297) in paragraph at lines 1218--1219
\T1/fbb-TLF/b/n/10 Pro-gres-sive sharp-en-ing be-gins\T1/fbb-TLF/m/n/10 ---$\U/
zeur/m/n/10 ^^U[]$ \T1/fbb-TLF/m/n/10 rises to-ward $2/\U/zeur/m/n/10 ^^Q$\T1/f
bb-TLF/m/n/10 .
 []

LaTeX Font Info:    No math alphabet change to frozen version normal on input l
ine 1219.
LaTeX Font Info:    No math alphabet change to frozen version normal on input l
ine 1228.
LaTeX Font Info:    No math alphabet change to frozen version normal on input l
ine 1228.
LaTeX Font Info:    Nested math: keeping math alphabet allocation in version no
rmal on input line 1229.
LaTeX Font Info:    Nested math: keeping math alphabet allocation in version no
rmal on input line 1229.
LaTeX Font Info:    Nested math: keeping math alphabet allocation in version no
rmal on input line 1229.
LaTeX Font Info:    Nested math: keeping math alphabet allocation in version no
rmal on input line 1229.
LaTeX Font Info:    No math alphabet change to frozen version normal on input l
ine 1231.
LaTeX Font Info:    No math alphabet change to frozen version normal on input l
ine 1231.
LaTeX Font Info:    No math alphabet change to frozen version normal on input l
ine 1232.
LaTeX Font Info:    No math alphabet change to frozen version normal on input l
ine 1232.
LaTeX Font Info:    No math alphabet change to frozen version normal on input l
ine 1232.

Underfull \hbox (badness 3557) in paragraph at lines 1231--1233
\T1/fbb-TLF/m/n/10 where $\U/zeur/m/n/10 ^^N\T1/fbb-TLF/m/it/10 W[]$ \T1/fbb-TL
F/m/n/10 is the evolved per-tur-ba-tion af-ter $\T1/fbb-TLF/m/it/10 T$ \T1/fbb-
TLF/m/n/10 steps
 []


Underfull \hbox (badness 3118) in paragraph at lines 1231--1233
\T1/fbb-TLF/m/n/10 of the lin-earized dy-nam-ics. The spec-trum of FTLEs
 []

LaTeX Font Info:    Nested math: keeping math alphabet allocation in version no
rmal on input line 1237.
LaTeX Font Info:    Nested math: keeping math alphabet allocation in version no
rmal on input line 1237.
LaTeX Font Info:    Nested math: keeping math alphabet allocation in version no
rmal on input line 1237.
LaTeX Font Info:    Nested math: keeping math alphabet allocation in version no
rmal on input line 1237.
LaTeX Font Info:    No math alphabet change to frozen version normal on input l
ine 1239.
LaTeX Font Info:    No math alphabet change to frozen version normal on input l
ine 1239.
LaTeX Font Info:    No math alphabet change to frozen version normal on input l
ine 1240.
LaTeX Font Info:    Nested math: keeping math alphabet allocation in version no
rmal on input line 1241.
LaTeX Font Info:    Nested math: keeping math alphabet allocation in version no
rmal on input line 1241.
LaTeX Font Info:    Nested math: keeping math alphabet allocation in version no
rmal on input line 1241.
LaTeX Font Info:    Nested math: keeping math alphabet allocation in version no
rmal on input line 1241.
LaTeX Font Info:    No math alphabet change to frozen version normal on input l
ine 1243.
LaTeX Font Info:    No math alphabet change to frozen version normal on input l
ine 1243.
LaTeX Font Info:    No math alphabet change to frozen version normal on input l
ine 1244.
LaTeX Font Info:    No math alphabet change to frozen version normal on input l
ine 1244.
LaTeX Font Info:    No math alphabet change to frozen version normal on input l
ine 1246.
LaTeX Font Info:    Nested math: keeping math alphabet allocation in version no
rmal on input line 1247.
LaTeX Font Info:    Nested math: keeping math alphabet allocation in version no
rmal on input line 1247.
LaTeX Font Info:    Nested math: keeping math alphabet allocation in version no
rmal on input line 1247.
LaTeX Font Info:    Nested math: keeping math alphabet allocation in version no
rmal on input line 1247.
LaTeX Font Info:    No math alphabet change to frozen version normal on input l
ine 1249.
LaTeX Font Info:    No math alphabet change to frozen version normal on input l
ine 1249.
LaTeX Font Info:    No math alphabet change to frozen version normal on input l
ine 1250.
LaTeX Font Info:    No math alphabet change to frozen version normal on input l
ine 1250.
LaTeX Font Info:    No math alphabet change to frozen version normal on input l
ine 1250.
LaTeX Font Info:    No math alphabet change to frozen version normal on input l
ine 1252.
LaTeX Font Info:    No math alphabet change to frozen version normal on input l
ine 1252.
LaTeX Font Info:    No math alphabet change to frozen version normal on input l
ine 1252.
[18]
LaTeX Font Info:    No math alphabet change to frozen version normal on input l
ine 1260.
LaTeX Font Info:    No math alphabet change to frozen version normal on input l
ine 1263.


LaTeX Warning: Citation 'cohen2021gradient' on page 19 undefined on input line 
1267.


Overfull \hbox (0.8538pt too wide) in paragraph at lines 1267--1268
\T1/fbb-TLF/m/n/10 The con-cept of \T1/fbb-TLF/b/n/10 sharp-ness di-men-sion []
\T1/fbb-TLF/m/n/10 ---
 []


Underfull \hbox (badness 1810) in paragraph at lines 1267--1268
\T1/fbb-TLF/m/n/10 finds a nat-u-ral for-mu-la-tion here. De-fine the \T1/fbb-T
LF/b/n/10 ef-fec-tive
 []

LaTeX Font Info:    Nested math: keeping math alphabet allocation in version no
rmal on input line 1268.
LaTeX Font Info:    Nested math: keeping math alphabet allocation in version no
rmal on input line 1268.
LaTeX Font Info:    Nested math: keeping math alphabet allocation in version no
rmal on input line 1268.
LaTeX Font Info:    Nested math: keeping math alphabet allocation in version no
rmal on input line 1268.
LaTeX Font Info:    No math alphabet change to frozen version normal on input l
ine 1270.
LaTeX Font Info:    No math alphabet change to frozen version normal on input l
ine 1270.
LaTeX Font Info:    No math alphabet change to frozen version normal on input l
ine 1271.
LaTeX Font Info:    No math alphabet change to frozen version normal on input l
ine 1271.
LaTeX Font Info:    No math alphabet change to frozen version normal on input l
ine 1271.
LaTeX Font Info:    No math alphabet change to frozen version normal on input l
ine 1271.
LaTeX Font Info:    No math alphabet change to frozen version normal on input l
ine 1271.
Package hyperref Info: bookmark level for unknown conjecture defaults to 0 on i
nput line 1273.
LaTeX Font Info:    No math alphabet change to frozen version normal on input l
ine 1274.
LaTeX Font Info:    No math alphabet change to frozen version normal on input l
ine 1279.
LaTeX Font Info:    No math alphabet change to frozen version normal on input l
ine 1279.
LaTeX Font Info:    No math alphabet change to frozen version normal on input l
ine 1279.
LaTeX Font Info:    No math alphabet change to frozen version normal on input l
ine 1281.
LaTeX Font Info:    No math alphabet change to frozen version normal on input l
ine 1282.
LaTeX Font Info:    No math alphabet change to frozen version normal on input l
ine 1282.
LaTeX Font Info:    No math alphabet change to frozen version normal on input l
ine 1282.
LaTeX Font Info:    No math alphabet change to frozen version normal on input l
ine 1282.
LaTeX Font Info:    No math alphabet change to frozen version normal on input l
ine 1283.
LaTeX Font Info:    No math alphabet change to frozen version normal on input l
ine 1283.
LaTeX Font Info:    No math alphabet change to frozen version normal on input l
ine 1284.

LaTeX Warning: Citation 'cohen2021gradient' on page 19 undefined on input line 
1286.


Underfull \hbox (badness 10000) in paragraph at lines 1286--1287
\T1/fbb-TLF/m/n/10 This pro-ce-dure, re-cently ap-plied to deep net-works
 []


Underfull \hbox (badness 1496) in paragraph at lines 1286--1287
[]\T1/fbb-TLF/m/n/10 , di-rectly probes the sta-bil-ity of the
 []

LaTeX Font Info:    No math alphabet change to frozen version normal on input l
ine 1297.
LaTeX Font Info:    No math alphabet change to frozen version normal on input l
ine 1297.
LaTeX Font Info:    No math alphabet change to frozen version normal on input l
ine 1300.
LaTeX Font Info:    No math alphabet change to frozen version normal on input l
ine 1300.
LaTeX Font Info:    No math alphabet change to frozen version normal on input l
ine 1300.
LaTeX Font Info:    No math alphabet change to frozen version normal on input l
ine 1300.
LaTeX Font Info:    Nested math: keeping math alphabet allocation in version no
rmal on input line 1302.
LaTeX Font Info:    Nested math: keeping math alphabet allocation in version no
rmal on input line 1302.
LaTeX Font Info:    Nested math: keeping math alphabet allocation in version no
rmal on input line 1302.
LaTeX Font Info:    Nested math: keeping math alphabet allocation in version no
rmal on input line 1302.
LaTeX Font Info:    Nested math: keeping math alphabet allocation in version no
rmal on input line 1303.
LaTeX Font Info:    Nested math: keeping math alphabet allocation in version no
rmal on input line 1303.
LaTeX Font Info:    Nested math: keeping math alphabet allocation in version no
rmal on input line 1303.
LaTeX Font Info:    Nested math: keeping math alphabet allocation in version no
rmal on input line 1303.

Overfull \hbox (12.69461pt too wide) detected at line 1304
[][][]\U/zeur/m/n/10 ^^\\T1/fbb-TLF/m/n/10 (\T1/fbb-TLF/m/it/10 W[]\T1/fbb-TLF/
m/n/10 ) \OMS/cmsy/m/n/10 ^^X [] [] \T1/fbb-TLF/m/n/10 ,  \T1/fbb-TLF/m/it/10 T
[]\T1/fbb-TLF/m/n/10 (\T1/fbb-TLF/m/it/10 W[]\T1/fbb-TLF/m/n/10 ) \OMS/cmsy/m/n
/10 ^^Y [] ^^A \U/zeur/m/n/10 ^^U[]\T1/fbb-TLF/m/n/10 (\T1/fbb-TLF/m/it/10 H\T1
/fbb-TLF/m/n/10 (\T1/fbb-TLF/m/it/10 W[]\T1/fbb-TLF/m/n/10 ))
 []

LaTeX Font Info:    No math alphabet change to frozen version normal on input l
ine 1304.
LaTeX Font Info:    No math alphabet change to frozen version normal on input l
ine 1304.
LaTeX Font Info:    No math alphabet change to frozen version normal on input l
ine 1305.
LaTeX Font Info:    No math alphabet change to frozen version normal on input l
ine 1305.
LaTeX Font Info:    No math alphabet change to frozen version normal on input l
ine 1305.
LaTeX Font Info:    No math alphabet change to frozen version normal on input l
ine 1305.
LaTeX Font Info:    Nested math: keeping math alphabet allocation in version no
rmal on input line 1305.
LaTeX Font Info:    Nested math: keeping math alphabet allocation in version no
rmal on input line 1305.
LaTeX Font Info:    No math alphabet change to frozen version normal on input l
ine 1305.
LaTeX Font Info:    Nested math: keeping math alphabet allocation in version no
rmal on input line 1305.
LaTeX Font Info:    Nested math: keeping math alphabet allocation in version no
rmal on input line 1305.
LaTeX Font Info:    No math alphabet change to frozen version normal on input l
ine 1305.
LaTeX Font Info:    No math alphabet change to frozen version normal on input l
ine 1314.
[19]
LaTeX Font Info:    No math alphabet change to frozen version normal on input l
ine 1316.
LaTeX Font Info:    Nested math: keeping math alphabet allocation in version no
rmal on input line 1316.
LaTeX Font Info:    Nested math: keeping math alphabet allocation in version no
rmal on input line 1316.
LaTeX Font Info:    No math alphabet change to frozen version normal on input l
ine 1316.
LaTeX Font Info:    No math alphabet change to frozen version normal on input l
ine 1318.
LaTeX Font Info:    No math alphabet change to frozen version normal on input l
ine 1322.
LaTeX Font Info:    No math alphabet change to frozen version normal on input l
ine 1322.


LaTeX Warning: Citation 'nakkiran_deep_2019' on page 20 undefined on input line
 1324.


Underfull \hbox (badness 2818) in paragraph at lines 1324--1325
[]\T1/fbb-TLF/m/it/10 This in-ter-pre-ta-tion con-nects di-rectly to the \T1/fb
b-TLF/b/it/10 Ef-fec-tive Model
 []


Underfull \hbox (badness 7203) in paragraph at lines 1324--1325
\T1/fbb-TLF/b/it/10 Com-plex-ity \T1/fbb-TLF/m/it/10 (EMC) in-tro-duced by []
 []


Underfull \hbox (badness 1325) in paragraph at lines 1329--1330
\T1/fbb-TLF/m/n/10 To sub-stan-ti-ate the NESP frame-work quan-ti-ta-tively, we

 []


Underfull \hbox (badness 4872) in paragraph at lines 1329--1330
\T1/fbb-TLF/m/n/10 pro-vid-ing the min-i-mal tractable lab-o-ra-tory to ob-serv
e
 []

LaTeX Font Info:    No math alphabet change to frozen version normal on input l
ine 1333.
LaTeX Font Info:    No math alphabet change to frozen version normal on input l
ine 1336.
LaTeX Font Info:    No math alphabet change to frozen version normal on input l
ine 1336.
LaTeX Font Info:    No math alphabet change to frozen version normal on input l
ine 1338.
LaTeX Font Info:    Nested math: keeping math alphabet allocation in version no
rmal on input line 1339.
LaTeX Font Info:    Nested math: keeping math alphabet allocation in version no
rmal on input line 1339.
LaTeX Font Info:    Nested math: keeping math alphabet allocation in version no
rmal on input line 1339.
LaTeX Font Info:    Nested math: keeping math alphabet allocation in version no
rmal on input line 1339.
LaTeX Font Info:    No math alphabet change to frozen version normal on input l
ine 1341.
LaTeX Font Info:    No math alphabet change to frozen version normal on input l
ine 1341.
LaTeX Font Info:    No math alphabet change to frozen version normal on input l
ine 1343.
LaTeX Font Info:    No math alphabet change to frozen version normal on input l
ine 1343.
LaTeX Font Info:    No math alphabet change to frozen version normal on input l
ine 1343.
LaTeX Font Info:    No math alphabet change to frozen version normal on input l
ine 1343.
LaTeX Font Info:    No math alphabet change to frozen version normal on input l
ine 1343.
LaTeX Font Info:    Nested math: keeping math alphabet allocation in version no
rmal on input line 1346.
LaTeX Font Info:    Nested math: keeping math alphabet allocation in version no
rmal on input line 1346.
LaTeX Font Info:    Nested math: keeping math alphabet allocation in version no
rmal on input line 1346.
LaTeX Font Info:    Nested math: keeping math alphabet allocation in version no
rmal on input line 1346.
LaTeX Font Info:    No math alphabet change to frozen version normal on input l
ine 1348.
LaTeX Font Info:    No math alphabet change to frozen version normal on input l
ine 1348.
LaTeX Font Info:    No math alphabet change to frozen version normal on input l
ine 1349.
LaTeX Font Info:    No math alphabet change to frozen version normal on input l
ine 1354.
LaTeX Font Info:    Nested math: keeping math alphabet allocation in version no
rmal on input line 1355.
LaTeX Font Info:    Nested math: keeping math alphabet allocation in version no
rmal on input line 1355.
LaTeX Font Info:    Nested math: keeping math alphabet allocation in version no
rmal on input line 1355.
LaTeX Font Info:    Nested math: keeping math alphabet allocation in version no
rmal on input line 1355.
LaTeX Font Info:    No math alphabet change to frozen version normal on input l
ine 1357.
LaTeX Font Info:    No math alphabet change to frozen version normal on input l
ine 1357.
LaTeX Font Info:    Nested math: keeping math alphabet allocation in version no
rmal on input line 1359.
LaTeX Font Info:    No math alphabet change to frozen version normal on input l
ine 1359.
LaTeX Font Info:    No math alphabet change to frozen version normal on input l
ine 1359.
LaTeX Font Info:    Nested math: keeping math alphabet allocation in version no
rmal on input line 1360.
LaTeX Font Info:    Nested math: keeping math alphabet allocation in version no
rmal on input line 1360.
LaTeX Font Info:    Nested math: keeping math alphabet allocation in version no
rmal on input line 1360.
LaTeX Font Info:    Nested math: keeping math alphabet allocation in version no
rmal on input line 1360.
LaTeX Font Info:    Nested math: keeping math alphabet allocation in version no
rmal on input line 1361.
LaTeX Font Info:    No math alphabet change to frozen version normal on input l
ine 1362.
LaTeX Font Info:    No math alphabet change to frozen version normal on input l
ine 1362.
LaTeX Font Info:    Nested math: keeping math alphabet allocation in version no
rmal on input line 1365.
LaTeX Font Info:    Nested math: keeping math alphabet allocation in version no
rmal on input line 1365.
LaTeX Font Info:    Nested math: keeping math alphabet allocation in version no
rmal on input line 1365.
LaTeX Font Info:    Nested math: keeping math alphabet allocation in version no
rmal on input line 1365.
LaTeX Font Info:    No math alphabet change to frozen version normal on input l
ine 1367.
LaTeX Font Info:    No math alphabet change to frozen version normal on input l
ine 1367.
LaTeX Font Info:    Nested math: keeping math alphabet allocation in version no
rmal on input line 1370.
LaTeX Font Info:    Nested math: keeping math alphabet allocation in version no
rmal on input line 1370.
LaTeX Font Info:    Nested math: keeping math alphabet allocation in version no
rmal on input line 1370.
LaTeX Font Info:    Nested math: keeping math alphabet allocation in version no
rmal on input line 1370.
LaTeX Font Info:    No math alphabet change to frozen version normal on input l
ine 1372.
LaTeX Font Info:    No math alphabet change to frozen version normal on input l
ine 1372.
LaTeX Font Info:    No math alphabet change to frozen version normal on input l
ine 1374.
LaTeX Font Info:    Nested math: keeping math alphabet allocation in version no
rmal on input line 1375.
LaTeX Font Info:    Nested math: keeping math alphabet allocation in version no
rmal on input line 1375.
LaTeX Font Info:    Nested math: keeping math alphabet allocation in version no
rmal on input line 1375.
LaTeX Font Info:    Nested math: keeping math alphabet allocation in version no
rmal on input line 1375.
LaTeX Font Info:    No math alphabet change to frozen version normal on input l
ine 1377.
LaTeX Font Info:    No math alphabet change to frozen version normal on input l
ine 1377.
LaTeX Font Info:    No math alphabet change to frozen version normal on input l
ine 1383.
LaTeX Font Info:    No math alphabet change to frozen version normal on input l
ine 1383.
LaTeX Font Info:    No math alphabet change to frozen version normal on input l
ine 1383.
LaTeX Font Info:    Nested math: keeping math alphabet allocation in version no
rmal on input line 1389.
LaTeX Font Info:    Nested math: keeping math alphabet allocation in version no
rmal on input line 1389.
LaTeX Font Info:    Nested math: keeping math alphabet allocation in version no
rmal on input line 1389.
LaTeX Font Info:    Nested math: keeping math alphabet allocation in version no
rmal on input line 1389.
LaTeX Font Info:    Nested math: keeping math alphabet allocation in version no
rmal on input line 1389.
LaTeX Font Info:    Nested math: keeping math alphabet allocation in version no
rmal on input line 1389.
LaTeX Font Info:    Nested math: keeping math alphabet allocation in version no
rmal on input line 1389.
LaTeX Font Info:    Nested math: keeping math alphabet allocation in version no
rmal on input line 1389.
LaTeX Font Info:    Nested math: keeping math alphabet allocation in version no
rmal on input line 1389.
LaTeX Font Info:    Nested math: keeping math alphabet allocation in version no
rmal on input line 1389.
LaTeX Font Info:    Nested math: keeping math alphabet allocation in version no
rmal on input line 1389.
LaTeX Font Info:    Nested math: keeping math alphabet allocation in version no
rmal on input line 1389.
LaTeX Font Info:    Nested math: keeping math alphabet allocation in version no
rmal on input line 1389.
LaTeX Font Info:    Nested math: keeping math alphabet allocation in version no
rmal on input line 1389.
LaTeX Font Info:    Nested math: keeping math alphabet allocation in version no
rmal on input line 1389.
LaTeX Font Info:    No math alphabet change to frozen version normal on input l
ine 1389.
LaTeX Font Info:    No math alphabet change to frozen version normal on input l
ine 1391.
LaTeX Font Info:    No math alphabet change to frozen version normal on input l
ine 1391.
LaTeX Font Info:    No math alphabet change to frozen version normal on input l
ine 1391.
LaTeX Font Info:    Nested math: keeping math alphabet allocation in version no
rmal on input line 1392.
LaTeX Font Info:    Nested math: keeping math alphabet allocation in version no
rmal on input line 1392.
LaTeX Font Info:    Nested math: keeping math alphabet allocation in version no
rmal on input line 1392.
LaTeX Font Info:    Nested math: keeping math alphabet allocation in version no
rmal on input line 1392.
LaTeX Font Info:    No math alphabet change to frozen version normal on input l
ine 1394.
LaTeX Font Info:    No math alphabet change to frozen version normal on input l
ine 1394.
LaTeX Font Info:    Nested math: keeping math alphabet allocation in version no
rmal on input line 1397.
LaTeX Font Info:    Nested math: keeping math alphabet allocation in version no
rmal on input line 1397.
LaTeX Font Info:    Nested math: keeping math alphabet allocation in version no
rmal on input line 1397.
LaTeX Font Info:    Nested math: keeping math alphabet allocation in version no
rmal on input line 1397.
LaTeX Font Info:    No math alphabet change to frozen version normal on input l
ine 1399.
LaTeX Font Info:    No math alphabet change to frozen version normal on input l
ine 1399.
LaTeX Font Info:    Nested math: keeping math alphabet allocation in version no
rmal on input line 1402.
LaTeX Font Info:    Nested math: keeping math alphabet allocation in version no
rmal on input line 1402.
LaTeX Font Info:    Nested math: keeping math alphabet allocation in version no
rmal on input line 1402.
LaTeX Font Info:    Nested math: keeping math alphabet allocation in version no
rmal on input line 1402.
LaTeX Font Info:    Nested math: keeping math alphabet allocation in version no
rmal on input line 1403.
LaTeX Font Info:    No math alphabet change to frozen version normal on input l
ine 1404.
LaTeX Font Info:    No math alphabet change to frozen version normal on input l
ine 1404.
LaTeX Font Info:    No math alphabet change to frozen version normal on input l
ine 1408.
LaTeX Font Info:    No math alphabet change to frozen version normal on input l
ine 1408.
LaTeX Font Info:    No math alphabet change to frozen version normal on input l
ine 1408.
LaTeX Font Info:    No math alphabet change to frozen version normal on input l
ine 1408.
LaTeX Font Info:    No math alphabet change to frozen version normal on input l
ine 1408.
[20]
Underfull \hbox (badness 1348) in paragraph at lines 1410--1410
[]\T1/cmss/m/it/10 The Noise Co-vari-ance Struc-ture (The Dif-fu-sion
 []

LaTeX Font Info:    Nested math: keeping math alphabet allocation in version no
rmal on input line 1413.
LaTeX Font Info:    Nested math: keeping math alphabet allocation in version no
rmal on input line 1413.
LaTeX Font Info:    Nested math: keeping math alphabet allocation in version no
rmal on input line 1413.
LaTeX Font Info:    Nested math: keeping math alphabet allocation in version no
rmal on input line 1413.
LaTeX Font Info:    No math alphabet change to frozen version normal on input l
ine 1415.
LaTeX Font Info:    No math alphabet change to frozen version normal on input l
ine 1415.
LaTeX Font Info:    No math alphabet change to frozen version normal on input l
ine 1416.
LaTeX Font Info:    No math alphabet change to frozen version normal on input l
ine 1418.
LaTeX Font Info:    Nested math: keeping math alphabet allocation in version no
rmal on input line 1419.
LaTeX Font Info:    Nested math: keeping math alphabet allocation in version no
rmal on input line 1419.
LaTeX Font Info:    Nested math: keeping math alphabet allocation in version no
rmal on input line 1419.
LaTeX Font Info:    Nested math: keeping math alphabet allocation in version no
rmal on input line 1419.
LaTeX Font Info:    No math alphabet change to frozen version normal on input l
ine 1421.
LaTeX Font Info:    No math alphabet change to frozen version normal on input l
ine 1421.
LaTeX Font Info:    Nested math: keeping math alphabet allocation in version no
rmal on input line 1424.
LaTeX Font Info:    Nested math: keeping math alphabet allocation in version no
rmal on input line 1424.
LaTeX Font Info:    Nested math: keeping math alphabet allocation in version no
rmal on input line 1424.
LaTeX Font Info:    Nested math: keeping math alphabet allocation in version no
rmal on input line 1424.
LaTeX Font Info:    No math alphabet change to frozen version normal on input l
ine 1426.
LaTeX Font Info:    No math alphabet change to frozen version normal on input l
ine 1426.
LaTeX Font Info:    No math alphabet change to frozen version normal on input l
ine 1428.
LaTeX Font Info:    Nested math: keeping math alphabet allocation in version no
rmal on input line 1429.
LaTeX Font Info:    Nested math: keeping math alphabet allocation in version no
rmal on input line 1429.
LaTeX Font Info:    Nested math: keeping math alphabet allocation in version no
rmal on input line 1429.
LaTeX Font Info:    Nested math: keeping math alphabet allocation in version no
rmal on input line 1429.
LaTeX Font Info:    No math alphabet change to frozen version normal on input l
ine 1431.
LaTeX Font Info:    No math alphabet change to frozen version normal on input l
ine 1431.
LaTeX Font Info:    Nested math: keeping math alphabet allocation in version no
rmal on input line 1437.
LaTeX Font Info:    Nested math: keeping math alphabet allocation in version no
rmal on input line 1437.
LaTeX Font Info:    Nested math: keeping math alphabet allocation in version no
rmal on input line 1437.
LaTeX Font Info:    Nested math: keeping math alphabet allocation in version no
rmal on input line 1437.
LaTeX Font Info:    Nested math: keeping math alphabet allocation in version no
rmal on input line 1437.
LaTeX Font Info:    Nested math: keeping math alphabet allocation in version no
rmal on input line 1437.
LaTeX Font Info:    Nested math: keeping math alphabet allocation in version no
rmal on input line 1437.
LaTeX Font Info:    Nested math: keeping math alphabet allocation in version no
rmal on input line 1437.
LaTeX Font Info:    Nested math: keeping math alphabet allocation in version no
rmal on input line 1437.
LaTeX Font Info:    Nested math: keeping math alphabet allocation in version no
rmal on input line 1437.
LaTeX Font Info:    Nested math: keeping math alphabet allocation in version no
rmal on input line 1437.
LaTeX Font Info:    No math alphabet change to frozen version normal on input l
ine 1437.
LaTeX Font Info:    No math alphabet change to frozen version normal on input l
ine 1439.
LaTeX Font Info:    Nested math: keeping math alphabet allocation in version no
rmal on input line 1440.
LaTeX Font Info:    Nested math: keeping math alphabet allocation in version no
rmal on input line 1440.
LaTeX Font Info:    Nested math: keeping math alphabet allocation in version no
rmal on input line 1440.
LaTeX Font Info:    Nested math: keeping math alphabet allocation in version no
rmal on input line 1440.
LaTeX Font Info:    Nested math: keeping math alphabet allocation in version no
rmal on input line 1441.
LaTeX Font Info:    No math alphabet change to frozen version normal on input l
ine 1442.
LaTeX Font Info:    No math alphabet change to frozen version normal on input l
ine 1442.
LaTeX Font Info:    No math alphabet change to frozen version normal on input l
ine 1446.
LaTeX Font Info:    Nested math: keeping math alphabet allocation in version no
rmal on input line 1447.
LaTeX Font Info:    Nested math: keeping math alphabet allocation in version no
rmal on input line 1447.
LaTeX Font Info:    Nested math: keeping math alphabet allocation in version no
rmal on input line 1447.
LaTeX Font Info:    Nested math: keeping math alphabet allocation in version no
rmal on input line 1447.
LaTeX Font Info:    No math alphabet change to frozen version normal on input l
ine 1449.
LaTeX Font Info:    No math alphabet change to frozen version normal on input l
ine 1449.
LaTeX Font Info:    No math alphabet change to frozen version normal on input l
ine 1451.
LaTeX Font Info:    No math alphabet change to frozen version normal on input l
ine 1451.
LaTeX Font Info:    No math alphabet change to frozen version normal on input l
ine 1451.
LaTeX Font Info:    Nested math: keeping math alphabet allocation in version no
rmal on input line 1452.
LaTeX Font Info:    Nested math: keeping math alphabet allocation in version no
rmal on input line 1452.
LaTeX Font Info:    Nested math: keeping math alphabet allocation in version no
rmal on input line 1452.
LaTeX Font Info:    Nested math: keeping math alphabet allocation in version no
rmal on input line 1452.
LaTeX Font Info:    No math alphabet change to frozen version normal on input l
ine 1454.
LaTeX Font Info:    No math alphabet change to frozen version normal on input l
ine 1454.
LaTeX Font Info:    Nested math: keeping math alphabet allocation in version no
rmal on input line 1457.
LaTeX Font Info:    Nested math: keeping math alphabet allocation in version no
rmal on input line 1457.
LaTeX Font Info:    Nested math: keeping math alphabet allocation in version no
rmal on input line 1457.
LaTeX Font Info:    Nested math: keeping math alphabet allocation in version no
rmal on input line 1457.

Overfull \hbox (13.91306pt too wide) detected at line 1459
[][][]\U/zeur/m/n/10 ^^F\T1/fbb-TLF/m/n/10 (\T1/fbb-TLF/m/it/10 U\T1/fbb-TLF/m/
n/10 ) = (\T1/fbb-TLF/m/it/10 vv[]\T1/fbb-TLF/m/n/10 ) \OMS/cmsy/m/n/10 
 []
 []

LaTeX Font Info:    No math alphabet change to frozen version normal on input l
ine 1459.
LaTeX Font Info:    No math alphabet change to frozen version normal on input l
ine 1459.
LaTeX Font Info:    No math alphabet change to frozen version normal on input l
ine 1465.
LaTeX Font Info:    No math alphabet change to frozen version normal on input l
ine 1467.
LaTeX Font Info:    No math alphabet change to frozen version normal on input l
ine 1467.
LaTeX Font Info:    Nested math: keeping math alphabet allocation in version no
rmal on input line 1471.
LaTeX Font Info:    Nested math: keeping math alphabet allocation in version no
rmal on input line 1471.
LaTeX Font Info:    Nested math: keeping math alphabet allocation in version no
rmal on input line 1471.
LaTeX Font Info:    Nested math: keeping math alphabet allocation in version no
rmal on input line 1471.
LaTeX Font Info:    Nested math: keeping math alphabet allocation in version no
rmal on input line 1471.
LaTeX Font Info:    Nested math: keeping math alphabet allocation in version no
rmal on input line 1471.
LaTeX Font Info:    Nested math: keeping math alphabet allocation in version no
rmal on input line 1471.
LaTeX Font Info:    Nested math: keeping math alphabet allocation in version no
rmal on input line 1471.
LaTeX Font Info:    Nested math: keeping math alphabet allocation in version no
rmal on input line 1471.
LaTeX Font Info:    Nested math: keeping math alphabet allocation in version no
rmal on input line 1471.
LaTeX Font Info:    Nested math: keeping math alphabet allocation in version no
rmal on input line 1471.
LaTeX Font Info:    Nested math: keeping math alphabet allocation in version no
rmal on input line 1471.
LaTeX Font Info:    Nested math: keeping math alphabet allocation in version no
rmal on input line 1471.
LaTeX Font Info:    No math alphabet change to frozen version normal on input l
ine 1471.
LaTeX Font Info:    No math alphabet change to frozen version normal on input l
ine 1473.
LaTeX Font Info:    Nested math: keeping math alphabet allocation in version no
rmal on input line 1474.
LaTeX Font Info:    Nested math: keeping math alphabet allocation in version no
rmal on input line 1474.
LaTeX Font Info:    Nested math: keeping math alphabet allocation in version no
rmal on input line 1474.
LaTeX Font Info:    Nested math: keeping math alphabet allocation in version no
rmal on input line 1474.
LaTeX Font Info:    No math alphabet change to frozen version normal on input l
ine 1476.
LaTeX Font Info:    No math alphabet change to frozen version normal on input l
ine 1476.
LaTeX Font Info:    Nested math: keeping math alphabet allocation in version no
rmal on input line 1479.
LaTeX Font Info:    Nested math: keeping math alphabet allocation in version no
rmal on input line 1479.
LaTeX Font Info:    Nested math: keeping math alphabet allocation in version no
rmal on input line 1479.
LaTeX Font Info:    Nested math: keeping math alphabet allocation in version no
rmal on input line 1479.
LaTeX Font Info:    Nested math: keeping math alphabet allocation in version no
rmal on input line 1480.
LaTeX Font Info:    No math alphabet change to frozen version normal on input l
ine 1481.
LaTeX Font Info:    No math alphabet change to frozen version normal on input l
ine 1481.
LaTeX Font Info:    Nested math: keeping math alphabet allocation in version no
rmal on input line 1484.
LaTeX Font Info:    Nested math: keeping math alphabet allocation in version no
rmal on input line 1484.
LaTeX Font Info:    Nested math: keeping math alphabet allocation in version no
rmal on input line 1484.
LaTeX Font Info:    Nested math: keeping math alphabet allocation in version no
rmal on input line 1484.
LaTeX Font Info:    Nested math: keeping math alphabet allocation in version no
rmal on input line 1485.
LaTeX Font Info:    Nested math: keeping math alphabet allocation in version no
rmal on input line 1485.
LaTeX Font Info:    No math alphabet change to frozen version normal on input l
ine 1486.
LaTeX Font Info:    No math alphabet change to frozen version normal on input l
ine 1486.
LaTeX Font Info:    Nested math: keeping math alphabet allocation in version no
rmal on input line 1499.
LaTeX Font Info:    Nested math: keeping math alphabet allocation in version no
rmal on input line 1499.
LaTeX Font Info:    No math alphabet change to frozen version normal on input l
ine 1501.
LaTeX Font Info:    Nested math: keeping math alphabet allocation in version no
rmal on input line 1505.
LaTeX Font Info:    Nested math: keeping math alphabet allocation in version no
rmal on input line 1505.
LaTeX Font Info:    Nested math: keeping math alphabet allocation in version no
rmal on input line 1505.
LaTeX Font Info:    Nested math: keeping math alphabet allocation in version no
rmal on input line 1505.
LaTeX Font Info:    Nested math: keeping math alphabet allocation in version no
rmal on input line 1506.
LaTeX Font Info:    Nested math: keeping math alphabet allocation in version no
rmal on input line 1506.
LaTeX Font Info:    No math alphabet change to frozen version normal on input l
ine 1507.
LaTeX Font Info:    No math alphabet change to frozen version normal on input l
ine 1507.
LaTeX Font Info:    No math alphabet change to frozen version normal on input l
ine 1509.
LaTeX Font Info:    No math alphabet change to frozen version normal on input l
ine 1509.
LaTeX Font Info:    No math alphabet change to frozen version normal on input l
ine 1511.
LaTeX Font Info:    No math alphabet change to frozen version normal on input l
ine 1511.
LaTeX Font Info:    No math alphabet change to frozen version normal on input l
ine 1511.
LaTeX Font Info:    No math alphabet change to frozen version normal on input l
ine 1511.
LaTeX Font Info:    No math alphabet change to frozen version normal on input l
ine 1511.
LaTeX Font Info:    No math alphabet change to frozen version normal on input l
ine 1511.
LaTeX Font Info:    No math alphabet change to frozen version normal on input l
ine 1511.
LaTeX Font Info:    No math alphabet change to frozen version normal on input l
ine 1511.
LaTeX Font Info:    No math alphabet change to frozen version normal on input l
ine 1511.
LaTeX Font Info:    No math alphabet change to frozen version normal on input l
ine 1512.
LaTeX Font Info:    No math alphabet change to frozen version normal on input l
ine 1518.
LaTeX Font Info:    No math alphabet change to frozen version normal on input l
ine 1518.

Underfull \hbox (badness 1565) in paragraph at lines 1522--1524
[]\T1/fbb-TLF/m/it/10 This math-e-mat-i-cal struc-ture ex-plains \T1/fbb-TLF/b/
it/10 why SGD se-lects flat
 []

LaTeX Font Info:    No math alphabet change to frozen version normal on input l
ine 1524.
LaTeX Font Info:    No math alphabet change to frozen version normal on input l
ine 1524.
LaTeX Font Info:    No math alphabet change to frozen version normal on input l
ine 1524.
LaTeX Font Info:    No math alphabet change to frozen version normal on input l
ine 1524.
LaTeX Font Info:    No math alphabet change to frozen version normal on input l
ine 1525.
LaTeX Font Info:    No math alphabet change to frozen version normal on input l
ine 1525.
LaTeX Font Info:    No math alphabet change to frozen version normal on input l
ine 1525.
LaTeX Font Info:    No math alphabet change to frozen version normal on input l
ine 1525.
LaTeX Font Info:    No math alphabet change to frozen version normal on input l
ine 1527.
[21]
LaTeX Font Info:    No math alphabet change to frozen version normal on input l
ine 1531.
LaTeX Font Info:    No math alphabet change to frozen version normal on input l
ine 1531.
LaTeX Font Info:    No math alphabet change to frozen version normal on input l
ine 1531.
LaTeX Font Info:    No math alphabet change to frozen version normal on input l
ine 1531.
LaTeX Font Info:    No math alphabet change to frozen version normal on input l
ine 1531.
LaTeX Font Info:    No math alphabet change to frozen version normal on input l
ine 1531.
LaTeX Font Info:    No math alphabet change to frozen version normal on input l
ine 1531.
LaTeX Font Info:    No math alphabet change to frozen version normal on input l
ine 1540.
LaTeX Font Info:    No math alphabet change to frozen version normal on input l
ine 1540.
LaTeX Font Info:    No math alphabet change to frozen version normal on input l
ine 1540.
LaTeX Font Info:    No math alphabet change to frozen version normal on input l
ine 1543.
LaTeX Font Info:    No math alphabet change to frozen version normal on input l
ine 1543.
LaTeX Font Info:    Nested math: keeping math alphabet allocation in version no
rmal on input line 1544.
LaTeX Font Info:    Nested math: keeping math alphabet allocation in version no
rmal on input line 1544.
LaTeX Font Info:    Nested math: keeping math alphabet allocation in version no
rmal on input line 1544.
LaTeX Font Info:    Nested math: keeping math alphabet allocation in version no
rmal on input line 1544.
LaTeX Font Info:    No math alphabet change to frozen version normal on input l
ine 1546.
LaTeX Font Info:    No math alphabet change to frozen version normal on input l
ine 1546.
LaTeX Font Info:    No math alphabet change to frozen version normal on input l
ine 1547.
LaTeX Font Info:    No math alphabet change to frozen version normal on input l
ine 1550.
LaTeX Font Info:    No math alphabet change to frozen version normal on input l
ine 1550.
LaTeX Font Info:    No math alphabet change to frozen version normal on input l
ine 1552.
LaTeX Font Info:    No math alphabet change to frozen version normal on input l
ine 1553.
LaTeX Font Info:    Nested math: keeping math alphabet allocation in version no
rmal on input line 1558.
LaTeX Font Info:    Nested math: keeping math alphabet allocation in version no
rmal on input line 1558.
LaTeX Font Info:    Nested math: keeping math alphabet allocation in version no
rmal on input line 1558.
LaTeX Font Info:    Nested math: keeping math alphabet allocation in version no
rmal on input line 1558.
LaTeX Font Info:    Nested math: keeping math alphabet allocation in version no
rmal on input line 1559.
LaTeX Font Info:    Nested math: keeping math alphabet allocation in version no
rmal on input line 1559.
LaTeX Font Info:    Nested math: keeping math alphabet allocation in version no
rmal on input line 1559.
LaTeX Font Info:    Nested math: keeping math alphabet allocation in version no
rmal on input line 1559.
LaTeX Font Info:    Nested math: keeping math alphabet allocation in version no
rmal on input line 1559.
LaTeX Font Info:    Nested math: keeping math alphabet allocation in version no
rmal on input line 1559.
LaTeX Font Info:    Nested math: keeping math alphabet allocation in version no
rmal on input line 1559.
LaTeX Font Info:    Nested math: keeping math alphabet allocation in version no
rmal on input line 1559.
LaTeX Font Info:    Nested math: keeping math alphabet allocation in version no
rmal on input line 1559.
LaTeX Font Info:    Nested math: keeping math alphabet allocation in version no
rmal on input line 1559.
LaTeX Font Info:    Nested math: keeping math alphabet allocation in version no
rmal on input line 1559.
LaTeX Font Info:    Nested math: keeping math alphabet allocation in version no
rmal on input line 1559.
LaTeX Font Info:    Nested math: keeping math alphabet allocation in version no
rmal on input line 1559.
LaTeX Font Info:    No math alphabet change to frozen version normal on input l
ine 1560.
LaTeX Font Info:    No math alphabet change to frozen version normal on input l
ine 1560.
LaTeX Font Info:    Nested math: keeping math alphabet allocation in version no
rmal on input line 1564.
LaTeX Font Info:    Nested math: keeping math alphabet allocation in version no
rmal on input line 1564.
LaTeX Font Info:    No math alphabet change to frozen version normal on input l
ine 1564.
LaTeX Font Info:    No math alphabet change to frozen version normal on input l
ine 1566.
LaTeX Font Info:    No math alphabet change to frozen version normal on input l
ine 1572.
LaTeX Font Info:    No math alphabet change to frozen version normal on input l
ine 1574.
LaTeX Font Info:    No math alphabet change to frozen version normal on input l
ine 1575.
LaTeX Font Info:    No math alphabet change to frozen version normal on input l
ine 1576.
LaTeX Font Info:    No math alphabet change to frozen version normal on input l
ine 1583.
LaTeX Font Info:    No math alphabet change to frozen version normal on input l
ine 1587.
LaTeX Font Info:    No math alphabet change to frozen version normal on input l
ine 1587.
LaTeX Font Info:    No math alphabet change to frozen version normal on input l
ine 1595.
LaTeX Font Info:    No math alphabet change to frozen version normal on input l
ine 1596.
LaTeX Font Info:    No math alphabet change to frozen version normal on input l
ine 1597.
LaTeX Font Info:    No math alphabet change to frozen version normal on input l
ine 1599.
LaTeX Font Info:    No math alphabet change to frozen version normal on input l
ine 1604.
LaTeX Font Info:    No math alphabet change to frozen version normal on input l
ine 1604.
LaTeX Font Info:    No math alphabet change to frozen version normal on input l
ine 1606.
LaTeX Font Info:    No math alphabet change to frozen version normal on input l
ine 1606.
LaTeX Font Info:    No math alphabet change to frozen version normal on input l
ine 1606.
LaTeX Font Info:    No math alphabet change to frozen version normal on input l
ine 1606.
LaTeX Font Info:    No math alphabet change to frozen version normal on input l
ine 1608.
LaTeX Font Info:    No math alphabet change to frozen version normal on input l
ine 1611.


Package hyperref Warning: Token not allowed in a PDF string (Unicode):
(hyperref)                removing `math shift' on input line 1611.


Package hyperref Warning: Token not allowed in a PDF string (Unicode):
(hyperref)                removing `\gamma' on input line 1611.


Package hyperref Warning: Token not allowed in a PDF string (Unicode):
(hyperref)                removing `\leavevmode@ifvmode' on input line 1611.


Package hyperref Warning: Token not allowed in a PDF string (Unicode):
(hyperref)                \kern 1.617pt
(hyperref)                removed on input line 1611.


Package hyperref Warning: Token not allowed in a PDF string (Unicode):
(hyperref)                removing `subscript' on input line 1611.


Package hyperref Warning: Token not allowed in a PDF string (Unicode):
(hyperref)                removing `\mathrm' on input line 1611.


Package hyperref Warning: Token not allowed in a PDF string (Unicode):
(hyperref)                removing `math shift' on input line 1611.

LaTeX Font Info:    Nested math: keeping math alphabet allocation in version no
rmal on input line 1614.
LaTeX Font Info:    Nested math: keeping math alphabet allocation in version no
rmal on input line 1614.
LaTeX Font Info:    Nested math: keeping math alphabet allocation in version no
rmal on input line 1614.
LaTeX Font Info:    Nested math: keeping math alphabet allocation in version no
rmal on input line 1614.
LaTeX Font Info:    Nested math: keeping math alphabet allocation in version no
rmal on input line 1615.
LaTeX Font Info:    Nested math: keeping math alphabet allocation in version no
rmal on input line 1616.

Overfull \hbox (70.41614pt too wide) detected at line 1617
[][][]\U/zeur/m/n/10 ^^M \T1/fbb-TLF/m/n/10 = [] ([]),  \T1/fbb-TLF/m/it/10 T[]
 \T1/fbb-TLF/m/n/10 = [] ([]).
 []

[22]
LaTeX Font Info:    No math alphabet change to frozen version normal on input l
ine 1617.
LaTeX Font Info:    No math alphabet change to frozen version normal on input l
ine 1617.
LaTeX Font Info:    No math alphabet change to frozen version normal on input l
ine 1621.
LaTeX Font Info:    No math alphabet change to frozen version normal on input l
ine 1621.

Underfull \hbox (badness 10000) in paragraph at lines 1621--1622
[]\T1/fbb-TLF/m/n/10 Insufficient ca-pac-ity;
 []

LaTeX Font Info:    No math alphabet change to frozen version normal on input l
ine 1623.
LaTeX Font Info:    No math alphabet change to frozen version normal on input l
ine 1623.
LaTeX Font Info:    No math alphabet change to frozen version normal on input l
ine 1623.

Underfull \hbox (badness 10000) in paragraph at lines 1623--1624
[]\T1/fbb-TLF/m/n/10 The stan-dard
 []

LaTeX Font Info:    No math alphabet change to frozen version normal on input l
ine 1625.
LaTeX Font Info:    No math alphabet change to frozen version normal on input l
ine 1625.
LaTeX Font Info:    No math alphabet change to frozen version normal on input l
ine 1625.
LaTeX Font Info:    No math alphabet change to frozen version normal on input l
ine 1627.
LaTeX Font Info:    No math alphabet change to frozen version normal on input l
ine 1627.
LaTeX Font Info:    No math alphabet change to frozen version normal on input l
ine 1627.
LaTeX Font Info:    No math alphabet change to frozen version normal on input l
ine 1627.
LaTeX Font Info:    No math alphabet change to frozen version normal on input l
ine 1627.

Underfull \hbox (badness 10000) in paragraph at lines 1627--1628
[]\T1/fbb-TLF/m/n/10 The NESP
 []

LaTeX Font Info:    No math alphabet change to frozen version normal on input l
ine 1630.
LaTeX Font Info:    No math alphabet change to frozen version normal on input l
ine 1630.
LaTeX Font Info:    No math alphabet change to frozen version normal on input l
ine 1630.
LaTeX Font Info:    No math alphabet change to frozen version normal on input l
ine 1630.
LaTeX Font Info:    Nested math: keeping math alphabet allocation in version no
rmal on input line 1637.
LaTeX Font Info:    No math alphabet change to frozen version normal on input l
ine 1637.
LaTeX Font Info:    Nested math: keeping math alphabet allocation in version no
rmal on input line 1639.
LaTeX Font Info:    No math alphabet change to frozen version normal on input l
ine 1639.
LaTeX Font Info:    Nested math: keeping math alphabet allocation in version no
rmal on input line 1639.
LaTeX Font Info:    No math alphabet change to frozen version normal on input l
ine 1639.
LaTeX Font Info:    No math alphabet change to frozen version normal on input l
ine 1639.
LaTeX Font Info:    Nested math: keeping math alphabet allocation in version no
rmal on input line 1642.
LaTeX Font Info:    No math alphabet change to frozen version normal on input l
ine 1642.
LaTeX Font Info:    No math alphabet change to frozen version normal on input l
ine 1642.
LaTeX Font Info:    No math alphabet change to frozen version normal on input l
ine 1647.
LaTeX Font Info:    No math alphabet change to frozen version normal on input l
ine 1649.
LaTeX Font Info:    No math alphabet change to frozen version normal on input l
ine 1649.
LaTeX Font Info:    No math alphabet change to frozen version normal on input l
ine 1652.
LaTeX Font Info:    No math alphabet change to frozen version normal on input l
ine 1657.

Underfull \hbox (badness 1215) in paragraph at lines 1667--1668
\T1/fbb-TLF/m/n/10 cou-pling ex-ists in the sim-plest tractable case. The real
 []

LaTeX Font Info:    No math alphabet change to frozen version normal on input l
ine 1675.
LaTeX Font Info:    No math alphabet change to frozen version normal on input l
ine 1676.
LaTeX Font Info:    No math alphabet change to frozen version normal on input l
ine 1677.
LaTeX Font Info:    No math alphabet change to frozen version normal on input l
ine 1677.
LaTeX Font Info:    No math alphabet change to frozen version normal on input l
ine 1680.
LaTeX Font Info:    No math alphabet change to frozen version normal on input l
ine 1683.
LaTeX Font Info:    No math alphabet change to frozen version normal on input l
ine 1683.
LaTeX Font Info:    Nested math: keeping math alphabet allocation in version no
rmal on input line 1693.
LaTeX Font Info:    Nested math: keeping math alphabet allocation in version no
rmal on input line 1693.
LaTeX Font Info:    Nested math: keeping math alphabet allocation in version no
rmal on input line 1693.
LaTeX Font Info:    Nested math: keeping math alphabet allocation in version no
rmal on input line 1693.
LaTeX Font Info:    Nested math: keeping math alphabet allocation in version no
rmal on input line 1694.
LaTeX Font Info:    No math alphabet change to frozen version normal on input l
ine 1695.
LaTeX Font Info:    No math alphabet change to frozen version normal on input l
ine 1695.
LaTeX Font Info:    No math alphabet change to frozen version normal on input l
ine 1696.
LaTeX Font Info:    No math alphabet change to frozen version normal on input l
ine 1696.
LaTeX Font Info:    No math alphabet change to frozen version normal on input l
ine 1698.

Underfull \hbox (badness 1960) in paragraph at lines 1700--1701
[]\T1/fbb-TLF/m/n/10 What is the ef-fec-tive bar-rier height when the noise is
 []

[23]
Underfull \hbox (badness 1189) in paragraph at lines 1706--1707
\T1/fbb-TLF/m/n/10 study com-par-ing es-cape times from sharp vs.
 []


Underfull \hbox (badness 2980) in paragraph at lines 1706--1707
\T1/fbb-TLF/m/n/10 would pro-vide cru-cial quan-ti-ta-tive val-i-da-tion
 []


Underfull \hbox (badness 1062) in paragraph at lines 1706--1707
\T1/fbb-TLF/m/n/10 the anisotropic noise mod-i-fies clas-si-cal es-cape
 []

LaTeX Font Info:    No math alphabet change to frozen version normal on input l
ine 1713.
LaTeX Font Info:    No math alphabet change to frozen version normal on input l
ine 1713.
LaTeX Font Info:    No math alphabet change to frozen version normal on input l
ine 1714.

Underfull \hbox (badness 1297) in paragraph at lines 1725--1727
[]\T1/fbb-TLF/b/n/10 Experimental Pre-dic-tion (Testable): \T1/fbb-TLF/m/n/10 I
f the
 []

LaTeX Font Info:    No math alphabet change to frozen version normal on input l
ine 1727.
LaTeX Font Info:    No math alphabet change to frozen version normal on input l
ine 1736.
LaTeX Font Info:    No math alphabet change to frozen version normal on input l
ine 1740.
LaTeX Font Info:    No math alphabet change to frozen version normal on input l
ine 1740.

Underfull \hbox (badness 1838) in paragraph at lines 1742--1743
[]\T1/fbb-TLF/b/n/10 Critical fluc-tu-a-tions: \T1/fbb-TLF/m/n/10 Near the in-t
er-po-la-tion thresh-old,
 []


Underfull \hbox (badness 2452) in paragraph at lines 1742--1743
\T1/fbb-TLF/m/n/10 finite-size ef-fects may smear out the sharp di-ver-gences
 []

LaTeX Font Info:    Nested math: keeping math alphabet allocation in version no
rmal on input line 1756.
LaTeX Font Info:    Nested math: keeping math alphabet allocation in version no
rmal on input line 1756.
LaTeX Font Info:    Nested math: keeping math alphabet allocation in version no
rmal on input line 1756.
LaTeX Font Info:    Nested math: keeping math alphabet allocation in version no
rmal on input line 1756.
LaTeX Font Info:    No math alphabet change to frozen version normal on input l
ine 1758.
LaTeX Font Info:    No math alphabet change to frozen version normal on input l
ine 1758.
LaTeX Font Info:    No math alphabet change to frozen version normal on input l
ine 1759.
LaTeX Font Info:    No math alphabet change to frozen version normal on input l
ine 1761.
LaTeX Font Info:    No math alphabet change to frozen version normal on input l
ine 1761.
LaTeX Font Info:    Nested math: keeping math alphabet allocation in version no
rmal on input line 1765.
LaTeX Font Info:    No math alphabet change to frozen version normal on input l
ine 1765.
LaTeX Font Info:    No math alphabet change to frozen version normal on input l
ine 1765.

Underfull \hbox (badness 10000) in paragraph at lines 1765--1766
[]\T1/fbb-TLF/b/n/10 Potential Break-through: \T1/fbb-TLF/m/n/10 If one could s
how that
 []


Underfull \hbox (badness 10000) in paragraph at lines 1765--1766
\T1/fbb-TLF/m/n/10 the mod-i-fied sta-tion-ary dis-tri-bu-tion takes the form
 []


Underfull \hbox (badness 1062) in paragraph at lines 1765--1766
\T1/fbb-TLF/m/it/10 P[]\T1/fbb-TLF/m/n/10 (\T1/fbb-TLF/m/it/10 W\T1/fbb-TLF/m/n
/10 ) \OMS/cmsy/m/n/10 / []\T1/fbb-TLF/m/n/10 (\OMS/cmsy/m/n/10 ^^@\U/zeur/m/n/
10 ^^L\OMS/cmsy/m/n/10 L\T1/fbb-TLF/m/n/10 (\T1/fbb-TLF/m/it/10 W\T1/fbb-TLF/m/
n/10 ))/[]$, this would pro-
 []

LaTeX Font Info:    No math alphabet change to frozen version normal on input l
ine 1769.

Underfull \hbox (badness 10000) in paragraph at lines 1774--1775
[]\T1/fbb-TLF/m/n/10 Full non-perturbative treat-ment (com-pu-ta-tion-ally in-
 []

LaTeX Font Info:    No math alphabet change to frozen version normal on input l
ine 1777.
[24]
LaTeX Font Info:    No math alphabet change to frozen version normal on input l
ine 1783.
LaTeX Font Info:    No math alphabet change to frozen version normal on input l
ine 1783.
LaTeX Font Info:    No math alphabet change to frozen version normal on input l
ine 1794.
LaTeX Font Info:    No math alphabet change to frozen version normal on input l
ine 1794.
LaTeX Font Info:    Nested math: keeping math alphabet allocation in version no
rmal on input line 1795.
LaTeX Font Info:    No math alphabet change to frozen version normal on input l
ine 1795.
LaTeX Font Info:    No math alphabet change to frozen version normal on input l
ine 1795.
LaTeX Font Info:    No math alphabet change to frozen version normal on input l
ine 1796.
LaTeX Font Info:    Nested math: keeping math alphabet allocation in version no
rmal on input line 1802.
LaTeX Font Info:    Nested math: keeping math alphabet allocation in version no
rmal on input line 1802.
LaTeX Font Info:    Nested math: keeping math alphabet allocation in version no
rmal on input line 1802.
LaTeX Font Info:    Nested math: keeping math alphabet allocation in version no
rmal on input line 1802.
LaTeX Font Info:    Nested math: keeping math alphabet allocation in version no
rmal on input line 1803.
LaTeX Font Info:    Nested math: keeping math alphabet allocation in version no
rmal on input line 1803.
LaTeX Font Info:    No math alphabet change to frozen version normal on input l
ine 1804.
LaTeX Font Info:    No math alphabet change to frozen version normal on input l
ine 1804.
LaTeX Font Info:    No math alphabet change to frozen version normal on input l
ine 1805.
LaTeX Font Info:    No math alphabet change to frozen version normal on input l
ine 1805.
LaTeX Font Info:    No math alphabet change to frozen version normal on input l
ine 1805.
LaTeX Font Info:    No math alphabet change to frozen version normal on input l
ine 1805.

Underfull \hbox (badness 1675) in paragraph at lines 1804--1806
\T1/fbb-TLF/m/n/10 while in-tro-duc-ing the non-lin-ear-ity ab-sent from the to
y
 []


LaTeX Warning: Citation 'mei2020generalizationerrorrandomfeatures' on page 25 u
ndefined on input line 1809.

LaTeX Font Info:    No math alphabet change to frozen version normal on input l
ine 1810.
LaTeX Font Info:    No math alphabet change to frozen version normal on input l
ine 1810.

Underfull \hbox (badness 5316) in paragraph at lines 1810--1811
[]\T1/fbb-TLF/m/n/10 The curvature--noise cou-pling can be com-puted semi-
 []

LaTeX Font Info:    No math alphabet change to frozen version normal on input l
ine 1813.
LaTeX Font Info:    No math alphabet change to frozen version normal on input l
ine 1813.
LaTeX Font Info:    No math alphabet change to frozen version normal on input l
ine 1813.
LaTeX Font Info:    No math alphabet change to frozen version normal on input l
ine 1831.
LaTeX Font Info:    No math alphabet change to frozen version normal on input l
ine 1832.
LaTeX Font Info:    No math alphabet change to frozen version normal on input l
ine 1832.
LaTeX Font Info:    No math alphabet change to frozen version normal on input l
ine 1838.
LaTeX Font Info:    Nested math: keeping math alphabet allocation in version no
rmal on input line 1838.
LaTeX Font Info:    No math alphabet change to frozen version normal on input l
ine 1838.

Underfull \hbox (badness 1478) in paragraph at lines 1838--1839
\T1/fbb-TLF/b/n/10 Statement: \T1/fbb-TLF/m/n/10 We have an-a-lyzed the ``bare'
' loss func-tion
 []

LaTeX Font Info:    No math alphabet change to frozen version normal on input l
ine 1842.
LaTeX Font Info:    No math alphabet change to frozen version normal on input l
ine 1847.
[25]
LaTeX Font Info:    No math alphabet change to frozen version normal on input l
ine 1849.
LaTeX Font Info:    No math alphabet change to frozen version normal on input l
ine 1851.

Underfull \hbox (badness 4621) in paragraph at lines 1857--1858
\T1/fbb-TLF/m/n/10 to information-theoretic quan-ti-ties (mu-tual in-for-ma-tio
n,
 []

LaTeX Font Info:    No math alphabet change to frozen version normal on input l
ine 1873.
LaTeX Font Info:    No math alphabet change to frozen version normal on input l
ine 1873.
LaTeX Font Info:    No math alphabet change to frozen version normal on input l
ine 1873.
LaTeX Font Info:    No math alphabet change to frozen version normal on input l
ine 1874.
LaTeX Font Info:    No math alphabet change to frozen version normal on input l
ine 1877.
LaTeX Font Info:    No math alphabet change to frozen version normal on input l
ine 1878.
LaTeX Font Info:    Nested math: keeping math alphabet allocation in version no
rmal on input line 1879.
LaTeX Font Info:    No math alphabet change to frozen version normal on input l
ine 1879.
LaTeX Font Info:    Nested math: keeping math alphabet allocation in version no
rmal on input line 1879.
LaTeX Font Info:    No math alphabet change to frozen version normal on input l
ine 1879.
LaTeX Font Info:    No math alphabet change to frozen version normal on input l
ine 1879.
LaTeX Font Info:    Nested math: keeping math alphabet allocation in version no
rmal on input line 1881.
LaTeX Font Info:    No math alphabet change to frozen version normal on input l
ine 1881.
LaTeX Font Info:    No math alphabet change to frozen version normal on input l
ine 1881.
LaTeX Font Info:    No math alphabet change to frozen version normal on input l
ine 1881.
LaTeX Font Info:    No math alphabet change to frozen version normal on input l
ine 1881.
LaTeX Font Info:    No math alphabet change to frozen version normal on input l
ine 1892.
LaTeX Font Info:    No math alphabet change to frozen version normal on input l
ine 1893.

Underfull \hbox (badness 1466) in paragraph at lines 1893--1894
\T1/fbb-TLF/m/n/10 creas-ing sharp-ness, fol-low-ing a re-la-tion-ship of the f
orm
 []

LaTeX Font Info:    No math alphabet change to frozen version normal on input l
ine 1902.

Underfull \hbox (badness 7047) in paragraph at lines 1902--1903
[]\T1/fbb-TLF/m/n/10 Fix ar-chi-tec-ture and dataset; vary batch size $\T1/fbb-
TLF/m/it/10 B \OMS/cmsy/m/n/10 2
 []

LaTeX Font Info:    No math alphabet change to frozen version normal on input l
ine 1903.
LaTeX Font Info:    No math alphabet change to frozen version normal on input l
ine 1915.
LaTeX Font Info:    Nested math: keeping math alphabet allocation in version no
rmal on input line 1917.
LaTeX Font Info:    No math alphabet change to frozen version normal on input l
ine 1917.

Overfull \hbox (3.08855pt too wide) in paragraph at lines 1917--1918
[]\T1/fbb-TLF/m/n/10 Measure align-ment: $[](\T1/fbb-TLF/m/it/10 H\T1/fbb-TLF/m
/n/10 , \U/zeur/m/n/10 ^^F\T1/fbb-TLF/m/n/10 ) = [] [][] |\T1/fbb-TLF/m/it/10 v
[]\T1/fbb-TLF/m/n/10 (\T1/fbb-TLF/m/it/10 H\T1/fbb-TLF/m/n/10 )[]\T1/fbb-TLF/m/
it/10 v[]\T1/fbb-TLF/m/n/10 (\U/zeur/m/n/10 ^^F\T1/fbb-TLF/m/n/10 )|[]$. 
 []

LaTeX Font Info:    No math alphabet change to frozen version normal on input l
ine 1918.
LaTeX Font Info:    No math alphabet change to frozen version normal on input l
ine 1921.

Package hyperref Warning: Token not allowed in a PDF string (Unicode):
(hyperref)                removing `math shift' on input line 1921.


Package hyperref Warning: Token not allowed in a PDF string (Unicode):
(hyperref)                removing `\to' on input line 1921.


Package hyperref Warning: Token not allowed in a PDF string (Unicode):
(hyperref)                removing `\infty' on input line 1921.


Package hyperref Warning: Token not allowed in a PDF string (Unicode):
(hyperref)                removing `math shift' on input line 1921.

LaTeX Font Info:    No math alphabet change to frozen version normal on input l
ine 1925.
LaTeX Font Info:    No math alphabet change to frozen version normal on input l
ine 1925.
LaTeX Font Info:    No math alphabet change to frozen version normal on input l
ine 1925.
LaTeX Font Info:    No math alphabet change to frozen version normal on input l
ine 1928.
LaTeX Font Info:    No math alphabet change to frozen version normal on input l
ine 1928.
LaTeX Font Info:    Nested math: keeping math alphabet allocation in version no
rmal on input line 1929.
LaTeX Font Info:    Nested math: keeping math alphabet allocation in version no
rmal on input line 1929.
LaTeX Font Info:    Nested math: keeping math alphabet allocation in version no
rmal on input line 1929.
LaTeX Font Info:    Nested math: keeping math alphabet allocation in version no
rmal on input line 1929.
LaTeX Font Info:    No math alphabet change to frozen version normal on input l
ine 1931.
LaTeX Font Info:    No math alphabet change to frozen version normal on input l
ine 1931.
LaTeX Font Info:    No math alphabet change to frozen version normal on input l
ine 1932.
LaTeX Font Info:    No math alphabet change to frozen version normal on input l
ine 1932.
[26]
LaTeX Font Info:    No math alphabet change to frozen version normal on input l
ine 1936.
LaTeX Font Info:    No math alphabet change to frozen version normal on input l
ine 1936.
LaTeX Font Info:    No math alphabet change to frozen version normal on input l
ine 1936.
LaTeX Font Info:    No math alphabet change to frozen version normal on input l
ine 1936.
LaTeX Font Info:    No math alphabet change to frozen version normal on input l
ine 1937.
LaTeX Font Info:    No math alphabet change to frozen version normal on input l
ine 1938.
LaTeX Font Info:    No math alphabet change to frozen version normal on input l
ine 1938.
LaTeX Font Info:    No math alphabet change to frozen version normal on input l
ine 1939.
LaTeX Font Info:    No math alphabet change to frozen version normal on input l
ine 1944.
LaTeX Font Info:    No math alphabet change to frozen version normal on input l
ine 1944.
LaTeX Font Info:    No math alphabet change to frozen version normal on input l
ine 1944.
LaTeX Font Info:    No math alphabet change to frozen version normal on input l
ine 1944.
LaTeX Font Info:    No math alphabet change to frozen version normal on input l
ine 1945.
LaTeX Font Info:    No math alphabet change to frozen version normal on input l
ine 1946.
LaTeX Font Info:    No math alphabet change to frozen version normal on input l
ine 1955.
Package microtype Info: Loading generic protrusion settings for font family
(microtype)             `cmtt' (encoding: T1).
(microtype)             For optimal results, create family-specific settings.
(microtype)             See the microtype manual for details.
LaTeX Font Info:    No math alphabet change to frozen version normal on input l
ine 1955.
LaTeX Font Info:    No math alphabet change to frozen version normal on input l
ine 1955.
LaTeX Font Info:    No math alphabet change to frozen version normal on input l
ine 1955.
LaTeX Font Info:    No math alphabet change to frozen version normal on input l
ine 1955.
LaTeX Font Info:    No math alphabet change to frozen version normal on input l
ine 1955.
LaTeX Font Info:    No math alphabet change to frozen version normal on input l
ine 1955.
LaTeX Font Info:    No math alphabet change to frozen version normal on input l
ine 1959.
LaTeX Font Info:    No math alphabet change to frozen version normal on input l
ine 1959.
LaTeX Font Info:    No math alphabet change to frozen version normal on input l
ine 1961.
LaTeX Font Info:    No math alphabet change to frozen version normal on input l
ine 1961.
LaTeX Font Info:    No math alphabet change to frozen version normal on input l
ine 1961.
LaTeX Font Info:    No math alphabet change to frozen version normal on input l
ine 1961.
LaTeX Font Info:    No math alphabet change to frozen version normal on input l
ine 1961.
LaTeX Font Info:    No math alphabet change to frozen version normal on input l
ine 1961.
LaTeX Font Info:    No math alphabet change to frozen version normal on input l
ine 1961.
LaTeX Font Info:    No math alphabet change to frozen version normal on input l
ine 1961.
LaTeX Font Info:    No math alphabet change to frozen version normal on input l
ine 1961.

Overfull \hbox (62.85605pt too wide) in paragraph at lines 1961--1962
\T1/fbb-TLF/m/n/10 over-parameterization ra-tios $\U/zeur/m/n/10 ^^M \T1/fbb-TL
F/m/n/10 = \T1/fbb-TLF/m/it/10 k\T1/fbb-TLF/m/n/10 /\T1/fbb-TLF/m/it/10 d \OMS/
cmsy/m/n/10 2 \T1/fbb-TLF/m/n/10 {0.3, 0.5, 0.8, 1.0, 1.2, 1.5, 2.0, 3.0, 5.0}$

 []

<media/exp1_double_descent_noise.pdf, id=1114, 859.90823pt x 356.91718pt>
File: media/exp1_double_descent_noise.pdf Graphic file (type pdf)
<use media/exp1_double_descent_noise.pdf>
Package pdftex.def Info: media/exp1_double_descent_noise.pdf  used on input lin
e 1967.
(pdftex.def)             Requested size: 118.79892pt x 49.30908pt.
<media/exp1_eigenvalue_scatter.pdf, id=1115, 498.76276pt x 423.49306pt>
File: media/exp1_eigenvalue_scatter.pdf Graphic file (type pdf)
<use media/exp1_eigenvalue_scatter.pdf>
Package pdftex.def Info: media/exp1_eigenvalue_scatter.pdf  used on input line 
1969.
(pdftex.def)             Requested size: 118.79892pt x 100.86496pt.
LaTeX Font Info:    No math alphabet change to frozen version normal on input l
ine 1970.
LaTeX Font Info:    No math alphabet change to frozen version normal on input l
ine 1970.
LaTeX Font Info:    No math alphabet change to frozen version normal on input l
ine 1970.
LaTeX Font Info:    No math alphabet change to frozen version normal on input l
ine 1970.
LaTeX Font Info:    No math alphabet change to frozen version normal on input l
ine 1970.
LaTeX Font Info:    No math alphabet change to frozen version normal on input l
ine 1970.
LaTeX Font Info:    No math alphabet change to frozen version normal on input l
ine 1970.
LaTeX Font Info:    No math alphabet change to frozen version normal on input l
ine 1970.
LaTeX Font Info:    No math alphabet change to frozen version normal on input l
ine 1970.
LaTeX Font Info:    No math alphabet change to frozen version normal on input l
ine 1970.
LaTeX Font Info:    No math alphabet change to frozen version normal on input l
ine 1970.
LaTeX Font Info:    No math alphabet change to frozen version normal on input l
ine 1970.
LaTeX Font Info:    No math alphabet change to frozen version normal on input l
ine 1970.
LaTeX Font Info:    No math alphabet change to frozen version normal on input l
ine 1970.
LaTeX Font Info:    No math alphabet change to frozen version normal on input l
ine 1970.
LaTeX Font Info:    No math alphabet change to frozen version normal on input l
ine 1970.
LaTeX Font Info:    No math alphabet change to frozen version normal on input l
ine 1974.
LaTeX Font Info:    No math alphabet change to frozen version normal on input l
ine 1974.
LaTeX Font Info:    No math alphabet change to frozen version normal on input l
ine 1974.
LaTeX Font Info:    No math alphabet change to frozen version normal on input l
ine 1974.
LaTeX Font Info:    No math alphabet change to frozen version normal on input l
ine 1974.
LaTeX Font Info:    No math alphabet change to frozen version normal on input l
ine 1974.
LaTeX Font Info:    No math alphabet change to frozen version normal on input l
ine 1974.
LaTeX Font Info:    No math alphabet change to frozen version normal on input l
ine 1974.
LaTeX Font Info:    No math alphabet change to frozen version normal on input l
ine 1974.
LaTeX Font Info:    No math alphabet change to frozen version normal on input l
ine 1974.
LaTeX Font Info:    No math alphabet change to frozen version normal on input l
ine 1974.
LaTeX Font Info:    No math alphabet change to frozen version normal on input l
ine 1979.
LaTeX Font Info:    No math alphabet change to frozen version normal on input l
ine 1979.
LaTeX Font Info:    No math alphabet change to frozen version normal on input l
ine 1979.
LaTeX Font Info:    No math alphabet change to frozen version normal on input l
ine 1979.
LaTeX Font Info:    No math alphabet change to frozen version normal on input l
ine 1979.
LaTeX Font Info:    No math alphabet change to frozen version normal on input l
ine 1979.
LaTeX Font Info:    No math alphabet change to frozen version normal on input l
ine 1979.
LaTeX Font Info:    No math alphabet change to frozen version normal on input l
ine 1979.
LaTeX Font Info:    No math alphabet change to frozen version normal on input l
ine 1979.
LaTeX Font Info:    No math alphabet change to frozen version normal on input l
ine 1979.
LaTeX Font Info:    No math alphabet change to frozen version normal on input l
ine 1979.
LaTeX Font Info:    No math alphabet change to frozen version normal on input l
ine 1979.
LaTeX Font Info:    Nested math: keeping math alphabet allocation in version no
rmal on input line 1983.
LaTeX Font Info:    Nested math: keeping math alphabet allocation in version no
rmal on input line 1983.
LaTeX Font Info:    Nested math: keeping math alphabet allocation in version no
rmal on input line 1983.
LaTeX Font Info:    Nested math: keeping math alphabet allocation in version no
rmal on input line 1983.
LaTeX Font Info:    Nested math: keeping math alphabet allocation in version no
rmal on input line 1983.
LaTeX Font Info:    Nested math: keeping math alphabet allocation in version no
rmal on input line 1985.
LaTeX Font Info:    Nested math: keeping math alphabet allocation in version no
rmal on input line 1985.
LaTeX Font Info:    Nested math: keeping math alphabet allocation in version no
rmal on input line 1985.
LaTeX Font Info:    Nested math: keeping math alphabet allocation in version no
rmal on input line 1986.
LaTeX Font Info:    Nested math: keeping math alphabet allocation in version no
rmal on input line 1986.
LaTeX Font Info:    Nested math: keeping math alphabet allocation in version no
rmal on input line 1986.
LaTeX Font Info:    Nested math: keeping math alphabet allocation in version no
rmal on input line 1987.
LaTeX Font Info:    Nested math: keeping math alphabet allocation in version no
rmal on input line 1987.
LaTeX Font Info:    Nested math: keeping math alphabet allocation in version no
rmal on input line 1987.
LaTeX Font Info:    Nested math: keeping math alphabet allocation in version no
rmal on input line 1988.
LaTeX Font Info:    Nested math: keeping math alphabet allocation in version no
rmal on input line 1988.
LaTeX Font Info:    Nested math: keeping math alphabet allocation in version no
rmal on input line 1988.
LaTeX Font Info:    Nested math: keeping math alphabet allocation in version no
rmal on input line 1989.
LaTeX Font Info:    Nested math: keeping math alphabet allocation in version no
rmal on input line 1989.
LaTeX Font Info:    Nested math: keeping math alphabet allocation in version no
rmal on input line 1989.
LaTeX Font Info:    Nested math: keeping math alphabet allocation in version no
rmal on input line 1990.
LaTeX Font Info:    Nested math: keeping math alphabet allocation in version no
rmal on input line 1990.
LaTeX Font Info:    Nested math: keeping math alphabet allocation in version no
rmal on input line 1990.
LaTeX Font Info:    Nested math: keeping math alphabet allocation in version no
rmal on input line 1991.
LaTeX Font Info:    Nested math: keeping math alphabet allocation in version no
rmal on input line 1991.
LaTeX Font Info:    Nested math: keeping math alphabet allocation in version no
rmal on input line 1991.
LaTeX Font Info:    Nested math: keeping math alphabet allocation in version no
rmal on input line 1992.
LaTeX Font Info:    Nested math: keeping math alphabet allocation in version no
rmal on input line 1992.
LaTeX Font Info:    Nested math: keeping math alphabet allocation in version no
rmal on input line 1992.
LaTeX Font Info:    Nested math: keeping math alphabet allocation in version no
rmal on input line 1993.
LaTeX Font Info:    Nested math: keeping math alphabet allocation in version no
rmal on input line 1993.
LaTeX Font Info:    Nested math: keeping math alphabet allocation in version no
rmal on input line 1993.
LaTeX Font Info:    No math alphabet change to frozen version normal on input l
ine 1995.
LaTeX Font Info:    No math alphabet change to frozen version normal on input l
ine 1998.
LaTeX Font Info:    No math alphabet change to frozen version normal on input l
ine 1998.
LaTeX Font Info:    No math alphabet change to frozen version normal on input l
ine 1998.
LaTeX Font Info:    No math alphabet change to frozen version normal on input l
ine 1998.
LaTeX Font Info:    No math alphabet change to frozen version normal on input l
ine 1998.
LaTeX Font Info:    No math alphabet change to frozen version normal on input l
ine 1998.

Underfull \hbox (badness 2781) in paragraph at lines 1998--1999
\T1/fbb-TLF/m/n/10 ill-conditioned (the Marchenko-Pastur spec-tral edge ap-
 []

[27 <./media/exp1_double_descent_noise.pdf> <./media/exp1_eigenvalue_scatter.pd
f>]
LaTeX Font Info:    No math alphabet change to frozen version normal on input l
ine 2002.
LaTeX Font Info:    No math alphabet change to frozen version normal on input l
ine 2002.
LaTeX Font Info:    No math alphabet change to frozen version normal on input l
ine 2002.
LaTeX Font Info:    No math alphabet change to frozen version normal on input l
ine 2002.
LaTeX Font Info:    No math alphabet change to frozen version normal on input l
ine 2002.
LaTeX Font Info:    No math alphabet change to frozen version normal on input l
ine 2002.
LaTeX Font Info:    No math alphabet change to frozen version normal on input l
ine 2002.
LaTeX Font Info:    No math alphabet change to frozen version normal on input l
ine 2002.
LaTeX Font Info:    No math alphabet change to frozen version normal on input l
ine 2008.
LaTeX Font Info:    No math alphabet change to frozen version normal on input l
ine 2008.
LaTeX Font Info:    No math alphabet change to frozen version normal on input l
ine 2008.
LaTeX Font Info:    No math alphabet change to frozen version normal on input l
ine 2008.
LaTeX Font Info:    No math alphabet change to frozen version normal on input l
ine 2008.
LaTeX Font Info:    No math alphabet change to frozen version normal on input l
ine 2009.
LaTeX Font Info:    No math alphabet change to frozen version normal on input l
ine 2009.
LaTeX Font Info:    No math alphabet change to frozen version normal on input l
ine 2009.
LaTeX Font Info:    No math alphabet change to frozen version normal on input l
ine 2009.
LaTeX Font Info:    No math alphabet change to frozen version normal on input l
ine 2009.
LaTeX Font Info:    No math alphabet change to frozen version normal on input l
ine 2009.
LaTeX Font Info:    No math alphabet change to frozen version normal on input l
ine 2009.
LaTeX Font Info:    No math alphabet change to frozen version normal on input l
ine 2009.
LaTeX Font Info:    No math alphabet change to frozen version normal on input l
ine 2010.
LaTeX Font Info:    No math alphabet change to frozen version normal on input l
ine 2010.
LaTeX Font Info:    No math alphabet change to frozen version normal on input l
ine 2010.
LaTeX Font Info:    No math alphabet change to frozen version normal on input l
ine 2015.
LaTeX Font Info:    No math alphabet change to frozen version normal on input l
ine 2015.
LaTeX Font Info:    No math alphabet change to frozen version normal on input l
ine 2017.
LaTeX Font Info:    No math alphabet change to frozen version normal on input l
ine 2017.
LaTeX Font Info:    No math alphabet change to frozen version normal on input l
ine 2017.
LaTeX Font Info:    No math alphabet change to frozen version normal on input l
ine 2017.
LaTeX Font Info:    No math alphabet change to frozen version normal on input l
ine 2017.
LaTeX Font Info:    No math alphabet change to frozen version normal on input l
ine 2017.
<media/exp2_escape_time.pdf, id=1268, 1147.2778pt x 355.10655pt>
File: media/exp2_escape_time.pdf Graphic file (type pdf)
<use media/exp2_escape_time.pdf>
Package pdftex.def Info: media/exp2_escape_time.pdf  used on input line 2023.
(pdftex.def)             Requested size: 118.79892pt x 36.76982pt.
LaTeX Font Info:    No math alphabet change to frozen version normal on input l
ine 2024.
LaTeX Font Info:    No math alphabet change to frozen version normal on input l
ine 2024.
LaTeX Font Info:    No math alphabet change to frozen version normal on input l
ine 2024.
LaTeX Font Info:    No math alphabet change to frozen version normal on input l
ine 2024.
LaTeX Font Info:    No math alphabet change to frozen version normal on input l
ine 2024.
LaTeX Font Info:    No math alphabet change to frozen version normal on input l
ine 2024.
LaTeX Font Info:    No math alphabet change to frozen version normal on input l
ine 2024.
LaTeX Font Info:    No math alphabet change to frozen version normal on input l
ine 2024.
LaTeX Font Info:    No math alphabet change to frozen version normal on input l
ine 2024.
LaTeX Font Info:    No math alphabet change to frozen version normal on input l
ine 2024.
LaTeX Font Info:    No math alphabet change to frozen version normal on input l
ine 2028.
LaTeX Font Info:    No math alphabet change to frozen version normal on input l
ine 2028.
LaTeX Font Info:    No math alphabet change to frozen version normal on input l
ine 2028.
LaTeX Font Info:    No math alphabet change to frozen version normal on input l
ine 2028.
LaTeX Font Info:    No math alphabet change to frozen version normal on input l
ine 2028.
LaTeX Font Info:    No math alphabet change to frozen version normal on input l
ine 2028.
LaTeX Font Info:    No math alphabet change to frozen version normal on input l
ine 2030.
LaTeX Font Info:    No math alphabet change to frozen version normal on input l
ine 2030.
LaTeX Font Info:    No math alphabet change to frozen version normal on input l
ine 2030.
LaTeX Font Info:    No math alphabet change to frozen version normal on input l
ine 2030.
LaTeX Font Info:    No math alphabet change to frozen version normal on input l
ine 2034.
LaTeX Font Info:    No math alphabet change to frozen version normal on input l
ine 2036.
LaTeX Font Info:    No math alphabet change to frozen version normal on input l
ine 2036.
LaTeX Font Info:    No math alphabet change to frozen version normal on input l
ine 2036.
LaTeX Font Info:    No math alphabet change to frozen version normal on input l
ine 2036.
LaTeX Font Info:    No math alphabet change to frozen version normal on input l
ine 2036.

Overfull \hbox (21.29301pt too wide) in paragraph at lines 2036--2037
[]\T1/fbb-TLF/b/n/10 Method: \T1/fbb-TLF/m/n/10 We swept $\U/zeur/m/n/10 ^^M \O
MS/cmsy/m/n/10 2 \T1/fbb-TLF/m/n/10 {0.3, 0.5, 0.8, 1.0, 1.2, 1.5, 2.0, 3.0, 5.
0, 8.0}$
 []

[28 <./media/exp2_escape_time.pdf>]
<media/exp3_batch_size_dependence.pdf, id=1366, 1004.10509pt x 427.74178pt>
File: media/exp3_batch_size_dependence.pdf Graphic file (type pdf)
<use media/exp3_batch_size_dependence.pdf>
Package pdftex.def Info: media/exp3_batch_size_dependence.pdf  used on input li
ne 2040.
(pdftex.def)             Requested size: 235.1242pt x 100.16035pt.
LaTeX Font Info:    No math alphabet change to frozen version normal on input l
ine 2041.
LaTeX Font Info:    No math alphabet change to frozen version normal on input l
ine 2041.
LaTeX Font Info:    No math alphabet change to frozen version normal on input l
ine 2041.
LaTeX Font Info:    No math alphabet change to frozen version normal on input l
ine 2041.
LaTeX Font Info:    No math alphabet change to frozen version normal on input l
ine 2047.
LaTeX Font Info:    No math alphabet change to frozen version normal on input l
ine 2047.
LaTeX Font Info:    No math alphabet change to frozen version normal on input l
ine 2047.
LaTeX Font Info:    No math alphabet change to frozen version normal on input l
ine 2047.
LaTeX Font Info:    No math alphabet change to frozen version normal on input l
ine 2047.
LaTeX Font Info:    No math alphabet change to frozen version normal on input l
ine 2047.
LaTeX Font Info:    No math alphabet change to frozen version normal on input l
ine 2047.
LaTeX Font Info:    No math alphabet change to frozen version normal on input l
ine 2047.
LaTeX Font Info:    No math alphabet change to frozen version normal on input l
ine 2051.
LaTeX Font Info:    No math alphabet change to frozen version normal on input l
ine 2051.
LaTeX Font Info:    No math alphabet change to frozen version normal on input l
ine 2051.
LaTeX Font Info:    No math alphabet change to frozen version normal on input l
ine 2051.

Underfull \hbox (badness 1721) in paragraph at lines 2053--2053
[]\T1/cmss/bx/it/10 Experiment 4: Curvature-Noise Cou-pling in
 []

LaTeX Font Info:    No math alphabet change to frozen version normal on input l
ine 2055.
LaTeX Font Info:    No math alphabet change to frozen version normal on input l
ine 2055.
LaTeX Font Info:    No math alphabet change to frozen version normal on input l
ine 2057.
LaTeX Font Info:    No math alphabet change to frozen version normal on input l
ine 2057.
LaTeX Font Info:    No math alphabet change to frozen version normal on input l
ine 2057.
LaTeX Font Info:    No math alphabet change to frozen version normal on input l
ine 2057.
LaTeX Font Info:    No math alphabet change to frozen version normal on input l
ine 2057.
LaTeX Font Info:    No math alphabet change to frozen version normal on input l
ine 2057.
<media/exp4_relu_alignment.pdf, id=1368, 1148.62181pt x 356.91718pt>
File: media/exp4_relu_alignment.pdf Graphic file (type pdf)
<use media/exp4_relu_alignment.pdf>
Package pdftex.def Info: media/exp4_relu_alignment.pdf  used on input line 2061
.
(pdftex.def)             Requested size: 235.1242pt x 73.05957pt.
LaTeX Font Info:    No math alphabet change to frozen version normal on input l
ine 2062.
LaTeX Font Info:    No math alphabet change to frozen version normal on input l
ine 2062.
LaTeX Font Info:    No math alphabet change to frozen version normal on input l
ine 2062.
LaTeX Font Info:    No math alphabet change to frozen version normal on input l
ine 2062.
LaTeX Font Info:    No math alphabet change to frozen version normal on input l
ine 2062.
LaTeX Font Info:    No math alphabet change to frozen version normal on input l
ine 2062.
LaTeX Font Info:    No math alphabet change to frozen version normal on input l
ine 2062.
LaTeX Font Info:    No math alphabet change to frozen version normal on input l
ine 2062.
LaTeX Font Info:    No math alphabet change to frozen version normal on input l
ine 2068.
LaTeX Font Info:    No math alphabet change to frozen version normal on input l
ine 2068.
LaTeX Font Info:    No math alphabet change to frozen version normal on input l
ine 2068.
LaTeX Font Info:    No math alphabet change to frozen version normal on input l
ine 2068.
LaTeX Font Info:    No math alphabet change to frozen version normal on input l
ine 2068.
LaTeX Font Info:    No math alphabet change to frozen version normal on input l
ine 2068.

Underfull \hbox (badness 1275) in paragraph at lines 2068--2069
\T1/fbb-TLF/m/n/10 ran-dom base-line, demon-strat-ing that the curvature-noise
 []


Underfull \hbox (badness 1072) in paragraph at lines 2068--2069
\T1/fbb-TLF/m/n/10 con-sis-tent with the the-o-ret-i-cal ex-pec-ta-tion: in non
-lin-ear
 []


Underfull \hbox (badness 2181) in paragraph at lines 2068--2069
\T1/fbb-TLF/m/n/10 boundary dis-con-ti-nu-ities and higher-order terms. The
 []


Underfull \hbox (badness 2781) in paragraph at lines 2068--2069
\T1/fbb-TLF/m/n/10 a smaller pro-por-tion-al-ity con-stant $\U/zeur/m/n/10 $ \
T1/fbb-TLF/m/n/10 and larger $\OMS/cmsy/m/n/10 O\T1/fbb-TLF/m/n/10 (\T1/fbb-TLF
/m/it/10 H[]\T1/fbb-TLF/m/n/10 )$
 []


Underfull \hbox (badness 1107) in paragraph at lines 2070--2071
[]\T1/fbb-TLF/b/n/10 Implication: \T1/fbb-TLF/m/n/10 The ReLU re-sult is the fi
rst ex-per-i-men-tal
 []

LaTeX Font Info:    No math alphabet change to frozen version normal on input l
ine 2074.
LaTeX Font Info:    No math alphabet change to frozen version normal on input l
ine 2076.
LaTeX Font Info:    No math alphabet change to frozen version normal on input l
ine 2076.
LaTeX Font Info:    No math alphabet change to frozen version normal on input l
ine 2076.
LaTeX Font Info:    No math alphabet change to frozen version normal on input l
ine 2076.
LaTeX Font Info:    No math alphabet change to frozen version normal on input l
ine 2076.
LaTeX Font Info:    No math alphabet change to frozen version normal on input l
ine 2076.
LaTeX Font Info:    No math alphabet change to frozen version normal on input l
ine 2076.
<media/exp5_equilibrium_erosion.pdf, id=1372, 1293.36496pt x 392.32948pt>
File: media/exp5_equilibrium_erosion.pdf Graphic file (type pdf)
<use media/exp5_equilibrium_erosion.pdf>
Package pdftex.def Info: media/exp5_equilibrium_erosion.pdf  used on input line
 2080.
(pdftex.def)             Requested size: 235.1242pt x 71.32266pt.
LaTeX Font Info:    No math alphabet change to frozen version normal on input l
ine 2081.
LaTeX Font Info:    No math alphabet change to frozen version normal on input l
ine 2081.
LaTeX Font Info:    No math alphabet change to frozen version normal on input l
ine 2081.
LaTeX Font Info:    No math alphabet change to frozen version normal on input l
ine 2081.
LaTeX Font Info:    No math alphabet change to frozen version normal on input l
ine 2081.
LaTeX Font Info:    No math alphabet change to frozen version normal on input l
ine 2081.
LaTeX Font Info:    No math alphabet change to frozen version normal on input l
ine 2087.
LaTeX Font Info:    No math alphabet change to frozen version normal on input l
ine 2087.
LaTeX Font Info:    No math alphabet change to frozen version normal on input l
ine 2087.
LaTeX Font Info:    No math alphabet change to frozen version normal on input l
ine 2087.
LaTeX Font Info:    No math alphabet change to frozen version normal on input l
ine 2087.

Underfull \hbox (badness 2443) in paragraph at lines 2087--2088
\T1/fbb-TLF/m/n/10 pre-dict (which would ex-pect ei-ther sta-bil-ity or fur-the
r
 []

[29 <./media/exp3_batch_size_dependence.pdf> <./media/exp4_relu_alignment.pdf>]
LaTeX Font Info:    No math alphabet change to frozen version normal on input l
ine 2091.
LaTeX Font Info:    No math alphabet change to frozen version normal on input l
ine 2091.
LaTeX Font Info:    No math alphabet change to frozen version normal on input l
ine 2091.
LaTeX Font Info:    No math alphabet change to frozen version normal on input l
ine 2091.
LaTeX Font Info:    No math alphabet change to frozen version normal on input l
ine 2091.
LaTeX Font Info:    No math alphabet change to frozen version normal on input l
ine 2091.
LaTeX Font Info:    No math alphabet change to frozen version normal on input l
ine 2091.
LaTeX Font Info:    No math alphabet change to frozen version normal on input l
ine 2091.
LaTeX Font Info:    No math alphabet change to frozen version normal on input l
ine 2095.
LaTeX Font Info:    No math alphabet change to frozen version normal on input l
ine 2097.

Underfull \hbox (badness 1005) in paragraph at lines 2097--2098
[]\T1/fbb-TLF/b/n/10 Physical In-ter-pre-ta-tion: \T1/fbb-TLF/m/n/10 These re-s
ults pro-vide the first
 []


Underfull \hbox (badness 2644) in paragraph at lines 2097--2098
\T1/fbb-TLF/b/n/10 trained net-works is a non-equilibrium ki-netic phe-
 []


Underfull \hbox (badness 1874) in paragraph at lines 2097--2098
\T1/fbb-TLF/m/n/10 gen-er-al-iza-tion achieved at the end of train-ing is not a

 []

LaTeX Font Info:    No math alphabet change to frozen version normal on input l
ine 2104.
LaTeX Font Info:    No math alphabet change to frozen version normal on input l
ine 2104.
LaTeX Font Info:    No math alphabet change to frozen version normal on input l
ine 2104.
LaTeX Font Info:    No math alphabet change to frozen version normal on input l
ine 2104.
LaTeX Font Info:    No math alphabet change to frozen version normal on input l
ine 2104.
LaTeX Font Info:    No math alphabet change to frozen version normal on input l
ine 2106.
LaTeX Font Info:    No math alphabet change to frozen version normal on input l
ine 2108.
LaTeX Font Info:    No math alphabet change to frozen version normal on input l
ine 2108.
LaTeX Font Info:    No math alphabet change to frozen version normal on input l
ine 2110.
LaTeX Font Info:    No math alphabet change to frozen version normal on input l
ine 2110.
LaTeX Font Info:    No math alphabet change to frozen version normal on input l
ine 2110.
LaTeX Font Info:    No math alphabet change to frozen version normal on input l
ine 2110.
LaTeX Font Info:    No math alphabet change to frozen version normal on input l
ine 2112.
[30 <./media/exp5_equilibrium_erosion.pdf>]
LaTeX Font Info:    No math alphabet change to frozen version normal on input l
ine 2122.

Underfull \hbox (badness 2401) in paragraph at lines 2122--2123
\T1/fbb-TLF/m/n/10 with mil-lions of pa-ram-e-ters re-mains an open em-pir-i-ca
l
 []

LaTeX Font Info:    No math alphabet change to frozen version normal on input l
ine 2124.
LaTeX Font Info:    No math alphabet change to frozen version normal on input l
ine 2126.
LaTeX Font Info:    Nested math: keeping math alphabet allocation in version no
rmal on input line 2144.
LaTeX Font Info:    Nested math: keeping math alphabet allocation in version no
rmal on input line 2144.
LaTeX Font Info:    Nested math: keeping math alphabet allocation in version no
rmal on input line 2144.
LaTeX Font Info:    Nested math: keeping math alphabet allocation in version no
rmal on input line 2145.
LaTeX Font Info:    Nested math: keeping math alphabet allocation in version no
rmal on input line 2145.
LaTeX Font Info:    Nested math: keeping math alphabet allocation in version no
rmal on input line 2145.
LaTeX Font Info:    Nested math: keeping math alphabet allocation in version no
rmal on input line 2146.
LaTeX Font Info:    Nested math: keeping math alphabet allocation in version no
rmal on input line 2146.
LaTeX Font Info:    Nested math: keeping math alphabet allocation in version no
rmal on input line 2146.
LaTeX Font Info:    Nested math: keeping math alphabet allocation in version no
rmal on input line 2147.
LaTeX Font Info:    Nested math: keeping math alphabet allocation in version no
rmal on input line 2147.
LaTeX Font Info:    Nested math: keeping math alphabet allocation in version no
rmal on input line 2147.
LaTeX Font Info:    Nested math: keeping math alphabet allocation in version no
rmal on input line 2148.
LaTeX Font Info:    Nested math: keeping math alphabet allocation in version no
rmal on input line 2148.
LaTeX Font Info:    Nested math: keeping math alphabet allocation in version no
rmal on input line 2148.
LaTeX Font Info:    Nested math: keeping math alphabet allocation in version no
rmal on input line 2149.
LaTeX Font Info:    Nested math: keeping math alphabet allocation in version no
rmal on input line 2149.
LaTeX Font Info:    Nested math: keeping math alphabet allocation in version no
rmal on input line 2149.
LaTeX Font Info:    Nested math: keeping math alphabet allocation in version no
rmal on input line 2149.
LaTeX Font Info:    Nested math: keeping math alphabet allocation in version no
rmal on input line 2149.
LaTeX Font Info:    Nested math: keeping math alphabet allocation in version no
rmal on input line 2150.
LaTeX Font Info:    Nested math: keeping math alphabet allocation in version no
rmal on input line 2150.
LaTeX Font Info:    Nested math: keeping math alphabet allocation in version no
rmal on input line 2151.
LaTeX Font Info:    Nested math: keeping math alphabet allocation in version no
rmal on input line 2151.
LaTeX Font Info:    No math alphabet change to frozen version normal on input l
ine 2153.

Overfull \hbox (144.15945pt too wide) in paragraph at lines 2140--2154
 [][] 
 []


Underfull \hbox (badness 1975) in paragraph at lines 2156--2157
[]\T1/fbb-TLF/b/n/10 Final as-sess-ment: \T1/fbb-TLF/m/n/10 The ex-per-i-men-ta
l pro-gram pro-vides
 []


Underfull \hbox (badness 7576) in paragraph at lines 2156--2157
\T1/fbb-TLF/m/n/10 ar-chi-tec-tural, temporal)---constitutes a ro-bust em-pir-i
-cal
 []

[31]
LaTeX Font Info:    No math alphabet change to frozen version normal on input l
ine 2168.
LaTeX Font Info:    No math alphabet change to frozen version normal on input l
ine 2168.

Underfull \hbox (badness 3989) in paragraph at lines 2173--2174
\T1/fbb-TLF/m/n/10 That all eight pre-dic-tions were confirmed---at vary-ing
 []


Underfull \hbox (badness 2173) in paragraph at lines 2173--2174
\T1/fbb-TLF/m/n/10 lev-els of sta-tis-ti-cal sig-nif-i-cance and ef-fect magnit
ude---is
 []

LaTeX Font Info:    No math alphabet change to frozen version normal on input l
ine 2180.
LaTeX Font Info:    No math alphabet change to frozen version normal on input l
ine 2180.

Underfull \hbox (badness 1681) in paragraph at lines 2189--2190
\T1/fbb-TLF/m/n/10 the lens of non-equilibrium sta-tis-ti-cal physics, ceases t
o
 []


Underfull \hbox (badness 1137) in paragraph at lines 2189--2190
\T1/fbb-TLF/m/n/10 dy-nam-i-cal sys-tem ex-plor-ing a com-plex en-ergy land-sca
pe
 []


Underfull \hbox (badness 2521) in paragraph at lines 2192--2193
\T1/fbb-TLF/m/n/10 com-pu-ta-tional ex-per-i-ments were per-formed us-ing open-

 []


Underfull \hbox (badness 10000) in paragraph at lines 2201--2201
[]\T1/cmss/m/it/10 The Langevin Ap-prox-i-ma-tion Breaks
 []

LaTeX Font Info:    No math alphabet change to frozen version normal on input l
ine 2202.
LaTeX Font Info:    No math alphabet change to frozen version normal on input l
ine 2202.

LaTeX Warning: Citation 'cohen2021gradient' on page 32 undefined on input line 
2202.


Underfull \vbox (badness 4266) has occurred while \output is active []

 [32]
LaTeX Font Info:    No math alphabet change to frozen version normal on input l
ine 2205.
LaTeX Font Info:    No math alphabet change to frozen version normal on input l
ine 2205.
LaTeX Font Info:    No math alphabet change to frozen version normal on input l
ine 2205.
LaTeX Font Info:    No math alphabet change to frozen version normal on input l
ine 2205.
LaTeX Font Info:    Nested math: keeping math alphabet allocation in version no
rmal on input line 2208.
LaTeX Font Info:    No math alphabet change to frozen version normal on input l
ine 2208.
LaTeX Font Info:    No math alphabet change to frozen version normal on input l
ine 2208.
LaTeX Font Info:    No math alphabet change to frozen version normal on input l
ine 2208.

Underfull \hbox (badness 5189) in paragraph at lines 2208--2209
\T1/fbb-TLF/m/n/10 weight space: dif-fer-ent di-rec-tions ex-pe-ri-ence dif-fer
-ent
 []

LaTeX Font Info:    No math alphabet change to frozen version normal on input l
ine 2211.
LaTeX Font Info:    No math alphabet change to frozen version normal on input l
ine 2211.
LaTeX Font Info:    No math alphabet change to frozen version normal on input l
ine 2211.

Underfull \hbox (badness 1158) in paragraph at lines 2216--2216
[]\T1/cmss/bx/it/10 Author's Work-ing Notes: Re-search
 []

LaTeX Font Info:    No math alphabet change to frozen version normal on input l
ine 2222.
LaTeX Font Info:    Nested math: keeping math alphabet allocation in version no
rmal on input line 2223.
LaTeX Font Info:    No math alphabet change to frozen version normal on input l
ine 2223.
LaTeX Font Info:    No math alphabet change to frozen version normal on input l
ine 2223.
LaTeX Font Info:    No math alphabet change to frozen version normal on input l
ine 2223.
LaTeX Font Info:    No math alphabet change to frozen version normal on input l
ine 2224.
LaTeX Font Info:    No math alphabet change to frozen version normal on input l
ine 2224.
LaTeX Font Info:    No math alphabet change to frozen version normal on input l
ine 2224.
LaTeX Font Info:    No math alphabet change to frozen version normal on input l
ine 2237.
LaTeX Font Info:    No math alphabet change to frozen version normal on input l
ine 2248.
LaTeX Font Info:    No math alphabet change to frozen version normal on input l
ine 2248.
LaTeX Font Info:    No math alphabet change to frozen version normal on input l
ine 2248.
LaTeX Font Info:    No math alphabet change to frozen version normal on input l
ine 2248.
LaTeX Font Info:    No math alphabet change to frozen version normal on input l
ine 2252.
LaTeX Font Info:    No math alphabet change to frozen version normal on input l
ine 2253.

Underfull \hbox (badness 10000) in paragraph at lines 2253--2254
[]\T1/fbb-TLF/m/n/10 The \T1/fbb-TLF/b/n/10 noise struc-ture $\U/zeur/m/n/10 ^^
F\T1/fbb-TLF/m/n/10 (\T1/fbb-TLF/m/it/10 W\T1/fbb-TLF/m/n/10 )$---anisotropic n
oise cre-ates
 []

[33]
Underfull \hbox (badness 2781) in paragraph at lines 2257--2258
\T1/fbb-TLF/m/n/10 min-i-mum?'') to \T1/fbb-TLF/b/n/10 non-equilibrium sta-tis-
ti-cal me-chan-
 []


Underfull \hbox (badness 1253) in paragraph at lines 2257--2258
\T1/fbb-TLF/b/n/10 ics \T1/fbb-TLF/m/n/10 (``how does the sys-tem re-lax?''). I
n both cases, the
 []


Underfull \hbox (badness 10000) in paragraph at lines 2257--2258
\T1/fbb-TLF/m/n/10 dy-nam-i-cal per-spec-tive re-veals phe-nom-ena in-vis-i-ble
 to
 []

LaTeX Font Info:    No math alphabet change to frozen version normal on input l
ine 2263.

Underfull \hbox (badness 7397) in paragraph at lines 2263--2264
\T1/fbb-TLF/m/n/10 noise---anisotropic, curvature-dependent, state-varying---
 []


Underfull \hbox (badness 2285) in paragraph at lines 2263--2264
\T1/fbb-TLF/m/n/10 implements an \T1/fbb-TLF/m/it/10 im-plicit reg-u-lar-iza-ti
on \T1/fbb-TLF/m/n/10 that se-lects for flat
 []

LaTeX Font Info:    No math alphabet change to frozen version normal on input l
ine 2265.
LaTeX Font Info:    No math alphabet change to frozen version normal on input l
ine 2265.
LaTeX Font Info:    Nested math: keeping math alphabet allocation in version no
rmal on input line 2265.
LaTeX Font Info:    No math alphabet change to frozen version normal on input l
ine 2265.

Underfull \hbox (badness 4328) in paragraph at lines 2265--2266
\T1/fbb-TLF/m/n/10 mys-te-ri-ous. Over-parameterized net-works have many
 []

LaTeX Font Info:    No math alphabet change to frozen version normal on input l
ine 2269.

Underfull \hbox (badness 1038) in paragraph at lines 2286--2287
\T1/fbb-TLF/m/n/10 physics, stochas-tic pro-cesses, ran-dom ma-trix the-ory, an
d
 []


Underfull \hbox (badness 5260) in paragraph at lines 2286--2287
\T1/fbb-TLF/m/n/10 learning---phase tran-si-tions, crit-i-cal be-hav-ior, emer-
gent
 []


Underfull \hbox (badness 1067) in paragraph at lines 2286--2287
\T1/fbb-TLF/m/n/10 sim-plic-ity from com-plex dynamics---have nat-u-ral analogs

 []

LaTeX Font Info:    No math alphabet change to frozen version normal on input l
ine 2297.
LaTeX Font Info:    No math alphabet change to frozen version normal on input l
ine 2299.
LaTeX Font Info:    No math alphabet change to frozen version normal on input l
ine 2299.
LaTeX Font Info:    No math alphabet change to frozen version normal on input l
ine 2304.
LaTeX Font Info:    No math alphabet change to frozen version normal on input l
ine 2304.
LaTeX Font Info:    Nested math: keeping math alphabet allocation in version no
rmal on input line 2304.
LaTeX Font Info:    No math alphabet change to frozen version normal on input l
ine 2304.
LaTeX Font Info:    Nested math: keeping math alphabet allocation in version no
rmal on input line 2305.
LaTeX Font Info:    No math alphabet change to frozen version normal on input l
ine 2305.
[34]
LaTeX Font Info:    No math alphabet change to frozen version normal on input l
ine 2308.
LaTeX Font Info:    No math alphabet change to frozen version normal on input l
ine 2309.
LaTeX Font Info:    No math alphabet change to frozen version normal on input l
ine 2309.
LaTeX Font Info:    Nested math: keeping math alphabet allocation in version no
rmal on input line 2318.
LaTeX Font Info:    No math alphabet change to frozen version normal on input l
ine 2318.
LaTeX Font Info:    No math alphabet change to frozen version normal on input l
ine 2319.
LaTeX Font Info:    No math alphabet change to frozen version normal on input l
ine 2328.
LaTeX Font Info:    No math alphabet change to frozen version normal on input l
ine 2328.

Underfull \hbox (badness 1014) in paragraph at lines 2335--2339
\T1/fbb-TLF/m/n/10 changes in hy-per-pa-ram-e-ters, ar-chi-tec-ture, or dataset
 can
 []

LaTeX Font Info:    No math alphabet change to frozen version normal on input l
ine 2361.
LaTeX Font Info:    No math alphabet change to frozen version normal on input l
ine 2361.
LaTeX Font Info:    No math alphabet change to frozen version normal on input l
ine 2376.
LaTeX Font Info:    No math alphabet change to frozen version normal on input l
ine 2376.

Underfull \hbox (badness 1024) in paragraph at lines 2378--2382
\T1/fbb-TLF/m/n/10 presses rep-re-sen-ta-tions. NESP sug-gests noise se-lects f
lat
 []


Underfull \hbox (badness 2253) in paragraph at lines 2378--2382
\T1/fbb-TLF/b/n/10 Insight po-ten-tial: \T1/fbb-TLF/m/n/10 Per-haps noise-induc
ed flat se-lec-tion
 []


Underfull \hbox (badness 1383) in paragraph at lines 2378--2382
\T1/fbb-TLF/m/it/10 is \T1/fbb-TLF/m/n/10 in-for-ma-tion com-pres-sion, seen fr
om a dif-fer-ent an-gle.
 []

[35]
LaTeX Font Info:    Nested math: keeping math alphabet allocation in version no
rmal on input line 2386.
LaTeX Font Info:    No math alphabet change to frozen version normal on input l
ine 2386.

Underfull \hbox (badness 5274) in paragraph at lines 2383--2387
\T1/fbb-TLF/b/n/10 Insight po-ten-tial: \T1/fbb-TLF/m/n/10 The NESP sta-tion-ar
y dis-tri-bu-tion
 []

LaTeX Font Info:    No math alphabet change to frozen version normal on input l
ine 2400.
LaTeX Font Info:    No math alphabet change to frozen version normal on input l
ine 2406.
LaTeX Font Info:    No math alphabet change to frozen version normal on input l
ine 2413.
LaTeX Font Info:    No math alphabet change to frozen version normal on input l
ine 2416.
LaTeX Font Info:    No math alphabet change to frozen version normal on input l
ine 2423.
LaTeX Font Info:    No math alphabet change to frozen version normal on input l
ine 2425.
LaTeX Font Info:    Nested math: keeping math alphabet allocation in version no
rmal on input line 2426.
LaTeX Font Info:    No math alphabet change to frozen version normal on input l
ine 2426.
LaTeX Font Info:    Nested math: keeping math alphabet allocation in version no
rmal on input line 2426.
LaTeX Font Info:    No math alphabet change to frozen version normal on input l
ine 2426.
LaTeX Font Info:    No math alphabet change to frozen version normal on input l
ine 2430.
LaTeX Font Info:    No math alphabet change to frozen version normal on input l
ine 2432.
LaTeX Font Info:    No math alphabet change to frozen version normal on input l
ine 2432.
LaTeX Font Info:    No math alphabet change to frozen version normal on input l
ine 2432.
LaTeX Font Info:    No math alphabet change to frozen version normal on input l
ine 2433.
LaTeX Font Info:    No math alphabet change to frozen version normal on input l
ine 2433.
LaTeX Font Info:    No math alphabet change to frozen version normal on input l
ine 2437.
LaTeX Font Info:    No math alphabet change to frozen version normal on input l
ine 2447.
LaTeX Font Info:    No math alphabet change to frozen version normal on input l
ine 2453.
LaTeX Font Info:    No math alphabet change to frozen version normal on input l
ine 2459.
LaTeX Font Info:    No math alphabet change to frozen version normal on input l
ine 2468.
LaTeX Font Info:    No math alphabet change to frozen version normal on input l
ine 2474.
LaTeX Font Info:    No math alphabet change to frozen version normal on input l
ine 2480.
LaTeX Font Info:    Nested math: keeping math alphabet allocation in version no
rmal on input line 2493.
LaTeX Font Info:    Nested math: keeping math alphabet allocation in version no
rmal on input line 2493.
LaTeX Font Info:    No math alphabet change to frozen version normal on input l
ine 2493.
[36]
LaTeX Font Info:    No math alphabet change to frozen version normal on input l
ine 2507.
LaTeX Font Info:    No math alphabet change to frozen version normal on input l
ine 2507.
LaTeX Font Info:    No math alphabet change to frozen version normal on input l
ine 2507.

Underfull \hbox (badness 3635) in paragraph at lines 2512--2513
[]\T1/fbb-TLF/b/n/10 ``Flatness'' Re-quires Rig-or-ous Def-i-ni-tion. \T1/fbb-T
LF/m/n/10 Bridge 5
 []


Underfull \hbox (badness 6001) in paragraph at lines 2512--2513
\T1/fbb-TLF/m/n/10 ac-knowl-edges that Hessian-based flat-ness mea-sures are
 []


Underfull \hbox (badness 2781) in paragraph at lines 2512--2513
\T1/fbb-TLF/m/n/10 reparameterization-dependent. Yet the NESP se-lec-tion
 []


Underfull \hbox (badness 1215) in paragraph at lines 2512--2513
\T1/fbb-TLF/m/n/10 vol-ume, Fisher in-for-ma-tion), or (b) re-strict to canon-i
-cal
 []

LaTeX Font Info:    No math alphabet change to frozen version normal on input l
ine 2514.
LaTeX Font Info:    No math alphabet change to frozen version normal on input l
ine 2520.
LaTeX Font Info:    No math alphabet change to frozen version normal on input l
ine 2520.
LaTeX Font Info:    No math alphabet change to frozen version normal on input l
ine 2521.
LaTeX Font Info:    No math alphabet change to frozen version normal on input l
ine 2522.

Underfull \hbox (badness 1043) in paragraph at lines 2528--2529
\T1/fbb-TLF/m/n/10 The ex-per-i-men-tal agenda (Sec-tion []7.10[]) pro-vides a 
well-
 []

LaTeX Font Info:    Nested math: keeping math alphabet allocation in version no
rmal on input line 2531.
LaTeX Font Info:    No math alphabet change to frozen version normal on input l
ine 2531.
LaTeX Font Info:    No math alphabet change to frozen version normal on input l
ine 2531.
LaTeX Font Info:    No math alphabet change to frozen version normal on input l
ine 2533.
LaTeX Font Info:    No math alphabet change to frozen version normal on input l
ine 2533.
LaTeX Font Info:    No math alphabet change to frozen version normal on input l
ine 2576.

Overfull \hbox (114.60358pt too wide) in paragraph at lines 2563--2577
 [] 
 []


Underfull \hbox (badness 2809) in paragraph at lines 2583--2584
[]\T1/fbb-TLF/b/n/10 Next Phase: \T1/fbb-TLF/m/n/10 Ex-per-i-men-tal ex-e-cu-ti
on fol-low-ing the 4-
 []

LaTeX Font Info:    No math alphabet change to frozen version normal on input l
ine 2588.
LaTeX Font Info:    No math alphabet change to frozen version normal on input l
ine 2588.
LaTeX Font Info:    No math alphabet change to frozen version normal on input l
ine 2589.
LaTeX Font Info:    No math alphabet change to frozen version normal on input l
ine 2589.
LaTeX Font Info:    No math alphabet change to frozen version normal on input l
ine 2590.
[37]

LaTeX Warning: Empty bibliography on input line 2600.


enddocument/afterlastpage (AED): lastpage setting LastPage.
(paper2a.aux)
 ***********
LaTeX2e <2025-11-01>
L3 programming layer <2025-12-24>
 ***********


LaTeX Warning: There were undefined references.

Package rerunfilecheck Info: File `paper2a.out' has not changed.
(rerunfilecheck)             Checksum: 6AB21E1932BFCBC34C040199795722A2;39290.

Package biblatex Warning: Please (re)run Biber on the file:
(biblatex)                paper2a
(biblatex)                and rerun LaTeX afterwards.

Package logreq Info: Writing requests to 'paper2a.run.xml'.
\openout1 = `paper2a.run.xml'.

 ) 
Here is how much of TeX's memory you used:
 82632 strings out of 467870
 1993783 string characters out of 5428399
 3715795 words of memory out of 5000000
 109900 multiletter control sequences out of 15000+600000
 760283 words of font info for 165 fonts, out of 8000000 for 9000
 1141 hyphenation exceptions out of 8191
 103i,18n,131p,2991b,4035s stack positions out of 10000i,1000n,20000p,200000b,200000s
 <C:\Users\Administrator\AppData\Local\MiKTeX\fonts/pk/ljfour/jknappen/ec/dpi
600\ectt0800.pk> <C:\Users\Administrator\AppData\Local\MiKTeX\fonts/pk/ljfour/j
knappen/ec/dpi600\ecsi0900.pk> <C:\Users\Administrator\AppData\Local\MiKTeX\fon
ts/pk/ljfour/jknappen/ec/dpi600\ecss0900.pk> <C:\Users\Administrator\AppData\Lo
cal\MiKTeX\fonts/pk/ljfour/jknappen/ec/dpi600\ecso1000.pk> <C:\Users\Administra
tor\AppData\Local\MiKTeX\fonts/pk/ljfour/jknappen/ec/dpi600\ecsi1000.pk> <C:\Us
ers\Administrator\AppData\Local\MiKTeX\fonts/pk/ljfour/jknappen/ec/dpi600\ecsx0
900.pk> <C:\Users\Administrator\AppData\Local\MiKTeX\fonts/pk/ljfour/jknappen/e
c/dpi600\ecsx0800.pk> <C:\Users\Administrator\AppData\Local\MiKTeX\fonts/pk/ljf
our/jknappen/ec/dpi450\ecss0800.pk> <C:\Users\Administrator\AppData\Local\MiKTe
X\fonts/pk/ljfour/jknappen/ec/dpi600\ecss0800.pk> <C:\Users\Administrator\AppDa
ta\Local\MiKTeX\fonts/pk/ljfour/jknappen/ec/dpi600\ecss1000.pk> <C:\Users\Admin
istrator\AppData\Local\MiKTeX\fonts/pk/ljfour/jknappen/ec/dpi600\ecsx1728.pk> <
C:\Users\Administrator\AppData\Local\MiKTeX\fonts/pk/ljfour/jknappen/ec/dpi600\
ecsx1000.pk> <C:\Users\Administrator\AppData\Local\MiKTeX\fonts/pk/ljfour/jknap
pen/ec/dpi525\ecss0800.pk> <C:\Users\Administrator\AppData\Local\MiKTeX\fonts/p
k/ljfour/jknappen/ec/dpi525\ecsi0800.pk><C:/Program Files/MiKTeX/fonts/type1/pu
blic/amsfonts/cm/cmbx10.pfb><C:/Program Files/MiKTeX/fonts/type1/public/amsfont
s/cm/cmex10.pfb><C:/Program Files/MiKTeX/fonts/type1/public/amsfonts/cmextra/cm
ex8.pfb><C:/Program Files/MiKTeX/fonts/type1/public/amsfonts/cm/cmmi10.pfb><C:/
Program Files/MiKTeX/fonts/type1/public/amsfonts/cm/cmr10.pfb><C:/Program Files
/MiKTeX/fonts/type1/public/amsfonts/cm/cmsy10.pfb><C:/Program Files/MiKTeX/font
s/type1/public/amsfonts/cm/cmsy6.pfb><C:/Program Files/MiKTeX/fonts/type1/publi
c/amsfonts/cm/cmsy8.pfb><C:/Program Files/MiKTeX/fonts/type1/public/amsfonts/cm
/cmsy9.pfb><C:/Program Files/MiKTeX/fonts/type1/public/amsfonts/euler/eufm10.pf
b><C:/Program Files/MiKTeX/fonts/type1/public/amsfonts/euler/eurm10.pfb><C:/Pro
gram Files/MiKTeX/fonts/type1/public/amsfonts/euler/eurm7.pfb><C:/Users/Adminis
trator/AppData/Roaming/MiKTeX/fonts/type1/public/fbb/fbb-Bold.pfb><C:/Users/Adm
inistrator/AppData/Roaming/MiKTeX/fonts/type1/public/fbb/fbb-BoldItalic.pfb><C:
/Users/Administrator/AppData/Roaming/MiKTeX/fonts/type1/public/fbb/fbb-Italic.p
fb><C:/Users/Administrator/AppData/Roaming/MiKTeX/fonts/type1/public/fbb/fbb-Re
gular.pfb><C:/Program Files/MiKTeX/fonts/type1/public/amsfonts/symbols/msam10.p
fb><C:/Program Files/MiKTeX/fonts/type1/public/amsfonts/symbols/msbm10.pfb>
Output written on paper2a.pdf (37 pages, 1110929 bytes).
PDF statistics:
 2494 PDF objects out of 2984 (max. 8388607)
 530 named destinations out of 1000 (max. 500000)
 25242 words of extra memory for PDF output out of 29859 (max. 10000000)

