This is pdfTeX, Version 3.141592653-2.6-1.40.27 (MiKTeX 25.4) (preloaded format=pdflatex 2025.11.13)  27 APR 2026 01:14
entering extended mode
 restricted \write18 enabled.
 file:line:error style messages enabled.
 %&-line parsing enabled.
**"e:/Core/Main Directory/Paper Series/Draft/main.tex"
(e:/Core/Main Directory/Paper Series/Draft/main.tex
LaTeX2e <2025-06-01>
L3 programming layer <2025-05-26>
(D:\MikTek\tex/latex/memoir\memoir.cls
Document Class: memoir 2025/03/10 v3.8.3b configurable book, report, article document class
(D:\MikTek\tex/latex/xpatch\xpatch.sty (D:\MikTek\tex/latex/l3kernel\expl3.sty
Package: expl3 2025-05-26 L3 programming layer (loader) 
 (D:\MikTek\tex/latex/l3backend\l3backend-pdftex.def
File: l3backend-pdftex.def 2025-04-14 L3 backend support: PDF output (pdfTeX)
\l__color_backend_stack_int=\count275
))
Package: xpatch 2020/03/25 v0.3a Extending etoolbox patching commands
 (D:\MikTek\tex/latex/l3packages/xparse\xparse.sty
Package: xparse 2024-08-16 L3 Experimental document command parser
) (D:\MikTek\tex/latex/etoolbox\etoolbox.sty
Package: etoolbox 2025/02/11 v2.5l e-TeX tools for LaTeX (JAW)
\etb@tempcnta=\count276
))
\onelineskip=\skip49
\lxvchars=\skip50
\xlvchars=\skip51
\@memcnta=\count277
\c@@memmarkcntra=\count278
 (D:\MikTek\tex/generic/iftex\iftex.sty
Package: iftex 2024/12/12 v1.0g TeX engine tests
)
\trimtop=\skip52
\trimedge=\skip53
 (D:\MikTek\tex/latex/memoir\mem10.clo
File: mem10.clo 2022/07/29 v0.5 memoir class 10pt size option
)
\binding=\skip54
\spinemargin=\skip55
\foremargin=\skip56
\uppermargin=\skip57
\lowermargin=\skip58
\headdrop=\skip59
\normalrulethickness=\skip60
\mem@maxheadheight=\skip61
\mem@maxfootheight=\skip62
\headwidth=\skip63
\c@storedpagenumber=\count279
\memPD=\dimen148
\m@mabparskip=\skip64
\thanksmarkwidth=\skip65
\thanksmarksep=\skip66
\droptitle=\skip67
\c@book=\count280
\c@part=\count281
\c@chapter=\count282
\c@section=\count283
\c@subsection=\count284
\c@subsubsection=\count285
\c@paragraph=\count286
\c@subparagraph=\count287
\beforechapskip=\skip68
\midchapskip=\skip69
\afterchapskip=\skip70
\chapindent=\skip71
\bottomsectionskip=\skip72
\secindent=\skip73
\beforesecskip=\skip74
\aftersecskip=\skip75
\subsecindent=\skip76
\beforesubsecskip=\skip77
\aftersubsecskip=\skip78
\subsubsecindent=\skip79
\beforesubsubsecskip=\skip80
\aftersubsubsecskip=\skip81
\paraindent=\skip82
\beforeparaskip=\skip83
\afterparaskip=\skip84
\subparaindent=\skip85
\beforesubparaskip=\skip86
\aftersubparaskip=\skip87
\pfbreakskip=\skip88
\c@@ppsavesec=\count288
\c@@ppsaveapp=\count289
\ragrparindent=\dimen149
\everylistparindent=\dimen150
\parsepi=\skip89
\topsepi=\skip90
\itemsepi=\skip91
\parsepii=\skip92
\topsepii=\skip93
\topsepiii=\skip94
\itemsepii=\skip95
\itemsepiii=\skip96
\partopsepii=\skip97
\partopsepiii=\skip98
\m@msavetopsep=\skip99
\m@msavepartopsep=\skip100
\@enLab=\toks17
\abstitleskip=\skip101
\absleftindent=\skip102
\abs@leftindent=\dimen151
\absrightindent=\skip103
\absparindent=\skip104
\absparsep=\skip105
\c@vslineno=\count290
\c@poemline=\count291
\c@modulo@vs=\count292
\c@memfvsline=\count293
\vleftskip=\skip106
\vrightskip=\skip107
\stanzaskip=\skip108
\versewidth=\skip109
\vgap=\skip110
\vindent=\skip111
\vleftmargin=\dimen152
\c@verse=\count294
\c@chrsinstr=\count295
\beforepoemtitleskip=\skip112
\afterpoemtitleskip=\skip113
\c@poem=\count296
\beforePoemTitleskip=\skip114
\midPoemTitleskip=\skip115
\afterPoemTitleskip=\skip116
 (D:\MikTek\tex/latex/tools\array.sty
Package: array 2025/05/19 v2.6i Tabular extension package (FMi)
\col@sep=\dimen153
\ar@mcellbox=\box53
\extrarowheight=\dimen154
\NC@list=\toks18
\extratabsurround=\skip117
\backup@length=\skip118
\ar@cellbox=\box54
) (D:\MikTek\tex/latex/tools\dcolumn.sty
Package: dcolumn 2023/07/08 v1.06 decimal alignment package (DPC)
) (D:\MikTek\tex/latex/tools\delarray.sty
Package: delarray 2014/10/28 v1.01 array delimiter package (DPC)
) (D:\MikTek\tex/latex/tools\tabularx.sty
Package: tabularx 2023/12/11 v2.12a `tabularx' package (DPC)
\TX@col@width=\dimen155
\TX@old@table=\dimen156
\TX@old@col=\dimen157
\TX@target=\dimen158
\TX@delta=\dimen159
\TX@cols=\count297
\TX@ftn=\toks19
) (D:\MikTek\tex/latex/booktabs\booktabs.sty
Package: booktabs 2020/01/12 v1.61803398 Publication quality tables
\heavyrulewidth=\dimen160
\lightrulewidth=\dimen161
\cmidrulewidth=\dimen162
\belowrulesep=\dimen163
\belowbottomsep=\dimen164
\aboverulesep=\dimen165
\abovetopsep=\dimen166
\cmidrulesep=\dimen167
\cmidrulekern=\dimen168
\defaultaddspace=\dimen169
\@cmidla=\count298
\@cmidlb=\count299
\@aboverulesep=\dimen170
\@belowrulesep=\dimen171
\@thisruleclass=\count300
\@lastruleclass=\count301
\@thisrulewidth=\dimen172
)
\ctableftskip=\skip119
\ctabrightskip=\skip120
\abovecolumnspenalty=\count302
\@linestogo=\count303
\@cellstogo=\count304
\@cellsincolumn=\count305
\crtok=\toks20
\@mincolumnwidth=\dimen173
\c@newflo@tctr=\count306
\mem@margin@floatbox=\box55
\@contcwidth=\skip121
\@contindw=\skip122
\abovecaptionskip=\skip123
\belowcaptionskip=\skip124
\subfloattopskip=\skip125
\subfloatcapskip=\skip126
\subfloatcaptopadj=\skip127
\subfloatbottomskip=\skip128
\subfloatlabelskip=\skip129
\subfloatcapmargin=\dimen174
\c@@contsubnum=\count307
\m@mscap@capbox=\box56
\m@mscap@fbox=\box57
\sidecapsep=\dimen175
\sidecapwidth=\dimen176
\m@m@tempdima=\dimen177
\m@mscapraise=\dimen178
\sidecapraise=\dimen179
\m@mscapmainwidth=\dimen180
\m@mscaplkern=\dimen181
\beforeepigraphskip=\skip130
\afterepigraphskip=\skip131
\epigraphwidth=\skip132
\epigraphrule=\skip133
LaTeX Info: Redefining \em on input line 7017.
LaTeX Info: Redefining \emph on input line 7025.
 (D:\MikTek\tex/latex/hyperref\nameref.sty
Package: nameref 2023-11-26 v2.56 Cross-referencing by name of section
 (D:\MikTek\tex/latex/refcount\refcount.sty
Package: refcount 2019/12/15 v3.6 Data extraction from label references (HO)
 (D:\MikTek\tex/generic/ltxcmds\ltxcmds.sty
Package: ltxcmds 2023-12-04 v1.26 LaTeX kernel commands for general use (HO)
) (D:\MikTek\tex/generic/infwarerr\infwarerr.sty
Package: infwarerr 2019/12/03 v1.5 Providing info/warning/error messages (HO)
)) (D:\MikTek\tex/generic/gettitlestring\gettitlestring.sty
Package: gettitlestring 2019/12/15 v1.6 Cleanup title references (HO)
 (D:\MikTek\tex/latex/kvoptions\kvoptions.sty
Package: kvoptions 2022-06-15 v3.15 Key value format for package options (HO)
 (D:\MikTek\tex/latex/graphics\keyval.sty
Package: keyval 2022/05/29 v1.15 key=value parser (DPC)
\KV@toks@=\toks21
) (D:\MikTek\tex/latex/kvsetkeys\kvsetkeys.sty
Package: kvsetkeys 2022-10-05 v1.19 Key value parser (HO)
)))
\c@section@level=\count308
)
\tocentryskip=\skip134
\tocbaseline=\skip135
\cftparskip=\skip136
\cftbeforebookskip=\skip137
\cftbookindent=\dimen182
\cftbooknumwidth=\dimen183
\cftbeforepartskip=\skip138
\cftpartindent=\skip139
\cftpartnumwidth=\skip140
\cftbeforechapterskip=\skip141
\cftchapterindent=\skip142
\cftchapternumwidth=\skip143
\cftbeforesectionskip=\skip144
\cftsectionindent=\skip145
\cftsectionnumwidth=\skip146
\cftbeforesubsectionskip=\skip147
\cftsubsectionindent=\skip148
\cftsubsectionnumwidth=\skip149
\cftbeforesubsubsectionskip=\skip150
\cftsubsubsectionindent=\skip151
\cftsubsubsectionnumwidth=\skip152
\cftbeforeparagraphskip=\skip153
\cftparagraphindent=\skip154
\cftparagraphnumwidth=\skip155
\cftbeforesubparagraphskip=\skip156
\cftsubparagraphindent=\skip157
\cftsubparagraphnumwidth=\skip158
\prechapterprecisshift=\dimen184
\c@maxsecnumdepth=\count309
\bibindent=\dimen185
\bibitemsep=\skip159
\indexcolsep=\skip160
\indexrule=\skip161
\indexmarkstyle=\toks22
\@indexbox=\insert252
LaTeX Info: Redefining \raggedbottom on input line 8108.
LaTeX Info: Redefining \flushbottom on input line 8112.
\glossarycolsep=\dimen186
\glossaryrule=\dimen187
\sideparvshift=\skip162
\sideins=\insert251
\sidebartopsep=\skip163
\sidebarhsep=\skip164
\sidebarvsep=\skip165
\sidebarwidth=\skip166
\footmarkwidth=\skip167
\footmarksep=\skip168
\footparindent=\skip169
\footinsdim=\skip170
\footinsv@r=\insert250
\@mpfootinsv@r=\insert249
\m@m@k=\count310
\m@m@h=\dimen188
\m@mipn@skip=\skip171
\sidefootins=\insert248
\sidefootadjust=\skip172
\sidefootheight=\skip173
\sidefoothsep=\skip174
\sidefootvsep=\skip175
\sidefootwidth=\skip176
\m@mdownsf=\skip177
\c@sidefootnote=\count311
\sidefootmarkwidth=\skip178
\sidefootmarksep=\skip179
\sidefootparindent=\skip180
\c@pagenote=\count312

patch 2 for \immediateaddtocontents failed
\c@pagenoteshadow=\count313
\mem@pn@lastkern=\skip181
(D:\MikTek\tex/latex/tools\verbatim.sty
Package: verbatim 2024-01-22 v1.5x LaTeX2e package for verbatim enhancements
\every@verbatim=\toks23
\verbatim@line=\toks24
\verbatim@in@stream=\read2
)
\verbatimindent=\skip182
\verbatim@out=\write3
 (D:\MikTek\tex/latex/base\shortvrb.sty
Package: shortvrb 2024/12/25 v3.0q Standard LaTeX documentation package V3 (FMi)
)
\bvboxsep=\skip183
\c@memfbvline=\count314
\c@bvlinectr=\count315
\bvnumlength=\skip184
\fb@frw=\dimen189
\fb@frh=\dimen190
\FrameRule=\dimen191
\FrameSep=\dimen192
\c@cp@cntr=\count316
\c@ism@mctr=\count317
\c@xsm@mctr=\count318
\c@csm@mctr=\count319
\c@ksm@mctr=\count320
\c@xksm@mctr=\count321
\c@cksm@mctr=\count322
\c@msm@mctr=\count323
\c@xmsm@mctr=\count324
\c@cmsm@mctr=\count325
\c@bsm@mctr=\count326
\c@workm@mctr=\count327
\c@sheetsequence=\count328
\c@lastsheet=\count329
\c@lastpage=\count330
 (D:\MikTek\tex/latex/textcase\textcase.sty
Package: textcase 2025/02/16 v1.05 Text only upper/lower case changing (DPC)
Package textcase Info: Defining Legacy names on input line 20.
)
\c@figure=\count331
\c@lofdepth=\count332
\cftbeforefigureskip=\skip185
\cftfigureindent=\skip186
\cftfigurenumwidth=\skip187
\c@table=\count333
\c@lotdepth=\count334
\cftbeforetableskip=\skip188
\cfttableindent=\skip189
\cfttablenumwidth=\skip190
Package abstract [2008/07/23] emulated by memoir.
Package appendix [2008/07/23] emulated by memoir.
Package ccaption [2008/07/23] emulated by memoir.
Package changepage [2008/07/23] emulated by memoir.
Package chngcntr [2008/07/23] emulated by memoir.
Package chngpage [2008/07/23] emulated by memoir.
Package crop emulated by memoir.
Package enumerate [2008/07/23] emulated by memoir.
Package epigraph [2008/07/23] emulated by memoir.
Package ifmtarg [2008/07/23] emulated by memoir.
Package index [2008/07/23] emulated by memoir.
Package makeidx [2008/07/23] emulated by memoir.
Package moreverb [2008/07/23] emulated by memoir.
Package needspace [2008/07/23] emulated by memoir.
Package newfile [2008/07/23] emulated by memoir.
Package nextpage [2008/07/23] emulated by memoir.
Package pagenote [2008/07/23] emulated by memoir.
Package parskip [2008/07/23] emulated by memoir.
Package patchcmd [2008/07/23] emulated by memoir.
Package setspace [2008/07/23] emulated by memoir.
Package showidx [2008/07/23] emulated by memoir.
Package titleref [2008/07/23] emulated by memoir.
Package titling [2008/07/23] emulated by memoir.
Package tocbibind [2008/07/23] emulated by memoir.
Package tocloft [2008/07/23] emulated by memoir.
Package tocvsec2 [2008/07/23] emulated by memoir.
Package verse [2008/07/23] emulated by memoir.
) (setting/package.tex (D:\MikTek\tex/latex/etbb\ETbb.sty
Package: ETbb 2022/02/01 v1.052. Style file for ETbb.
 (D:\MikTek\tex/latex/base\fontenc.sty
Package: fontenc 2024/12/21 v2.1c Standard LaTeX package
 (D:\MikTek\tex/latex/ly1\ly1enc.def
File: ly1enc.def 2022/06/11 v0.8 TeX 'n ANSI encoding (DPC/KB)
Now handling font encoding LY1 ...
... processing UTF-8 mapping file for font encoding LY1
 (D:\MikTek\tex/latex/base\ly1enc.dfu
File: ly1enc.dfu 2022/06/07 v1.3c UTF-8 support
   defining Unicode char U+00A0 (decimal 160)
   defining Unicode char U+00A1 (decimal 161)
   defining Unicode char U+00A2 (decimal 162)
   defining Unicode char U+00A3 (decimal 163)
   defining Unicode char U+00A4 (decimal 164)
   defining Unicode char U+00A5 (decimal 165)
   defining Unicode char U+00A6 (decimal 166)
   defining Unicode char U+00A7 (decimal 167)
   defining Unicode char U+00AA (decimal 170)
   defining Unicode char U+00AB (decimal 171)
   defining Unicode char U+00AD (decimal 173)
   defining Unicode char U+00AE (decimal 174)
   defining Unicode char U+00B0 (decimal 176)
   defining Unicode char U+00B5 (decimal 181)
   defining Unicode char U+00B6 (decimal 182)
   defining Unicode char U+00B7 (decimal 183)
   defining Unicode char U+00BA (decimal 186)
   defining Unicode char U+00BB (decimal 187)
   defining Unicode char U+00BC (decimal 188)
   defining Unicode char U+00BD (decimal 189)
   defining Unicode char U+00BE (decimal 190)
   defining Unicode char U+00BF (decimal 191)
   defining Unicode char U+00C0 (decimal 192)
   defining Unicode char U+00C1 (decimal 193)
   defining Unicode char U+00C2 (decimal 194)
   defining Unicode char U+00C3 (decimal 195)
   defining Unicode char U+00C4 (decimal 196)
   defining Unicode char U+00C5 (decimal 197)
   defining Unicode char U+00C6 (decimal 198)
   defining Unicode char U+00C7 (decimal 199)
   defining Unicode char U+00C8 (decimal 200)
   defining Unicode char U+00C9 (decimal 201)
   defining Unicode char U+00CA (decimal 202)
   defining Unicode char U+00CB (decimal 203)
   defining Unicode char U+00CC (decimal 204)
   defining Unicode char U+00CD (decimal 205)
   defining Unicode char U+00CE (decimal 206)
   defining Unicode char U+00CF (decimal 207)
   defining Unicode char U+00D0 (decimal 208)
   defining Unicode char U+00D1 (decimal 209)
   defining Unicode char U+00D2 (decimal 210)
   defining Unicode char U+00D3 (decimal 211)
   defining Unicode char U+00D4 (decimal 212)
   defining Unicode char U+00D5 (decimal 213)
   defining Unicode char U+00D6 (decimal 214)
   defining Unicode char U+00D8 (decimal 216)
   defining Unicode char U+00D9 (decimal 217)
   defining Unicode char U+00DA (decimal 218)
   defining Unicode char U+00DB (decimal 219)
   defining Unicode char U+00DC (decimal 220)
   defining Unicode char U+00DD (decimal 221)
   defining Unicode char U+00DE (decimal 222)
   defining Unicode char U+00DF (decimal 223)
   defining Unicode char U+00E0 (decimal 224)
   defining Unicode char U+00E1 (decimal 225)
   defining Unicode char U+00E2 (decimal 226)
   defining Unicode char U+00E3 (decimal 227)
   defining Unicode char U+00E4 (decimal 228)
   defining Unicode char U+00E5 (decimal 229)
   defining Unicode char U+00E6 (decimal 230)
   defining Unicode char U+00E7 (decimal 231)
   defining Unicode char U+00E8 (decimal 232)
   defining Unicode char U+00E9 (decimal 233)
   defining Unicode char U+00EA (decimal 234)
   defining Unicode char U+00EB (decimal 235)
   defining Unicode char U+00EC (decimal 236)
   defining Unicode char U+00ED (decimal 237)
   defining Unicode char U+00EE (decimal 238)
   defining Unicode char U+00EF (decimal 239)
   defining Unicode char U+00F0 (decimal 240)
   defining Unicode char U+00F1 (decimal 241)
   defining Unicode char U+00F2 (decimal 242)
   defining Unicode char U+00F3 (decimal 243)
   defining Unicode char U+00F4 (decimal 244)
   defining Unicode char U+00F5 (decimal 245)
   defining Unicode char U+00F6 (decimal 246)
   defining Unicode char U+00F8 (decimal 248)
   defining Unicode char U+00F9 (decimal 249)
   defining Unicode char U+00FA (decimal 250)
   defining Unicode char U+00FB (decimal 251)
   defining Unicode char U+00FC (decimal 252)
   defining Unicode char U+00FD (decimal 253)
   defining Unicode char U+00FE (decimal 254)
   defining Unicode char U+00FF (decimal 255)
   defining Unicode char U+0131 (decimal 305)
   defining Unicode char U+0141 (decimal 321)
   defining Unicode char U+0142 (decimal 322)
   defining Unicode char U+0152 (decimal 338)
   defining Unicode char U+0153 (decimal 339)
   defining Unicode char U+0160 (decimal 352)
   defining Unicode char U+0161 (decimal 353)
   defining Unicode char U+0174 (decimal 372)
   defining Unicode char U+0175 (decimal 373)
   defining Unicode char U+0176 (decimal 374)
   defining Unicode char U+0177 (decimal 375)
   defining Unicode char U+0178 (decimal 376)
   defining Unicode char U+017D (decimal 381)
   defining Unicode char U+017E (decimal 382)
   defining Unicode char U+0192 (decimal 402)
   defining Unicode char U+0218 (decimal 536)
   defining Unicode char U+0219 (decimal 537)
   defining Unicode char U+021A (decimal 538)
   defining Unicode char U+021B (decimal 539)
   defining Unicode char U+0237 (decimal 567)
   defining Unicode char U+02C6 (decimal 710)
   defining Unicode char U+02DC (decimal 732)
   defining Unicode char U+2013 (decimal 8211)
   defining Unicode char U+2014 (decimal 8212)
   defining Unicode char U+201C (decimal 8220)
   defining Unicode char U+201D (decimal 8221)
   defining Unicode char U+2020 (decimal 8224)
   defining Unicode char U+2021 (decimal 8225)
   defining Unicode char U+2022 (decimal 8226)
   defining Unicode char U+2026 (decimal 8230)
   defining Unicode char U+2030 (decimal 8240)
   defining Unicode char U+2039 (decimal 8249)
   defining Unicode char U+203A (decimal 8250)
   defining Unicode char U+2122 (decimal 8482)
   defining Unicode char U+FB00 (decimal 64256)
   defining Unicode char U+FB01 (decimal 64257)
   defining Unicode char U+FB02 (decimal 64258)
   defining Unicode char U+FB03 (decimal 64259)
   defining Unicode char U+FB04 (decimal 64260)
   defining Unicode char U+FB05 (decimal 64261)
   defining Unicode char U+FB06 (decimal 64262)
))) (D:\MikTek\tex/latex/base\textcomp.sty
Package: textcomp 2024/04/24 v2.1b Standard LaTeX package
LaTeX Font Info:    Changing ? sub-encoding to TS1/0 on input line 75.
) (D:\MikTek\tex/generic/iftex\ifetex.sty
Package: ifetex 2019/10/25 v1.3 ifetex legacy package. Use iftex instead.
) (D:\MikTek\tex/latex/xstring\xstring.sty (D:\MikTek\tex/generic/xstring\xstring.tex
\xs_counta=\count335
\xs_countb=\count336
)
Package: xstring 2023/08/22 v1.86 String manipulations (CT)
) (D:\MikTek\tex/latex/base\ifthen.sty
Package: ifthen 2024/03/16 v1.1e Standard LaTeX ifthen package (DPC)
) (D:\MikTek\tex/latex/carlisle\scalefnt.sty) (D:\MikTek\tex/latex/fontaxes\fontaxes.sty
Package: fontaxes 2025-05-24 v2.0.1 Font selection axes (deprecated)
 (D:\MikTek\tex/latex/figureversions\figureversions.sty
Package: figureversions 2025-04-29 v1.0.1 Figure versions
))
LaTeX Info: Redefining \swshape on input line 47.


Package fontaxes Warning: Axis `shape` not supported for command
(fontaxes)                \fa@naming@exception on line 47


Package fontaxes Warning: Axis `shape` not supported for command
(fontaxes)                \fa@naming@exception on line 47

(D:\MikTek\tex/latex/xkeyval\xkeyval.sty
Package: xkeyval 2022/06/16 v2.9 package option processing (HA)
 (D:\MikTek\tex/generic/xkeyval\xkeyval.tex (D:\MikTek\tex/generic/xkeyval\xkvutils.tex
\XKV@toks=\toks25
\XKV@tempa@toks=\toks26
)
\XKV@depth=\count337
File: xkeyval.tex 2014/12/03 v2.7a key=value parser (HA)
))
LaTeX Encoding Info:    Redeclaring text command \textcircled (encoding TS1) on input line 126.
) (D:\MikTek\tex/latex/crop\crop.sty
Package: crop 2017/11/19 1.10 crop marks (mf)
 (D:\MikTek\tex/generic/iftex\ifluatex.sty
Package: ifluatex 2019/10/25 v1.5 ifluatex legacy package. Use iftex instead.
)
\CROP@index=\count338
 (D:\MikTek\tex/latex/graphics\color.sty
Package: color 2025/01/14 v1.3e Standard LaTeX Color (DPC)
 (D:\MikTek\tex/latex/graphics-cfg\color.cfg
File: color.cfg 2016/01/02 v1.6 sample color configuration
)
Package color Info: Driver file: pdftex.def on input line 149.
 (D:\MikTek\tex/latex/graphics-def\pdftex.def
File: pdftex.def 2024/04/13 v1.2c Graphics/color driver for pdftex
) (D:\MikTek\tex/latex/graphics\mathcolor.ltx)) (D:\MikTek\tex/latex/graphics\graphics.sty
Package: graphics 2024/08/06 v1.4g Standard LaTeX Graphics (DPC,SPQR)
 (D:\MikTek\tex/latex/graphics\trig.sty
Package: trig 2023/12/02 v1.11 sin cos tan (DPC)
) (D:\MikTek\tex/latex/graphics-cfg\graphics.cfg
File: graphics.cfg 2016/06/04 v1.11 sample graphics configuration
)
Package graphics Info: Driver file: pdftex.def on input line 106.
)
\CROP@offset=\count339
Package crop Info: Local config file crop.cfg used on input line 622.
 (D:\MikTek\tex/xelatex/xetexconfig\crop.cfg))
==> First Aid for crop.sty applied!

Class memoir Warning: The titlesec package is not recommended with memoir.
(memoir)              With it we loose some of the features provides by the
(memoir)              class. We provide our own interface to adjust how 
(memoir)              sections and chapters should look like.
(memoir)              See the manual sections 6.4 through 6.6 for details.  on input line 9.

(D:\MikTek\tex/latex/titlesec\titlesec.sty
Package: titlesec 2025/01/04 v2.17 Sectioning titles
\ttl@box=\box58
\beforetitleunit=\skip191
\aftertitleunit=\skip192
\ttl@plus=\dimen193
\ttl@minus=\dimen194
\ttl@toksa=\toks27
\titlewidth=\dimen195
\titlewidthlast=\dimen196
\titlewidthfirst=\dimen197
) (D:\MikTek\tex/latex/amsmath\amsbsy.sty
Package: amsbsy 1999/11/29 v1.2d Bold Symbols
 (D:\MikTek\tex/latex/amsmath\amsgen.sty
File: amsgen.sty 1999/11/30 v2.0 generic functions
\@emptytoks=\toks28
\ex@=\dimen198
)
\pmbraise@=\dimen199
) (D:\MikTek\tex/latex/amsfonts\amssymb.sty
Package: amssymb 2013/01/14 v3.01 AMS font symbols
 (D:\MikTek\tex/latex/amsfonts\amsfonts.sty
Package: amsfonts 2013/01/14 v3.01 Basic AMSFonts support
\symAMSa=\mathgroup4
\symAMSb=\mathgroup5
LaTeX Font Info:    Redeclaring math symbol \hbar on input line 98.
LaTeX Font Info:    Overwriting math alphabet `\mathfrak' in version `bold'
(Font)                  U/euf/m/n --> U/euf/b/n on input line 106.
)) (D:\MikTek\tex/latex/amsmath\amsmath.sty
Package: amsmath 2025/05/18 v2.17x AMS math features
\@mathmargin=\skip193

For additional information on amsmath, use the `?' option.
(D:\MikTek\tex/latex/amsmath\amstext.sty
Package: amstext 2024/11/17 v2.01 AMS text
) (D:\MikTek\tex/latex/amsmath\amsopn.sty
Package: amsopn 2022/04/08 v2.04 operator names
)
\inf@bad=\count340
LaTeX Info: Redefining \frac on input line 233.
\uproot@=\count341
\leftroot@=\count342
LaTeX Info: Redefining \overline on input line 398.
LaTeX Info: Redefining \colon on input line 409.
\classnum@=\count343
\DOTSCASE@=\count344
LaTeX Info: Redefining \ldots on input line 495.
LaTeX Info: Redefining \dots on input line 498.
LaTeX Info: Redefining \cdots on input line 619.
\Mathstrutbox@=\box59
\strutbox@=\box60
LaTeX Info: Redefining \big on input line 721.
LaTeX Info: Redefining \Big on input line 722.
LaTeX Info: Redefining \bigg on input line 723.
LaTeX Info: Redefining \Bigg on input line 724.
\big@size=\dimen256
LaTeX Font Info:    Redeclaring font encoding OML on input line 742.
LaTeX Font Info:    Redeclaring font encoding OMS on input line 743.
\macc@depth=\count345
LaTeX Info: Redefining \bmod on input line 904.
LaTeX Info: Redefining \pmod on input line 909.
LaTeX Info: Redefining \smash on input line 939.
LaTeX Info: Redefining \relbar on input line 969.
LaTeX Info: Redefining \Relbar on input line 970.
\c@MaxMatrixCols=\count346
\dotsspace@=\muskip17
\c@parentequation=\count347
\dspbrk@lvl=\count348
\tag@help=\toks29
\row@=\count349
\column@=\count350
\maxfields@=\count351
\andhelp@=\toks30
\eqnshift@=\dimen257
\alignsep@=\dimen258
\tagshift@=\dimen259
\tagwidth@=\dimen260
\totwidth@=\dimen261
\lineht@=\dimen262
\@envbody=\toks31
\multlinegap=\skip194
\multlinetaggap=\skip195
\mathdisplay@stack=\toks32
LaTeX Info: Redefining \[ on input line 2949.
LaTeX Info: Redefining \] on input line 2950.
) (D:\MikTek\tex/latex/amscls\amsthm.sty
Package: amsthm 2020/05/29 v2.20.6
\thm@style=\toks33
\thm@bodyfont=\toks34
\thm@headfont=\toks35
\thm@notefont=\toks36
\thm@headpunct=\toks37
\thm@preskip=\skip196
\thm@postskip=\skip197
\thm@headsep=\skip198
\dth@everypar=\toks38
) (D:\MikTek\tex/latex/tikz-cd\tikz-cd.sty
Package: tikz-cd 2021/05/04 v1.0 Commutative diagrams with TikZ
 (D:\MikTek\tex/latex/pgf/frontendlayer\tikz.sty (D:\MikTek\tex/latex/pgf/basiclayer\pgf.sty (D:\MikTek\tex/latex/pgf/utilities\pgfrcs.sty (D:\MikTek\tex/generic/pgf/utilities\pgfutil-common.tex
\pgfutil@everybye=\toks39
\pgfutil@tempdima=\dimen263
\pgfutil@tempdimb=\dimen264
) (D:\MikTek\tex/generic/pgf/utilities\pgfutil-latex.def
\pgfutil@abb=\box61
) (D:\MikTek\tex/generic/pgf/utilities\pgfrcs.code.tex (D:\MikTek\tex/generic/pgf\pgf.revision.tex)
Package: pgfrcs 2023-01-15 v3.1.10 (3.1.10)
))
Package: pgf 2023-01-15 v3.1.10 (3.1.10)
 (D:\MikTek\tex/latex/pgf/basiclayer\pgfcore.sty (D:\MikTek\tex/latex/graphics\graphicx.sty
Package: graphicx 2024/12/31 v1.2e Enhanced LaTeX Graphics (DPC,SPQR)
\Gin@req@height=\dimen265
\Gin@req@width=\dimen266
) (D:\MikTek\tex/latex/pgf/systemlayer\pgfsys.sty (D:\MikTek\tex/generic/pgf/systemlayer\pgfsys.code.tex
Package: pgfsys 2023-01-15 v3.1.10 (3.1.10)
 (D:\MikTek\tex/generic/pgf/utilities\pgfkeys.code.tex
\pgfkeys@pathtoks=\toks40
\pgfkeys@temptoks=\toks41
 (D:\MikTek\tex/generic/pgf/utilities\pgfkeyslibraryfiltered.code.tex
\pgfkeys@tmptoks=\toks42
))
\pgf@x=\dimen267
\pgf@y=\dimen268
\pgf@xa=\dimen269
\pgf@ya=\dimen270
\pgf@xb=\dimen271
\pgf@yb=\dimen272
\pgf@xc=\dimen273
\pgf@yc=\dimen274
\pgf@xd=\dimen275
\pgf@yd=\dimen276
\w@pgf@writea=\write4
\r@pgf@reada=\read3
\c@pgf@counta=\count352
\c@pgf@countb=\count353
\c@pgf@countc=\count354
\c@pgf@countd=\count355
\t@pgf@toka=\toks43
\t@pgf@tokb=\toks44
\t@pgf@tokc=\toks45
\pgf@sys@id@count=\count356
 (D:\MikTek\tex/generic/pgf/systemlayer\pgf.cfg
File: pgf.cfg 2023-01-15 v3.1.10 (3.1.10)
)
Driver file for pgf: pgfsys-pdftex.def
 (D:\MikTek\tex/generic/pgf/systemlayer\pgfsys-pdftex.def
File: pgfsys-pdftex.def 2023-01-15 v3.1.10 (3.1.10)
 (D:\MikTek\tex/generic/pgf/systemlayer\pgfsys-common-pdf.def
File: pgfsys-common-pdf.def 2023-01-15 v3.1.10 (3.1.10)
))) (D:\MikTek\tex/generic/pgf/systemlayer\pgfsyssoftpath.code.tex
File: pgfsyssoftpath.code.tex 2023-01-15 v3.1.10 (3.1.10)
\pgfsyssoftpath@smallbuffer@items=\count357
\pgfsyssoftpath@bigbuffer@items=\count358
) (D:\MikTek\tex/generic/pgf/systemlayer\pgfsysprotocol.code.tex
File: pgfsysprotocol.code.tex 2023-01-15 v3.1.10 (3.1.10)
)) (D:\MikTek\tex/latex/xcolor\xcolor.sty
Package: xcolor 2024/09/29 v3.02 LaTeX color extensions (UK)
 (D:\MikTek\tex/latex/graphics-cfg\color.cfg
File: color.cfg 2016/01/02 v1.6 sample color configuration
)
Package xcolor Info: Driver file: pdftex.def on input line 274.
LaTeX Info: Redefining \color on input line 762.
 (D:\MikTek\tex/latex/graphics\mathcolor.ltx)
Package xcolor Info: Model `cmy' substituted by `cmy0' on input line 1349.
Package xcolor Info: Model `hsb' substituted by `rgb' on input line 1353.
Package xcolor Info: Model `RGB' extended on input line 1365.
Package xcolor Info: Model `HTML' substituted by `rgb' on input line 1367.
Package xcolor Info: Model `Hsb' substituted by `hsb' on input line 1368.
Package xcolor Info: Model `tHsb' substituted by `hsb' on input line 1369.
Package xcolor Info: Model `HSB' substituted by `hsb' on input line 1370.
Package xcolor Info: Model `Gray' substituted by `gray' on input line 1371.
Package xcolor Info: Model `wave' substituted by `hsb' on input line 1372.
) (D:\MikTek\tex/generic/pgf/basiclayer\pgfcore.code.tex
Package: pgfcore 2023-01-15 v3.1.10 (3.1.10)
 (D:\MikTek\tex/generic/pgf/math\pgfmath.code.tex (D:\MikTek\tex/generic/pgf/math\pgfmathutil.code.tex) (D:\MikTek\tex/generic/pgf/math\pgfmathparser.code.tex
\pgfmath@dimen=\dimen277
\pgfmath@count=\count359
\pgfmath@box=\box62
\pgfmath@toks=\toks46
\pgfmath@stack@operand=\toks47
\pgfmath@stack@operation=\toks48
) (D:\MikTek\tex/generic/pgf/math\pgfmathfunctions.code.tex) (D:\MikTek\tex/generic/pgf/math\pgfmathfunctions.basic.code.tex) (D:\MikTek\tex/generic/pgf/math\pgfmathfunctions.trigonometric.code.tex) (D:\MikTek\tex/generic/pgf/math\pgfmathfunctions.random.code.tex) (D:\MikTek\tex/generic/pgf/math\pgfmathfunctions.comparison.code.tex) (D:\MikTek\tex/generic/pgf/math\pgfmathfunctions.base.code.tex) (D:\MikTek\tex/generic/pgf/math\pgfmathfunctions.round.code.tex) (D:\MikTek\tex/generic/pgf/math\pgfmathfunctions.misc.code.tex) (D:\MikTek\tex/generic/pgf/math\pgfmathfunctions.integerarithmetics.code.tex) (D:\MikTek\tex/generic/pgf/math\pgfmathcalc.code.tex) (D:\MikTek\tex/generic/pgf/math\pgfmathfloat.code.tex
\c@pgfmathroundto@lastzeros=\count360
)) (D:\MikTek\tex/generic/pgf/math\pgfint.code.tex) (D:\MikTek\tex/generic/pgf/basiclayer\pgfcorepoints.code.tex
File: pgfcorepoints.code.tex 2023-01-15 v3.1.10 (3.1.10)
\pgf@picminx=\dimen278
\pgf@picmaxx=\dimen279
\pgf@picminy=\dimen280
\pgf@picmaxy=\dimen281
\pgf@pathminx=\dimen282
\pgf@pathmaxx=\dimen283
\pgf@pathminy=\dimen284
\pgf@pathmaxy=\dimen285
\pgf@xx=\dimen286
\pgf@xy=\dimen287
\pgf@yx=\dimen288
\pgf@yy=\dimen289
\pgf@zx=\dimen290
\pgf@zy=\dimen291
) (D:\MikTek\tex/generic/pgf/basiclayer\pgfcorepathconstruct.code.tex
File: pgfcorepathconstruct.code.tex 2023-01-15 v3.1.10 (3.1.10)
\pgf@path@lastx=\dimen292
\pgf@path@lasty=\dimen293
) (D:\MikTek\tex/generic/pgf/basiclayer\pgfcorepathusage.code.tex
File: pgfcorepathusage.code.tex 2023-01-15 v3.1.10 (3.1.10)
\pgf@shorten@end@additional=\dimen294
\pgf@shorten@start@additional=\dimen295
) (D:\MikTek\tex/generic/pgf/basiclayer\pgfcorescopes.code.tex
File: pgfcorescopes.code.tex 2023-01-15 v3.1.10 (3.1.10)
\pgfpic=\box63
\pgf@hbox=\box64
\pgf@layerbox@main=\box65
\pgf@picture@serial@count=\count361
) (D:\MikTek\tex/generic/pgf/basiclayer\pgfcoregraphicstate.code.tex
File: pgfcoregraphicstate.code.tex 2023-01-15 v3.1.10 (3.1.10)
\pgflinewidth=\dimen296
) (D:\MikTek\tex/generic/pgf/basiclayer\pgfcoretransformations.code.tex
File: pgfcoretransformations.code.tex 2023-01-15 v3.1.10 (3.1.10)
\pgf@pt@x=\dimen297
\pgf@pt@y=\dimen298
\pgf@pt@temp=\dimen299
) (D:\MikTek\tex/generic/pgf/basiclayer\pgfcorequick.code.tex
File: pgfcorequick.code.tex 2023-01-15 v3.1.10 (3.1.10)
) (D:\MikTek\tex/generic/pgf/basiclayer\pgfcoreobjects.code.tex
File: pgfcoreobjects.code.tex 2023-01-15 v3.1.10 (3.1.10)
) (D:\MikTek\tex/generic/pgf/basiclayer\pgfcorepathprocessing.code.tex
File: pgfcorepathprocessing.code.tex 2023-01-15 v3.1.10 (3.1.10)
) (D:\MikTek\tex/generic/pgf/basiclayer\pgfcorearrows.code.tex
File: pgfcorearrows.code.tex 2023-01-15 v3.1.10 (3.1.10)
\pgfarrowsep=\dimen300
) (D:\MikTek\tex/generic/pgf/basiclayer\pgfcoreshade.code.tex
File: pgfcoreshade.code.tex 2023-01-15 v3.1.10 (3.1.10)
\pgf@max=\dimen301
\pgf@sys@shading@range@num=\count362
\pgf@shadingcount=\count363
) (D:\MikTek\tex/generic/pgf/basiclayer\pgfcoreimage.code.tex
File: pgfcoreimage.code.tex 2023-01-15 v3.1.10 (3.1.10)
) (D:\MikTek\tex/generic/pgf/basiclayer\pgfcoreexternal.code.tex
File: pgfcoreexternal.code.tex 2023-01-15 v3.1.10 (3.1.10)
\pgfexternal@startupbox=\box66
) (D:\MikTek\tex/generic/pgf/basiclayer\pgfcorelayers.code.tex
File: pgfcorelayers.code.tex 2023-01-15 v3.1.10 (3.1.10)
) (D:\MikTek\tex/generic/pgf/basiclayer\pgfcoretransparency.code.tex
File: pgfcoretransparency.code.tex 2023-01-15 v3.1.10 (3.1.10)
) (D:\MikTek\tex/generic/pgf/basiclayer\pgfcorepatterns.code.tex
File: pgfcorepatterns.code.tex 2023-01-15 v3.1.10 (3.1.10)
) (D:\MikTek\tex/generic/pgf/basiclayer\pgfcorerdf.code.tex
File: pgfcorerdf.code.tex 2023-01-15 v3.1.10 (3.1.10)
))) (D:\MikTek\tex/generic/pgf/modules\pgfmoduleshapes.code.tex
File: pgfmoduleshapes.code.tex 2023-01-15 v3.1.10 (3.1.10)
\pgfnodeparttextbox=\box67
) (D:\MikTek\tex/generic/pgf/modules\pgfmoduleplot.code.tex
File: pgfmoduleplot.code.tex 2023-01-15 v3.1.10 (3.1.10)
) (D:\MikTek\tex/latex/pgf/compatibility\pgfcomp-version-0-65.sty
Package: pgfcomp-version-0-65 2023-01-15 v3.1.10 (3.1.10)
\pgf@nodesepstart=\dimen302
\pgf@nodesepend=\dimen303
) (D:\MikTek\tex/latex/pgf/compatibility\pgfcomp-version-1-18.sty
Package: pgfcomp-version-1-18 2023-01-15 v3.1.10 (3.1.10)
)) (D:\MikTek\tex/latex/pgf/utilities\pgffor.sty (D:\MikTek\tex/latex/pgf/utilities\pgfkeys.sty (D:\MikTek\tex/generic/pgf/utilities\pgfkeys.code.tex)) (D:\MikTek\tex/latex/pgf/math\pgfmath.sty (D:\MikTek\tex/generic/pgf/math\pgfmath.code.tex)) (D:\MikTek\tex/generic/pgf/utilities\pgffor.code.tex
Package: pgffor 2023-01-15 v3.1.10 (3.1.10)
\pgffor@iter=\dimen304
\pgffor@skip=\dimen305
\pgffor@stack=\toks49
\pgffor@toks=\toks50
)) (D:\MikTek\tex/generic/pgf/frontendlayer/tikz\tikz.code.tex
Package: tikz 2023-01-15 v3.1.10 (3.1.10)
 (D:\MikTek\tex/generic/pgf/libraries\pgflibraryplothandlers.code.tex
File: pgflibraryplothandlers.code.tex 2023-01-15 v3.1.10 (3.1.10)
\pgf@plot@mark@count=\count364
\pgfplotmarksize=\dimen306
)
\tikz@lastx=\dimen307
\tikz@lasty=\dimen308
\tikz@lastxsaved=\dimen309
\tikz@lastysaved=\dimen310
\tikz@lastmovetox=\dimen311
\tikz@lastmovetoy=\dimen312
\tikzleveldistance=\dimen313
\tikzsiblingdistance=\dimen314
\tikz@figbox=\box68
\tikz@figbox@bg=\box69
\tikz@tempbox=\box70
\tikz@tempbox@bg=\box71
\tikztreelevel=\count365
\tikznumberofchildren=\count366
\tikznumberofcurrentchild=\count367
\tikz@fig@count=\count368
 (D:\MikTek\tex/generic/pgf/modules\pgfmodulematrix.code.tex
File: pgfmodulematrix.code.tex 2023-01-15 v3.1.10 (3.1.10)
\pgfmatrixcurrentrow=\count369
\pgfmatrixcurrentcolumn=\count370
\pgf@matrix@numberofcolumns=\count371
)
\tikz@expandcount=\count372
 (D:\MikTek\tex/generic/pgf/frontendlayer/tikz/libraries\tikzlibrarytopaths.code.tex
File: tikzlibrarytopaths.code.tex 2023-01-15 v3.1.10 (3.1.10)
))) (D:\MikTek\tex/latex/tikz-cd\tikzlibrarycd.code.tex (D:\MikTek\tex/generic/pgf/frontendlayer/tikz/libraries\tikzlibrarymatrix.code.tex
File: tikzlibrarymatrix.code.tex 2023-01-15 v3.1.10 (3.1.10)
) (D:\MikTek\tex/generic/pgf/frontendlayer/tikz/libraries\tikzlibraryquotes.code.tex
File: tikzlibraryquotes.code.tex 2023-01-15 v3.1.10 (3.1.10)
) (D:\MikTek\tex/generic/pgf/libraries\pgflibraryarrows.meta.code.tex
File: pgflibraryarrows.meta.code.tex 2023-01-15 v3.1.10 (3.1.10)
\pgfarrowinset=\dimen315
\pgfarrowlength=\dimen316
\pgfarrowwidth=\dimen317
\pgfarrowlinewidth=\dimen318
))) (D:\MikTek\tex/latex/tikz-3dplot\tikz-3dplot.sty (D:\MikTek\tex/generic/pgf/frontendlayer/tikz/libraries\tikzlibrarycalc.code.tex
File: tikzlibrarycalc.code.tex 2023-01-15 v3.1.10 (3.1.10)
) (D:\MikTek\tex/generic/pgf/frontendlayer/tikz/libraries\tikzlibrary3d.code.tex
File: tikzlibrary3d.code.tex 2023-01-15 v3.1.10 (3.1.10)
) (D:\MikTek\tex/generic/pgf/frontendlayer/tikz/libraries\tikzlibraryarrows.code.tex
File: tikzlibraryarrows.code.tex 2023-01-15 v3.1.10 (3.1.10)
 (D:\MikTek\tex/generic/pgf/libraries\pgflibraryarrows.code.tex
File: pgflibraryarrows.code.tex 2023-01-15 v3.1.10 (3.1.10)
\arrowsize=\dimen319
))) (D:\MikTek\tex/latex/circuitikz\circuitikz.sty
Package: circuitikz 2025/05/25{} The CircuiTikz circuit drawing package version 1.8.0
 (D:\MikTek\tex/generic/pgf/frontendlayer/tikz/libraries\tikzlibrarybending.code.tex
File: tikzlibrarybending.code.tex 2023-01-15 v3.1.10 (3.1.10)
 (D:\MikTek\tex/generic/pgf/modules\pgfmodulebending.code.tex
File: pgfmodulebending.code.tex 2023-01-15 v3.1.10 (3.1.10)
 (D:\MikTek\tex/generic/pgf/modules\pgfmodulenonlineartransformations.code.tex
File: pgfmodulenonlineartransformations.code.tex 2023-01-15 v3.1.10 (3.1.10)
\pgftransformnonlinearflatness=\dimen320
) (D:\MikTek\tex/generic/pgf/libraries\pgflibrarycurvilinear.code.tex
File: pgflibrarycurvilinear.code.tex 2023-01-15 v3.1.10 (3.1.10)
\pgf@curvilinear@time@a=\dimen321
\pgf@curvilinear@length@a=\dimen322
\pgf@curvilinear@length@b=\dimen323
\pgf@curvilinear@length@c=\dimen324
\pgf@curvilinear@length@d=\dimen325
)
\pgf@arrows@the@rigidity=\dimen326
)) (D:\MikTek\tex/generic/pgf/frontendlayer/tikz/libraries\tikzlibraryfpu.code.tex (D:\MikTek\tex/generic/pgf/libraries\pgflibraryfpu.code.tex)) (D:\MikTek\tex/generic/circuitikz\pgfcirc.defines.tex
\pgf@circ@count@a=\count373
\pgf@circ@count@b=\count374
\pgf@circ@count@c=\count375
\pgf@circ@res@up=\dimen327
\pgf@circ@res@down=\dimen328
\pgf@circ@res@zero=\dimen329
\pgf@circ@res@left=\dimen330
\pgf@circ@res@right=\dimen331
\pgf@circ@res@other=\dimen332
\pgf@circ@res@step=\dimen333
\pgf@circ@res@temp=\dimen334
\pgf@circ@Rlen=\dimen335
\pgf@circ@scaled@Rlen=\dimen336
\pgfstartlinewidth=\dimen337
) (D:\MikTek\tex/generic/circuitikz\pgfcircutils.tex
\ctikz@scratchbox=\box72
) (D:\MikTek\tex/generic/circuitikz\pgfcircpath.tex) (D:\MikTek\tex/generic/circuitikz\pgfcircshapes.tex) (D:\MikTek\tex/generic/circuitikz\pgfcircmonopoles.tex) (D:\MikTek\tex/generic/circuitikz\pgfcircbipoles.tex) (D:\MikTek\tex/generic/circuitikz\pgfcirctripoles.tex
\pgf@circ@res@count=\count376
) (D:\MikTek\tex/generic/circuitikz\pgfcircquadpoles.tex) (D:\MikTek\tex/generic/circuitikz\pgfcircmultipoles.tex) (D:\MikTek\tex/generic/circuitikz\pgfcirclabel.tex) (D:\MikTek\tex/generic/circuitikz\pgfcircvoltage.tex
\pgfcirc@labelshift=\dimen338
) (D:\MikTek\tex/generic/circuitikz\pgfcirccurrent.tex) (D:\MikTek\tex/generic/circuitikz\pgfcircflow.tex)) (D:\MikTek\tex/latex/geometry\geometry.sty
Package: geometry 2020/01/02 v5.9 Page Geometry
 (D:\MikTek\tex/generic/iftex\ifvtex.sty
Package: ifvtex 2019/10/25 v1.7 ifvtex legacy package. Use iftex instead.
)
\Gm@cnth=\count377
\Gm@cntv=\count378
\c@Gm@tempcnt=\count379
\Gm@bindingoffset=\dimen339
\Gm@wd@mp=\dimen340
\Gm@odd@mp=\dimen341
\Gm@even@mp=\dimen342
\Gm@layoutwidth=\dimen343
\Gm@layoutheight=\dimen344
\Gm@layouthoffset=\dimen345
\Gm@layoutvoffset=\dimen346
\Gm@dimlist=\toks51
 (D:\MikTek\tex/latex/geometry\geometry.cfg)) (D:\MikTek\tex/latex/bbm\bbm.sty
Package: bbm 1999/03/15 V 1.2 provides fonts for set symbols - TH
LaTeX Font Info:    Overwriting math alphabet `\mathbbm' in version `bold'
(Font)                  U/bbm/m/n --> U/bbm/bx/n on input line 33.
LaTeX Font Info:    Overwriting math alphabet `\mathbbmss' in version `bold'
(Font)                  U/bbmss/m/n --> U/bbmss/bx/n on input line 35.
) (D:\MikTek\tex/latex/tools\bm.sty
Package: bm 2023/12/19 v1.2f Bold Symbol Support (DPC/FMi)
\symboldoperators=\mathgroup6
\symboldletters=\mathgroup7
\symboldsymbols=\mathgroup8
Package bm Info: No bold for \OMX/cmex/m/n, using \pmb.
Package bm Info: No bold for \U/msa/m/n, using \pmb.
Package bm Info: No bold for \U/msb/m/n, using \pmb.
LaTeX Font Info:    Redeclaring math alphabet \mathbf on input line 149.
) (D:\MikTek\tex/latex/tkz-tab\tkz-tab.sty
Package: tkz-tab 2020/04/29 v2.12c variations (ctan version)
 (D:\MikTek\tex/generic/pgf/frontendlayer/tikz/libraries\tikzlibrarypatterns.code.tex
File: tikzlibrarypatterns.code.tex 2023-01-15 v3.1.10 (3.1.10)
 (D:\MikTek\tex/generic/pgf/libraries\pgflibrarypatterns.code.tex
File: pgflibrarypatterns.code.tex 2023-01-15 v3.1.10 (3.1.10)
))
\tkz@XF=\dimen347
\tkz@YF=\dimen348
\c@tkz@cnt@line=\count380
\c@tkz@cnt@lg=\count381
\c@tkz@cnt@cl=\count382
\c@tkz@cnt@pred=\count383
\c@tkz@cnt@temp=\count384
\c@tkz@cnt@arrow=\count385
\c@tkz@cnt@zone=\count386
\c@tkz@cnt@lgnext=\count387
\c@tkz@cnt@clnext=\count388
\c@tkz@cnt@pair=\count389
\c@tkz@cnt@impair=\count390
\c@tkz@cnt@aw=\count391
) (D:\MikTek\tex/latex/enumitem\enumitem.sty
Package: enumitem 2025/02/06 v3.11 Customized lists
\labelindent=\skip199
\enit@outerparindent=\dimen349
\enit@toks=\toks52
\enit@inbox=\box73
\enit@count@id=\count392
\enitdp@description=\count393
)

Class memoir Warning: The fancyhdr package is not recommended with memoir.
(memoir)              We have our own well integrated interface to handle
(memoir)              headers and footers. See the manual section 7.3
(memoir)              onwards for details. on input line 19.

(D:\MikTek\tex/latex/fancyhdr\fancyhdr.sty
Package: fancyhdr 2025/02/07 v5.2 Extensive control of page headers and footers
\f@nch@headwidth=\skip256
\f@nch@offset@elh=\skip257
\f@nch@offset@erh=\skip258
\f@nch@offset@olh=\skip259
\f@nch@offset@orh=\skip260
\f@nch@offset@elf=\skip261
\f@nch@offset@erf=\skip262
\f@nch@offset@olf=\skip263
\f@nch@offset@orf=\skip264
\f@nch@height=\skip265
\f@nch@footalignment=\skip266
\f@nch@widthL=\skip267
\f@nch@widthC=\skip268
\f@nch@widthR=\skip269
\@temptokenb=\toks53
) (D:\MikTek\tex/latex/adjustbox\adjustbox.sty
Package: adjustbox 2025/02/26 v1.3c Adjusting TeX boxes (trim, clip, ...)
 (D:\MikTek\tex/latex/adjustbox\adjcalc.sty
Package: adjcalc 2012/05/16 v1.1 Provides advanced setlength with multiple back-ends (calc, etex, pgfmath)
) (D:\MikTek\tex/latex/adjustbox\trimclip.sty
Package: trimclip 2025/02/21 v1.2a Trim and clip general TeX material
 (D:\MikTek\tex/latex/collectbox\collectbox.sty
Package: collectbox 2022/10/17 v0.4c Collect macro arguments as boxes
\collectedbox=\box74
)
\tc@llx=\dimen350
\tc@lly=\dimen351
\tc@urx=\dimen352
\tc@ury=\dimen353
Package trimclip Info: Using driver 'tc-pdftex.def'.
 (D:\MikTek\tex/latex/adjustbox\tc-pdftex.def
File: tc-pdftex.def 2025/02/26 v2.3 Clipping driver for pdftex
))
\adjbox@Width=\dimen354
\adjbox@Height=\dimen355
\adjbox@Depth=\dimen356
\adjbox@Totalheight=\dimen357
\adjbox@pwidth=\dimen358
\adjbox@pheight=\dimen359
\adjbox@pdepth=\dimen360
\adjbox@ptotalheight=\dimen361
 (D:\MikTek\tex/latex/ifoddpage\ifoddpage.sty
Package: ifoddpage 2022/10/18 v1.2 Conditionals for odd/even page detection
\c@checkoddpage=\count394
LaTeX Info: Redefining \checkoddpage on input line 45.
) (D:\MikTek\tex/latex/varwidth\varwidth.sty
Package: varwidth 2009/03/30 ver 0.92;  Variable-width minipages
\@vwid@box=\box75
\sift@deathcycles=\count395
\@vwid@loff=\dimen362
\@vwid@roff=\dimen363
)
==> First Aid for varwidth.sty applied!
) (D:\MikTek\tex/latex/caption\caption.sty
Package: caption 2023/08/05 v3.6o Customizing captions (AR)
 (D:\MikTek\tex/latex/caption\caption3.sty
Package: caption3 2023/07/31 v2.4d caption3 kernel (AR)
\caption@tempdima=\dimen364
\captionmargin=\dimen365
\caption@leftmargin=\dimen366
\caption@rightmargin=\dimen367
\caption@width=\dimen368
\caption@indent=\dimen369
\caption@parindent=\dimen370
\caption@hangindent=\dimen371
Package caption Info: memoir document class detected.
 (D:\MikTek\tex/latex/caption\caption-memoir.sto
File: caption-memoir.sto 2023/09/08 v2.2c Adaption of the caption package to the memoir document class (AR)
))
\c@caption@flags=\count396
\c@continuedfloat=\count397
Package caption Info: changepage package is loaded.
\caption@adjustwidth@hsize=\dimen372
\caption@adjustwidth@linewidth=\dimen373
) (D:\MikTek\tex/latex/mathtools\mathtools.sty
Package: mathtools 2024/10/04 v1.31 mathematical typesetting tools
 (D:\MikTek\tex/latex/tools\calc.sty
Package: calc 2025/03/01 v4.3b Infix arithmetic (KKT,FJ)
\calc@Acount=\count398
\calc@Bcount=\count399
\calc@Adimen=\dimen374
\calc@Bdimen=\dimen375
\calc@Askip=\skip270
\calc@Bskip=\skip271
LaTeX Info: Redefining \setlength on input line 86.
LaTeX Info: Redefining \addtolength on input line 87.
\calc@Ccount=\count400
\calc@Cskip=\skip272
) (D:\MikTek\tex/latex/mathtools\mhsetup.sty
Package: mhsetup 2021/03/18 v1.4 programming setup (MH)
)
\g_MT_multlinerow_int=\count401
\l_MT_multwidth_dim=\dimen376
\origjot=\skip273
\l_MT_shortvdotswithinadjustabove_dim=\dimen377
\l_MT_shortvdotswithinadjustbelow_dim=\dimen378
\l_MT_above_intertext_sep=\dimen379
\l_MT_below_intertext_sep=\dimen380
\l_MT_above_shortintertext_sep=\dimen381
\l_MT_below_shortintertext_sep=\dimen382
\xmathstrut@box=\box76
\xmathstrut@dim=\dimen383
) (D:\MikTek\tex/latex/parnotes\parnotes.sty
Package: parnotes 2024/06/12 rev. 3c Notes after every paragraph, or elsewhere
\c@parnotemark=\count402
) (D:\MikTek\tex/latex/braket\braket.sty) (D:\MikTek\tex/latex/float\float.sty
Package: float 2001/11/08 v1.3d Float enhancements (AL)
\c@float@type=\count403
\float@exts=\toks54
\float@box=\box77
\@float@everytoks=\toks55
\@floatcapt=\box78
) (D:\MikTek\tex/latex/graphics\dvipsnam.def
File: dvipsnam.def 2016/06/17 v3.0m Driver-dependent file (DPC,SPQR)
) (D:\MikTek\tex/latex/xcolor\svgnam.def
File: svgnam.def 2024/09/29 v3.02 Predefined colors according to SVG 1.1 (UK)
) (D:\MikTek\tex/latex/xcolor\x11nam.def
File: x11nam.def 2024/09/29 v3.02 Predefined colors according to Unix/X11 (UK)
) (D:\MikTek\tex/latex/thmtools\thmtools.sty
Package: thmtools 2023/05/04 v0.76
\thmt@toks=\toks56
\c@thmt@dummyctr=\count404
 (D:\MikTek\tex/latex/thmtools\thm-patch.sty
Package: thm-patch 2023/05/04 v0.76
 (D:\MikTek\tex/latex/thmtools\parseargs.sty
Package: parseargs 2023/05/04 v0.76
\@parsespec=\toks57
)) (D:\MikTek\tex/latex/thmtools\thm-kv.sty
Package: thm-kv 2023/05/04 v0.76
Package thm-kv Info: Theorem names will be uppercased on input line 42.
Package thm-kv Info: kvsetkeys patch (v1.16 or later) on input line 158.
) (D:\MikTek\tex/latex/thmtools\thm-autoref.sty
Package: thm-autoref 2023/05/04 v0.76
 (D:\MikTek\tex/latex/thmtools\aliasctr.sty
Package: aliasctr 2023/05/04 v0.76
)) (D:\MikTek\tex/latex/thmtools\thm-listof.sty
Package: thm-listof 2023/05/04 v0.76
) (D:\MikTek\tex/latex/thmtools\thm-restate.sty
Package: thm-restate 2023/05/04 v0.76
) (D:\MikTek\tex/latex/thmtools\thm-amsthm.sty
Package: thm-amsthm 2023/05/04 v0.76
\thmt@style@headstyle=\toks58
)) (D:\MikTek\tex/latex/esvect\esvect.sty
Package: esvect 
\symesvector=\mathgroup9
) (D:\MikTek\tex/latex/nicematrix\nicematrix.sty
Package: nicematrix 2025/04/28 v7.1c Enhanced arrays with the help of PGF/TikZ
\l__nicematrix_tmpc_dim=\dimen384
\l__nicematrix_tmpd_dim=\dimen385
\l__nicematrix_tmpe_dim=\dimen386
\l__nicematrix_tmpf_dim=\dimen387
\l__nicematrix_tmpc_int=\count405
\g__nicematrix_env_int=\count406
\g__nicematrix_NiceMatrixBlock_int=\count407
\g__nicematrix_notes_caption_int=\count408
\l__nicematrix_columns_width_dim=\dimen388
\l__nicematrix_col_width_dim=\dimen389
\g__nicematrix_row_total_int=\count409
\g__nicematrix_col_total_int=\count410
\g__nicematrix_last_row_node_int=\count411
\l__nicematrix_key_nb_rows_int=\count412
\g__nicematrix_blocks_wd_dim=\dimen390
\g__nicematrix_blocks_ht_dim=\dimen391
\g__nicematrix_blocks_dp_dim=\dimen392
\l__nicematrix_width_dim=\dimen393
\l__nicematrix_tabular_width_dim=\dimen394
\l__nicematrix_rule_width_dim=\dimen395
\l__nicematrix_old_iRow_int=\count413
\l__nicematrix_old_jCol_int=\count414
\l__nicematrix_X_columns_dim=\dimen396
\l__nicematrix_x_initial_dim=\dimen397
\l__nicematrix_y_initial_dim=\dimen398
\l__nicematrix_x_final_dim=\dimen399
\l__nicematrix_y_final_dim=\dimen400
\g__nicematrix_dp_row_zero_dim=\dimen401
\g__nicematrix_ht_row_zero_dim=\dimen402
\g__nicematrix_ht_row_one_dim=\dimen403
\g__nicematrix_dp_ante_last_row_dim=\dimen404
\g__nicematrix_ht_last_row_dim=\dimen405
\g__nicematrix_dp_last_row_dim=\dimen406
\g__nicematrix_width_last_col_dim=\dimen407
\g__nicematrix_width_first_col_dim=\dimen408
\g__nicematrix_ddots_int=\count415
\g__nicematrix_iddots_int=\count416
\g__nicematrix_delta_x_one_dim=\dimen409
\g__nicematrix_delta_y_one_dim=\dimen410
\g__nicematrix_delta_x_two_dim=\dimen411
\g__nicematrix_delta_y_two_dim=\dimen412
\l__nicematrix_row_min_int=\count417
\l__nicematrix_row_max_int=\count418
\l__nicematrix_col_min_int=\count419
\l__nicematrix_col_max_int=\count420
\l__nicematrix_initial_i_int=\count421
\l__nicematrix_initial_j_int=\count422
\l__nicematrix_final_i_int=\count423
\l__nicematrix_final_j_int=\count424
\l__nicematrix_start_int=\count425
\l__nicematrix_end_int=\count426
\l__nicematrix_local_start_int=\count427
\l__nicematrix_local_end_int=\count428
\g__nicematrix_static_num_of_col_int=\count429
\l__nicematrix_rounded_corners_dim=\dimen413
\l__nicematrix_tab_rounded_corners_dim=\dimen414
\l__nicematrix_offset_dim=\dimen415
\l__nicematrix_line_width_dim=\dimen416
\g__nicematrix_block_box_int=\count430
\l__nicematrix_submatrix_extra_height_dim=\dimen417
\l__nicematrix_submatrix_left_xshift_dim=\dimen418
\l__nicematrix_submatrix_right_xshift_dim=\dimen419
\l__nicematrix_first_row_int=\count431
\l__nicematrix_first_col_int=\count432
\l__nicematrix_last_row_int=\count433
\l__nicematrix_last_col_int=\count434
\c@tabularnote=\count435
\g__nicematrix_tabularnote_int=\count436
\c@nicematrix_draft=\count437
\l__nicematrix_cell_space_top_limit_dim=\dimen420
\l__nicematrix_cell_space_bottom_limit_dim=\dimen421
\l__nicematrix_xdots_inter_dim=\dimen422
\l__nicematrix_xdots_shorten_start_dim=\dimen423
\l__nicematrix_xdots_shorten_end_dim=\dimen424
\l__nicematrix_xdots_radius_dim=\dimen425
\l__nicematrix_left_margin_dim=\dimen426
\l__nicematrix_right_margin_dim=\dimen427
\l__nicematrix_extra_left_margin_dim=\dimen428
\l__nicematrix_extra_right_margin_dim=\dimen429
\c__nicematrix_max_l_dim=\dimen430
\l__nicematrix_position_int=\count438
\l__nicematrix_multiplicity_int=\count439
\l__nicematrix_brace_yshift_dim=\dimen431
) (D:\MikTek\tex/latex/caption\subcaption.sty
Package: subcaption 2023/07/28 v1.6b Sub-captions (AR)
Package caption Info: New subtype `subfigure' on input line 238.
\c@subfigure=\count440
Package caption Info: New subtype `subtable' on input line 238.
\c@subtable=\count441
) (D:\MikTek\tex/latex/natbib\natbib.sty
Package: natbib 2010/09/13 8.31b (PWD, AO)
\bibhang=\skip274
\bibsep=\skip275
LaTeX Info: Redefining \cite on input line 694.
\c@NAT@ctr=\count442
) (D:\MikTek\tex/latex/todonotes\todonotes.sty
Package: todonotes 2024/01/05 v1.1.7 Todonotes source and documentation.
Package: todonotes 2024/01/05
 (D:\MikTek\tex/generic/pgf/frontendlayer/tikz/libraries\tikzlibrarypositioning.code.tex
File: tikzlibrarypositioning.code.tex 2023-01-15 v3.1.10 (3.1.10)
)
\c@@todonotes@numberoftodonotes=\count443
) (D:\MikTek\tex/latex/hyperref\hyperref.sty
Package: hyperref 2025-05-20 v7.01m Hypertext links for LaTeX
 (D:\MikTek\tex/generic/kvdefinekeys\kvdefinekeys.sty
Package: kvdefinekeys 2019-12-19 v1.6 Define keys (HO)
) (D:\MikTek\tex/generic/pdfescape\pdfescape.sty
Package: pdfescape 2019/12/09 v1.15 Implements pdfTeX's escape features (HO)
 (D:\MikTek\tex/generic/pdftexcmds\pdftexcmds.sty
Package: pdftexcmds 2020-06-27 v0.33 Utility functions of pdfTeX for LuaTeX (HO)
Package pdftexcmds Info: \pdf@primitive is available.
Package pdftexcmds Info: \pdf@ifprimitive is available.
Package pdftexcmds Info: \pdfdraftmode found.
)) (D:\MikTek\tex/latex/hycolor\hycolor.sty
Package: hycolor 2020-01-27 v1.10 Color options for hyperref/bookmark (HO)
) (D:\MikTek\tex/generic/stringenc\stringenc.sty
Package: stringenc 2019/11/29 v1.12 Convert strings between diff. encodings (HO)
)
\@linkdim=\dimen432
\Hy@linkcounter=\count444
\Hy@pagecounter=\count445
 (D:\MikTek\tex/latex/hyperref\pd1enc.def
File: pd1enc.def 2025-05-20 v7.01m Hyperref: PDFDocEncoding definition (HO)
Now handling font encoding PD1 ...
... no UTF-8 mapping file for font encoding PD1
) (D:\MikTek\tex/generic/intcalc\intcalc.sty
Package: intcalc 2019/12/15 v1.3 Expandable calculations with integers (HO)
)
\Hy@SavedSpaceFactor=\count446
 (D:\MikTek\tex/latex/hyperref\puenc.def
File: puenc.def 2025-05-20 v7.01m Hyperref: PDF Unicode definition (HO)
Now handling font encoding PU ...
... no UTF-8 mapping file for font encoding PU
)
Package hyperref Info: Hyper figures OFF on input line 4157.
Package hyperref Info: Link nesting OFF on input line 4162.
Package hyperref Info: Hyper index ON on input line 4165.
Package hyperref Info: Plain pages OFF on input line 4172.
Package hyperref Info: Backreferencing OFF on input line 4177.
Package hyperref Info: Implicit mode ON; LaTeX internals redefined.
Package hyperref Info: Bookmarks ON on input line 4424.
\c@Hy@tempcnt=\count447
 (D:\MikTek\tex/latex/url\url.sty
\Urlmuskip=\muskip18
Package: url 2013/09/16  ver 3.4  Verb mode for urls, etc.
)
LaTeX Info: Redefining \url on input line 4763.
\XeTeXLinkMargin=\dimen433
 (D:\MikTek\tex/generic/bitset\bitset.sty
Package: bitset 2019/12/09 v1.3 Handle bit-vector datatype (HO)
 (D:\MikTek\tex/generic/bigintcalc\bigintcalc.sty
Package: bigintcalc 2019/12/15 v1.5 Expandable calculations on big integers (HO)
))
\Fld@menulength=\count448
\Field@Width=\dimen434
\Fld@charsize=\dimen435
Package hyperref Info: Hyper figures OFF on input line 6042.
Package hyperref Info: Link nesting OFF on input line 6047.
Package hyperref Info: Hyper index ON on input line 6050.
Package hyperref Info: backreferencing OFF on input line 6057.
Package hyperref Info: Link coloring OFF on input line 6062.
Package hyperref Info: Link coloring with OCG OFF on input line 6067.
Package hyperref Info: PDF/A mode OFF on input line 6072.
 (D:\MikTek\tex/latex/base\atbegshi-ltx.sty
Package: atbegshi-ltx 2021/01/10 v1.0c Emulation of the original atbegshi
package with kernel methods
)
\Hy@abspage=\count449
\c@Item=\count450
\c@Hfootnote=\count451
)
Package hyperref Info: Driver (autodetected): hpdftex.
 (D:\MikTek\tex/latex/hyperref\hpdftex.def
File: hpdftex.def 2025-05-20 v7.01m Hyperref driver for pdfTeX
\Fld@listcount=\count452
\c@bookmark@seq@number=\count453
 (D:\MikTek\tex/latex/rerunfilecheck\rerunfilecheck.sty
Package: rerunfilecheck 2022-07-10 v1.10 Rerun checks for auxiliary files (HO)
 (D:\MikTek\tex/latex/base\atveryend-ltx.sty
Package: atveryend-ltx 2020/08/19 v1.0a Emulation of the original atveryend package
with kernel methods
) (D:\MikTek\tex/generic/uniquecounter\uniquecounter.sty
Package: uniquecounter 2019/12/15 v1.4 Provide unlimited unique counter (HO)
)
Package uniquecounter Info: New unique counter `rerunfilecheck' on input line 285.
)
\Hy@SectionHShift=\skip276
) (D:\MikTek\tex/latex/memoir\memhfixc.sty
Package: memhfixc 2025/03/06 v1.23 hyperref package fixes for memoir class
\c@memhycontfloat=\count454
\c@mem@Hpagenote=\count455
) (D:\MikTek\tex/latex/csquotes\csquotes.sty
Package: csquotes 2024-04-04 v5.2o context-sensitive quotations (JAW)
\csq@reset=\count456
\csq@gtype=\count457
\csq@glevel=\count458
\csq@qlevel=\count459
\csq@maxlvl=\count460
\csq@tshold=\count461
\csq@ltx@everypar=\toks59
 (D:\MikTek\tex/latex/csquotes\csquotes.def
File: csquotes.def 2024-04-04 v5.2o csquotes generic definitions (JAW)
)
Package csquotes Info: Trying to load configuration file 'csquotes.cfg'...
Package csquotes Info: ... configuration file loaded successfully.
 (D:\MikTek\tex/latex/csquotes\csquotes.cfg
File: csquotes.cfg 
)) (quiver.sty
Package: quiver 2021/01/11 quiver
 (D:\MikTek\tex/generic/pgf/frontendlayer/tikz/libraries\tikzlibrarydecorations.pathmorphing.code.tex (D:\MikTek\tex/generic/pgf/frontendlayer/tikz/libraries\tikzlibrarydecorations.code.tex (D:\MikTek\tex/generic/pgf/modules\pgfmoduledecorations.code.tex
\pgfdecoratedcompleteddistance=\dimen436
\pgfdecoratedremainingdistance=\dimen437
\pgfdecoratedinputsegmentcompleteddistance=\dimen438
\pgfdecoratedinputsegmentremainingdistance=\dimen439
\pgf@decorate@distancetomove=\dimen440
\pgf@decorate@repeatstate=\count462
\pgfdecorationsegmentamplitude=\dimen441
\pgfdecorationsegmentlength=\dimen442
)
\tikz@lib@dec@box=\box79
) (D:\MikTek\tex/generic/pgf/libraries/decorations\pgflibrarydecorations.pathmorphing.code.tex))) (D:\MikTek\tex/latex/pgfplots\pgfplots.sty (D:\MikTek\tex/generic/pgfplots\pgfplots.revision.tex)
Package: pgfplots 2021/05/15 v1.18.1 Data Visualization (1.18.1)
 (D:\MikTek\tex/generic/pgfplots\pgfplots.code.tex (D:\MikTek\tex/generic/pgfplots\pgfplotscore.code.tex
\t@pgfplots@toka=\toks60
\t@pgfplots@tokb=\toks61
\t@pgfplots@tokc=\toks62
\pgfplots@tmpa=\dimen443
\c@pgfplots@coordindex=\count463
\c@pgfplots@scanlineindex=\count464
 (D:\MikTek\tex/generic/pgfplots/sys\pgfplotssysgeneric.code.tex)) (D:\MikTek\tex/generic/pgfplots/libs\pgfplotslibrary.code.tex) (D:\MikTek\tex/generic/pgfplots/oldpgfcompatib\pgfplotsoldpgfsupp_loader.code.tex
Package pgfplots: loading complementary utilities for your pgf version...
\t@pgf@toka=\toks63
\t@pgf@tokb=\toks64
\t@pgf@tokc=\toks65
(D:\MikTek\tex/generic/pgfplots/oldpgfcompatib\pgfplotsoldpgfsupp_pgfutil-common-lists.tex)) (D:\MikTek\tex/generic/pgfplots/util\pgfplotsutil.code.tex (D:\MikTek\tex/generic/pgfplots/liststructure\pgfplotsliststructure.code.tex) (D:\MikTek\tex/generic/pgfplots/liststructure\pgfplotsliststructureext.code.tex) (D:\MikTek\tex/generic/pgfplots/liststructure\pgfplotsarray.code.tex
\c@pgfplotsarray@tmp=\count465
) (D:\MikTek\tex/generic/pgfplots/liststructure\pgfplotsmatrix.code.tex) (D:\MikTek\tex/generic/pgfplots/numtable\pgfplotstableshared.code.tex
\c@pgfplotstable@counta=\count466
\t@pgfplotstable@a=\toks66
) (D:\MikTek\tex/generic/pgfplots/liststructure\pgfplotsdeque.code.tex) (D:\MikTek\tex/generic/pgfplots/util\pgfplotsbinary.code.tex (D:\MikTek\tex/generic/pgfplots/util\pgfplotsbinary.data.code.tex)) (D:\MikTek\tex/generic/pgfplots/util\pgfplotsutil.verb.code.tex) (D:\MikTek\tex/generic/pgfplots/libs\pgflibrarypgfplots.surfshading.code.tex
\c@pgfplotslibrarysurf@no=\count467
 (D:\MikTek\tex/generic/pgfplots/sys\pgflibrarypgfplots.surfshading.pgfsys-pdftex.def))) (D:\MikTek\tex/generic/pgfplots/util\pgfplotscolormap.code.tex (D:\MikTek\tex/generic/pgfplots/util\pgfplotscolor.code.tex)) (D:\MikTek\tex/generic/pgfplots\pgfplotsstackedplots.code.tex) (D:\MikTek\tex/generic/pgfplots\pgfplotsplothandlers.code.tex (D:\MikTek\tex/generic/pgfplots\pgfplotsmeshplothandler.code.tex (D:\MikTek\tex/generic/pgfplots\pgfplotsmeshplotimage.code.tex))) (D:\MikTek\tex/generic/pgfplots\pgfplots.scaling.code.tex) (D:\MikTek\tex/generic/pgfplots\pgfplotscoordprocessing.code.tex) (D:\MikTek\tex/generic/pgfplots\pgfplots.errorbars.code.tex) (D:\MikTek\tex/generic/pgfplots\pgfplots.markers.code.tex) (D:\MikTek\tex/generic/pgfplots\pgfplotsticks.code.tex) (D:\MikTek\tex/generic/pgfplots\pgfplots.paths.code.tex) (D:\MikTek\tex/generic/pgf/frontendlayer/tikz/libraries\tikzlibrarydecorations.pathreplacing.code.tex (D:\MikTek\tex/generic/pgf/libraries/decorations\pgflibrarydecorations.pathreplacing.code.tex)) (D:\MikTek\tex/generic/pgfplots/libs\tikzlibrarypgfplots.contourlua.code.tex)
\pgfplots@numplots=\count468
\pgfplots@xmin@reg=\dimen444
\pgfplots@xmax@reg=\dimen445
\pgfplots@ymin@reg=\dimen446
\pgfplots@ymax@reg=\dimen447
\pgfplots@zmin@reg=\dimen448
\pgfplots@zmax@reg=\dimen449
) (D:\MikTek\tex/generic/pgf/frontendlayer/tikz/libraries\tikzlibraryplotmarks.code.tex
File: tikzlibraryplotmarks.code.tex 2023-01-15 v3.1.10 (3.1.10)
 (D:\MikTek\tex/generic/pgf/libraries\pgflibraryplotmarks.code.tex
File: pgflibraryplotmarks.code.tex 2023-01-15 v3.1.10 (3.1.10)
))) (D:\MikTek\tex/latex/tcolorbox\tcolorbox.sty
Package: tcolorbox 2025/06/04 version 6.6.0 text color boxes
 (D:\MikTek\tex/latex/environ\environ.sty
Package: environ 2014/05/04 v0.3 A new way to define environments
 (D:\MikTek\tex/latex/trimspaces\trimspaces.sty
Package: trimspaces 2009/09/17 v1.1 Trim spaces around a token list
))
\tcb@titlebox=\box80
\tcb@upperbox=\box81
\tcb@lowerbox=\box82
\tcb@phantombox=\box83
\c@tcbbreakpart=\count469
\c@tcblayer=\count470
\c@tcolorbox@number=\count471
\l__tcobox_tmpa_box=\box84
\l__tcobox_tmpa_dim=\dimen450
\tcb@temp=\box85
\tcb@temp=\box86
\tcb@temp=\box87
\tcb@temp=\box88
 (D:\MikTek\tex/latex/tcolorbox\tcbbreakable.code.tex
Library (tcolorbox): 'tcbbreakable.code.tex' version '6.6.0'
(D:\MikTek\tex/latex/pdfcol\pdfcol.sty
Package: pdfcol 2022-09-21 v1.7 Handle new color stacks for pdfTeX (HO)
)
Package pdfcol Info: New color stack `tcb@breakable' = 1 on input line 23.
\tcb@testbox=\box89
\tcb@totalupperbox=\box90
\tcb@totallowerbox=\box91
) (D:\MikTek\tex/latex/tcolorbox\tcbtheorems.code.tex
Library (tcolorbox): 'tcbtheorems.code.tex' version '6.6.0'
) (D:\MikTek\tex/latex/tcolorbox\tcbskins.code.tex
Library (tcolorbox): 'tcbskins.code.tex' version '6.6.0'
(D:\MikTek\tex/latex/tikzfill\tikzfill.image.sty
Package: tikzfill.image 2023/08/08 v1.0.1 Image filling library for TikZ
 (D:\MikTek\tex/latex/tikzfill\tikzfill-common.sty
Package: tikzfill-common 2023/08/08 v1.0.1 Auxiliary code for tikzfill
) (D:\MikTek\tex/latex/tikzfill\tikzlibraryfill.image.code.tex
File: tikzlibraryfill.image.code.tex 2023/08/08 v1.0.1 Image filling library
\l__tikzfill_img_box=\box92
)) (D:\MikTek\tex/latex/tcolorbox\tcbskinsjigsaw.code.tex
Library (tcolorbox): 'tcbskinsjigsaw.code.tex' version '6.6.0'
))) (D:\MikTek\tex/latex/algorithm2e\algorithm2e.sty
Package: algorithm2e 2017/07/18 v5.2 algorithms environments
\c@AlgoLine=\count472
\algocf@hangindent=\skip277
 (D:\MikTek\tex/latex/tools\xspace.sty
Package: xspace 2014/10/28 v1.13 Space after command names (DPC,MH)
) (D:\MikTek\tex/latex/relsize\relsize.sty
Package: relsize 2013/03/29 ver 4.1
)
\skiptotal=\skip278
\skiplinenumber=\skip279
\skiprule=\skip280
\skiphlne=\skip281
\skiptext=\skip282
\skiplength=\skip283
\algomargin=\skip284
\skipalgocfslide=\skip285
\algowidth=\dimen451
\inoutsize=\dimen452
\inoutindent=\dimen453
\interspacetitleruled=\dimen454
\interspacealgoruled=\dimen455
\interspacetitleboxruled=\dimen456
\algocf@ruledwidth=\skip286
\algocf@inoutbox=\box93
\algocf@inputbox=\box94
\AlCapSkip=\skip287
\AlCapHSkip=\skip288
\algoskipindent=\skip289
\algocf@nlbox=\box95
\algocf@hangingbox=\box96
\algocf@untilbox=\box97
\algocf@skipuntil=\skip290
\algocf@capbox=\box98
\algocf@lcaptionbox=\skip291
\algoheightruledefault=\skip292
\algoheightrule=\skip293
\algotitleheightruledefault=\skip294
\algotitleheightrule=\skip295
\c@algocfline=\count473
\c@algocfproc=\count474
\c@algocf=\count475
\algocf@algoframe=\box99
\algocf@algobox=\box100
) (D:\MikTek\tex/latex/algorithmicx\algorithmicx.sty
Package: algorithmicx 2005/04/27 v1.2 Algorithmicx

Document Style algorithmicx 1.2 - a greatly improved `algorithmic' style
\c@ALG@line=\count476
\c@ALG@rem=\count477
\c@ALG@nested=\count478
\ALG@tlm=\skip296
\ALG@thistlm=\skip297
\c@ALG@Lnr=\count479
\c@ALG@blocknr=\count480
\c@ALG@storecount=\count481
\c@ALG@tmpcounter=\count482
\ALG@tmplength=\skip298
) (D:\MikTek\tex/latex/stmaryrd\stmaryrd.sty
Package: stmaryrd 1994/03/03 St Mary's Road symbol package
\symstmry=\mathgroup10
LaTeX Font Info:    Overwriting symbol font `stmry' in version `bold'
(Font)                  U/stmry/m/n --> U/stmry/b/n on input line 89.
) (D:\MikTek\tex/latex/threeparttable\threeparttable.sty
Package: threeparttable 2003/06/13  v 3.0
\@tempboxb=\box101
) (D:\MikTek\tex/latex/ragged2e\ragged2e.sty
Package: ragged2e 2023/06/22 v3.6 ragged2e Package
\CenteringLeftskip=\skip299
\RaggedLeftLeftskip=\skip300
\RaggedRightLeftskip=\skip301
\CenteringRightskip=\skip302
\RaggedLeftRightskip=\skip303
\RaggedRightRightskip=\skip304
\CenteringParfillskip=\skip305
\RaggedLeftParfillskip=\skip306
\RaggedRightParfillskip=\skip307
\JustifyingParfillskip=\skip308
\CenteringParindent=\skip309
\RaggedLeftParindent=\skip310
\RaggedRightParindent=\skip311
\JustifyingParindent=\skip312
) (D:\MikTek\tex/latex/wrapfig\wrapfig.sty
\wrapoverhang=\dimen457
\WF@size=\dimen458
\c@WF@wrappedlines=\count483
\WF@box=\box102
\WF@everypar=\toks67
Package: wrapfig 2003/01/31  v 3.6
) (D:\MikTek\tex/latex/sidecap\sidecap.sty
Package: sidecap 2023/01/24 v1.7a SideCap Package (RN/HjG)
\SC@BOXWD=\dimen459
\SC@CAPWD=\dimen460
\SC@tempdima=\dimen461
\SC@tempdimb=\dimen462
\c@SC@C=\count484
\SC@BOX=\box103
) (D:\MikTek\tex/latex/etoc\etoc.sty
Package: etoc 2023/10/29 v1.2d Completely customisable TOCs (JFB)
Package etoc Info: As this is with memoir class, all `...totoc' options
(etoc)             are set true by default. Reported on input line 69.
 (D:\MikTek\tex/latex/tools\multicol.sty
Package: multicol 2025/05/25 v2.0a multicolumn formatting (FMi)
\c@tracingmulticols=\count485
\mult@box=\box104
\multicol@leftmargin=\dimen463
\c@unbalance=\count486
\c@collectmore=\count487
\doublecol@number=\count488
\multicoltolerance=\count489
\multicolpretolerance=\count490
\full@width=\dimen464
\page@free=\dimen465
\premulticols=\dimen466
\postmulticols=\dimen467
\multicolsep=\skip313
\multicolbaselineskip=\skip314
\partial@page=\box105
\last@line=\box106
\mc@boxedresult=\box107
\maxbalancingoverflow=\dimen468
\mult@rightbox=\box108
\mult@grightbox=\box109
\mult@firstbox=\box110
\mult@gfirstbox=\box111
\@tempa=\box112
\@tempa=\box113
\@tempa=\box114
\@tempa=\box115
\@tempa=\box116
\@tempa=\box117
\@tempa=\box118
\@tempa=\box119
\@tempa=\box120
\@tempa=\box121
\@tempa=\box122
\@tempa=\box123
\@tempa=\box124
\@tempa=\box125
\@tempa=\box126
\@tempa=\box127
\@tempa=\box128
\@tempa=\box129
\@tempa=\box130
\@tempa=\box131
\@tempa=\box132
\@tempa=\box133
\@tempa=\box134
\@tempa=\box135
\@tempa=\box136
\@tempa=\box137
\@tempa=\box138
\@tempa=\box139
\@tempa=\box140
\@tempa=\box141
\@tempa=\box142
\@tempa=\box143
\@tempa=\box144
\@tempa=\box145
\@tempa=\box146
\@tempa=\box147
\c@minrows=\count491
\c@columnbadness=\count492
\c@finalcolumnbadness=\count493
\last@try=\dimen469
\multicolovershoot=\dimen470
\multicolundershoot=\dimen471
\mult@nat@firstbox=\box148
\colbreak@box=\box149
\mc@col@check@num=\count494
\g__mc_curr_col_int=\count495
)
\Etoc@toctoks=\toks68
\c@etoc@tocid=\count496
\etoc@framed@titlebox=\box150
\etoc@framed@contentsbox=\box151
)) (setting/config.tex (D:\MikTek\tex/generic/pgf/frontendlayer/tikz/libraries\tikzlibraryshadings.code.tex
File: tikzlibraryshadings.code.tex 2023-01-15 v3.1.10 (3.1.10)
 (D:\MikTek\tex/generic/pgf/libraries\pgflibraryshadings.code.tex
File: pgflibraryshadings.code.tex 2023-01-15 v3.1.10 (3.1.10)
)) (D:\MikTek\tex/generic/pgf/frontendlayer/tikz/libraries\tikzlibraryshapes.geometric.code.tex
File: tikzlibraryshapes.geometric.code.tex 2023-01-15 v3.1.10 (3.1.10)
 (D:\MikTek\tex/generic/pgf/libraries/shapes\pgflibraryshapes.geometric.code.tex
File: pgflibraryshapes.geometric.code.tex 2023-01-15 v3.1.10 (3.1.10)
)) (D:\MikTek\tex/generic/pgf/frontendlayer/tikz/libraries\tikzlibraryfit.code.tex
File: tikzlibraryfit.code.tex 2023-01-15 v3.1.10 (3.1.10)
)

Package hyperref Warning: Option `pagebackref' has already been used,
(hyperref)                setting the option has no effect on input line 60.


Package hyperref Warning: Option `hyperindex' has already been used,
(hyperref)                setting the option has no effect on input line 60.

Package hyperref Info: Option `colorlinks' set `true' on input line 60.
Package hyperref Info: Option `breaklinks' set `true' on input line 60.

Package hyperref Warning: Option `bookmarks' has already been used,
(hyperref)                setting the option has no effect on input line 60.

Package hyperref Info: Option `bookmarksopen' set `false' on input line 60.
\main@idxfile=\write5
\openout5 = `main.idx'.

Writing index file main.idx 
) (setting/theorem.tex
\c@theorem=\count497
\c@col=\count498
\c@claim=\count499
\c@conjecture=\count500
\c@hypothesis=\count501
\c@assume=\count502
\c@definition=\count503
\c@axiom=\count504
\c@setting=\count505
\c@construction=\count506
\c@example=\count507
\c@note=\count508
\c@question=\count509
) (setting/tcb_env.tex) (setting/document_config.tex (D:\MikTek\tex/latex/marginnote\marginnote.sty
Package: marginnote 2018/08/09 1.4b non floating margin notes for LaTeX
\c@mn@abspage=\count510
)
\main@idxfile=\write6
\openout6 = `main.idx'.


Writing index file main.idx 
) (setting/mathcommand.tex
LaTeX Font Info:    Overwriting math alphabet `\mathsfit' in version `bold'
(Font)                  T1/cmss/m/sl --> T1/cmss/bx/n on input line 318.
)
LaTeX Font Info:    Trying to load font information for T1+ETbb-TLF on input line 48.
 (D:\MikTek\tex/latex/etbb\t1etbb-tlf.fd
File: T1ETbb-TLF.fd 2020/02/15 Font definitions for T1/ETbb-TLF.
)
LaTeX Font Info:    Font shape `T1/ETbb-TLF/m/n' aliased to
(Font)              `T1/ETbb-TLF/regular/n' on input line 48.
LaTeX Font Info:    Font shape `T1/ETbb-TLF/regular/n' will be
(Font)              scaled to size 10.0pt on input line 48.
Package csquotes Info: Checking for multilingual support...
Package csquotes Info: ... none found.
 (main.aux (content/introduction.aux) (content/c1.aux) (content/c3.aux) (content/c4.aux) (content/c5.aux) (content/c6.aux

LaTeX Warning: Label `tab:polynomial_test' multiply defined.

) (content/c6.5.aux) (content/c7.aux) (content/c8.aux) (content/c9.aux) (content/c10.aux))
\openout1 = `main.aux'.

LaTeX Font Info:    Checking defaults for OML/cmm/m/it on input line 48.
LaTeX Font Info:    ... okay on input line 48.
LaTeX Font Info:    Checking defaults for OMS/cmsy/m/n on input line 48.
LaTeX Font Info:    ... okay on input line 48.
LaTeX Font Info:    Checking defaults for OT1/cmr/m/n on input line 48.
LaTeX Font Info:    ... okay on input line 48.
LaTeX Font Info:    Checking defaults for T1/cmr/m/n on input line 48.
LaTeX Font Info:    ... okay on input line 48.
LaTeX Font Info:    Checking defaults for TS1/cmr/m/n on input line 48.
LaTeX Font Info:    ... okay on input line 48.
LaTeX Font Info:    Checking defaults for OMX/cmex/m/n on input line 48.
LaTeX Font Info:    ... okay on input line 48.
LaTeX Font Info:    Checking defaults for U/cmr/m/n on input line 48.
LaTeX Font Info:    ... okay on input line 48.
LaTeX Font Info:    Checking defaults for LY1/ptm/m/n on input line 48.
LaTeX Font Info:    Trying to load font information for LY1+ptm on input line 48.
 (D:\MikTek\tex/latex/ly1\ly1ptm.fd
File: ly1ptm.fd 2001/02/01 font definitions for LY1/ptm using Berry names.
)
LaTeX Font Info:    ... okay on input line 48.
LaTeX Font Info:    Checking defaults for PD1/pdf/m/n on input line 48.
LaTeX Font Info:    ... okay on input line 48.
LaTeX Font Info:    Checking defaults for PU/pdf/m/n on input line 48.
LaTeX Font Info:    ... okay on input line 48.


Class memoir Warning: \addtodef is marked deprecated and will be
(memoir)              removed in 2026, use instead \patchcmd,
(memoir)              \pretocmd or \apptocmd from the etoolbox package
(memoir)              (which is autoloaded by the class) on input line 48.

\c@mv@tabular=\count511
\c@mv@boldtabular=\count512
(D:\MikTek\tex/context/base/mkii\supp-pdf.mkii
[Loading MPS to PDF converter (version 2006.09.02).]
\scratchcounter=\count513
\scratchdimen=\dimen472
\scratchbox=\box152
\nofMPsegments=\count514
\nofMParguments=\count515
\everyMPshowfont=\toks69
\MPscratchCnt=\count516
\MPscratchDim=\dimen473
\MPnumerator=\count517
\makeMPintoPDFobject=\count518
\everyMPtoPDFconversion=\toks70
) (D:\MikTek\tex/latex/epstopdf-pkg\epstopdf-base.sty
Package: epstopdf-base 2020-01-24 v2.11 Base part for package epstopdf
Package epstopdf-base Info: Redefining graphics rule for `.eps' on input line 485.
 (D:\MikTek\tex/latex/00miktex\epstopdf-sys.cfg
File: epstopdf-sys.cfg 2021/03/18 v2.0 Configuration of epstopdf for MiKTeX
))
Package crop Info: requested driver: `' on input line 48.
Package crop Info: detected driver: `pdftex' on input line 48.
Package crop Info: using `pdftex' graphics driver on input line 48.

*geometry* driver: auto-detecting
*geometry* detected driver: pdftex
*geometry* verbose mode - [ preamble ] result:
* driver: pdftex
* paper: <default>
* layout: <same size as paper>
* layoutoffset:(h,v)=(0.0pt,0.0pt)
* modes: twoside 
* h-part:(L,W,R)=(73.71613pt, 430.00462pt, 110.57425pt)
* v-part:(T,H,B)=(95.39737pt, 556.47656pt, 143.09605pt)
* \paperwidth=614.295pt
* \paperheight=794.96999pt
* \textwidth=430.00462pt
* \textheight=556.47656pt
* \oddsidemargin=1.44614pt
* \evensidemargin=38.30426pt
* \topmargin=-6.94011pt
* \headheight=12.0pt
* \headsep=18.06749pt
* \topskip=10.0pt
* \footskip=25.29494pt
* \marginparwidth=71.13188pt
* \marginparsep=17.07182pt
* \columnsep=10.0pt
* \skip\footins=12.0pt plus 4.0pt minus 4.0pt
* \hoffset=-8.39355pt
* \voffset=25.03842pt
* \mag=1000
* \@twocolumnfalse
* \@twosidetrue
* \@mparswitchtrue
* \@reversemarginfalse
* (1in=72.27pt=25.4mm, 1cm=28.453pt)

Package caption Info: Begin \AtBeginDocument code.
Package caption Info: float package is loaded.
Package caption Info: hyperref package is loaded.
Package caption Info: sidecap package is loaded.
Package caption Info: threeparttable package is loaded.
Package caption Info: wrapfig package is loaded.
Package caption Info: End \AtBeginDocument code.
\c__nicematrix_shift_Ldots_last_row_dim=\dimen474
\c__nicematrix_shift_exterior_Vdots_dim=\dimen475
\c__nicematrix_innersep_middle_dim=\dimen476
\c@tabularnotesi=\count519
\enitdp@tabularnotes=\count520
\c@tabularnotes*i=\count521
\enitdp@tabularnotes*=\count522
Package hyperref Info: Link coloring ON on input line 48.
(main.out) (main.out)
\@outlinefile=\write7
\openout7 = `main.out'.



Package pgfplots Warning: running in backwards compatibility mode (unsuitable tick labels; missing features). Consider writing \pgfplotsset{compat=1.18} into your preamble.
 on input line 48.

\Etoc@tf=\read4
Package etoc Info: Regarding `memoir' class command \settocdepth, consider
(etoc)             \etocsettocdepth.toc as a drop-in replacement with more
(etoc)             capabilities (see `etoc' manual).  Also, \etocsettocdepth
(etoc)             and \etocsetnexttocdepth should be used in place of
(etoc)             `memoir' command \maxtocdepth.
*geometry* verbose mode - [ newgeometry ] result:
* driver: pdftex
* paper: <default>
* layout: <same size as paper>
* layoutoffset:(h,v)=(0.0pt,0.0pt)
* modes: twoside 
* h-part:(L,W,R)=(85.35826pt, 443.57848pt, 85.35826pt)
* v-part:(T,H,B)=(95.39737pt, 556.47656pt, 143.09605pt)
* \paperwidth=614.295pt
* \paperheight=794.96999pt
* \textwidth=443.57848pt
* \textheight=556.47656pt
* \oddsidemargin=13.08827pt
* \evensidemargin=13.08827pt
* \topmargin=-6.94011pt
* \headheight=12.0pt
* \headsep=18.06749pt
* \topskip=10.0pt
* \footskip=25.29494pt
* \marginparwidth=71.13188pt
* \marginparsep=17.07182pt
* \columnsep=10.0pt
* \skip\footins=12.0pt plus 4.0pt minus 4.0pt
* \hoffset=-8.39355pt
* \voffset=25.03842pt
* \mag=1000
* \@twocolumnfalse
* \@twosidetrue
* \@mparswitchtrue
* \@reversemarginfalse
* (1in=72.27pt=25.4mm, 1cm=28.453pt)

LaTeX Font Info:    Font shape `T1/ETbb-TLF/regular/n' will be
(Font)              scaled to size 12.0pt on input line 58.
LaTeX Font Info:    Trying to load font information for U+msa on input line 58.
(D:\MikTek\tex/latex/amsfonts\umsa.fd
File: umsa.fd 2013/01/14 v3.01 AMS symbols A
)
LaTeX Font Info:    Trying to load font information for U+msb on input line 58.
 (D:\MikTek\tex/latex/amsfonts\umsb.fd
File: umsb.fd 2013/01/14 v3.01 AMS symbols B
)
LaTeX Font Info:    Trying to load font information for U+esvect on input line 58.
 (D:\MikTek\tex/latex/esvect\uesvect.fd
File: uesvect.fd 
)
LaTeX Font Info:    Trying to load font information for U+stmry on input line 58.
 (D:\MikTek\tex/latex/stmaryrd\ustmry.fd)
LaTeX Font Info:    Font shape `T1/ETbb-TLF/regular/n' will be
(Font)              scaled to size 8.0pt on input line 58.
LaTeX Font Info:    Font shape `T1/ETbb-TLF/bold/n' will be
(Font)              scaled to size 10.0pt on input line 64.
LaTeX Font Info:    Font shape `T1/ETbb-TLF/bold/n' will be
(Font)              scaled to size 14.4pt on input line 64.
LaTeX Font Info:    Font shape `T1/ETbb-TLF/regular/n' will be
(Font)              scaled to size 20.74pt on input line 65.
LaTeX Font Info:    Font shape `T1/ETbb-TLF/regular/it' will be
(Font)              scaled to size 12.0pt on input line 66.
LaTeX Font Info:    Font shape `T1/ETbb-TLF/regular/n' will be
(Font)              scaled to size 10.95pt on input line 71.
LaTeX Font Info:    Font shape `T1/ETbb-TLF/regular/n' will be
(Font)              scaled to size 9.0pt on input line 74.
LaTeX Font Info:    Font shape `T1/ETbb-TLF/regular/n' will be
(Font)              scaled to size 6.0pt on input line 74.


[1


{C:/Users/Admin/AppData/Local/MiKTeX/fonts/map/pdftex/pdftex.map}{D:/MikTek/fonts/enc/dvips/etbb/etbb_pvrda3.enc}]

[2

]
\tf@toc=\write8
\openout8 = `main.toc'.



[1


{D:/MikTek/fonts/enc/dvips/cm-super/cm-super-t1.enc}]
Overfull \hbox (0.81998pt too wide) detected at line 83
 \T1/cmss/m/n/10.95 117
 []



LaTeX Font Info:    Font shape `T1/ETbb-TLF/regular/sl' in size <10> not available
(Font)              Font shape `T1/ETbb-TLF/regular/it' tried instead on input line 83.
LaTeX Font Info:    Font shape `T1/ETbb-TLF/regular/it' will be
(Font)              scaled to size 10.0pt on input line 83.
[2]
Overfull \hbox (0.81998pt too wide) detected at line 83
 \T1/cmss/m/n/10.95 129
 []


Overfull \hbox (0.81998pt too wide) detected at line 83
 \T1/cmss/m/n/10.95 161
 []


Overfull \hbox (0.81998pt too wide) detected at line 83
 \T1/cmss/m/n/10.95 165
 []


Overfull \hbox (0.81998pt too wide) detected at line 83
 \T1/cmss/m/n/10.95 183
 []



[3]
Overfull \hbox (0.81998pt too wide) detected at line 83
 \T1/cmss/m/n/10.95 195
 []



[4] (main.lof

Class memoir Warning: The \bf font command is deprecated. 
(memoir)              Use \textbf{...} or {\bfseries... } instead on input line 10.

LaTeX Font Info:    Font shape `T1/ETbb-TLF/bold/n' will be
(Font)              scaled to size 9.0pt on input line 10.
LaTeX Font Info:    Font shape `T1/ETbb-TLF/regular/it' will be
(Font)              scaled to size 9.0pt on input line 10.

Underfull \vbox (badness 10000) has occurred while \output is active []



[5

]
Overfull \hbox (32.08792pt too wide) in paragraph at lines 19--19
 \T1/ETbb-TLF/regular/n/10 and vari-a-tional $\OML/cmm/m/it/10 n$\T1/ETbb-TLF/regular/n/10 . Full test cases are for $\OML/cmm/m/it/10 p \OT1/cmr/m/n/10 = [1\OML/cmm/m/it/10 ; \OT1/cmr/m/n/10 100]$\T1/ETbb-TLF/regular/n/10 , $\OML/cmm/m/it/10 n \OT1/cmr/m/n/10 = \OMS/cmsy/m/n/10 f\OT1/cmr/m/n/10 12\OML/cmm/m/it/10 ; \OT1/cmr/m/n/10 24\OML/cmm/m/it/10 ; \OT1/cmr/m/n/10 36\OML/cmm/m/it/10 ; \OT1/cmr/m/n/10 50\OML/cmm/m/it/10 ; \OT1/cmr/m/n/10 76\OML/cmm/m/it/10 ; \OT1/cmr/m/n/10 82\OML/cmm/m/it/10 ; \OT1/cmr/m/n/10 90\OML/cmm/m/it/10 ; \OT1/cmr/m/n/10 100\OML/cmm/m/it/10 ; \OT1/cmr/m/n/10 106\OML/cmm/m/it/10 ; \OT1/cmr/m/n/10 112\OML/cmm/m/it/10 ; \OT1/cmr/m/n/10 121\OMS/cmsy/m/n/10 g$ 
 []


Overfull \hbox (7.73465pt too wide) in paragraph at lines 20--20
 [][] [][][]\T1/ETbb-TLF/regular/n/10 Contrary to The-o-rem [][]4.3.1[][], this is the be-haviours on ran-dom-ized set-ting for stan-dard parameter- 
 []


Overfull \hbox (68.53748pt too wide) in paragraph at lines 20--20
 \OML/cmm/m/it/10 ^^[ \OT1/cmr/m/n/10 = 0\OML/cmm/m/it/10 :\OT1/cmr/m/n/10 5$\T1/ETbb-TLF/regular/n/10 , and vari-a-tional $\OML/cmm/m/it/10 n$\T1/ETbb-TLF/regular/n/10 . Full test cases are for $\OML/cmm/m/it/10 p \OT1/cmr/m/n/10 = [1\OML/cmm/m/it/10 ; \OT1/cmr/m/n/10 100]$\T1/ETbb-TLF/regular/n/10 , $\OML/cmm/m/it/10 n \OT1/cmr/m/n/10 = \OMS/cmsy/m/n/10 f\OT1/cmr/m/n/10 12\OML/cmm/m/it/10 ; \OT1/cmr/m/n/10 24\OML/cmm/m/it/10 ; \OT1/cmr/m/n/10 36\OML/cmm/m/it/10 ; \OT1/cmr/m/n/10 50\OML/cmm/m/it/10 ; \OT1/cmr/m/n/10 76\OML/cmm/m/it/10 ; \OT1/cmr/m/n/10 82\OML/cmm/m/it/10 ; \OT1/cmr/m/n/10 90\OML/cmm/m/it/10 ; \OT1/cmr/m/n/10 100\OML/cmm/m/it/10 ; \OT1/cmr/m/n/10 106\OML/cmm/m/it/10 ; \OT1/cmr/m/n/10 112\OML/cmm/m/it/10 ; \OT1/cmr/m/n/10 121\OMS/cmsy/m/n/10 g$ 
 []


Overfull \hbox (68.53748pt too wide) in paragraph at lines 21--21
 \OML/cmm/m/it/10 ^^[ \OT1/cmr/m/n/10 = 0\OML/cmm/m/it/10 :\OT1/cmr/m/n/10 5$\T1/ETbb-TLF/regular/n/10 , and vari-a-tional $\OML/cmm/m/it/10 n$\T1/ETbb-TLF/regular/n/10 . Full test cases are for $\OML/cmm/m/it/10 p \OT1/cmr/m/n/10 = [1\OML/cmm/m/it/10 ; \OT1/cmr/m/n/10 100]$\T1/ETbb-TLF/regular/n/10 , $\OML/cmm/m/it/10 n \OT1/cmr/m/n/10 = \OMS/cmsy/m/n/10 f\OT1/cmr/m/n/10 12\OML/cmm/m/it/10 ; \OT1/cmr/m/n/10 24\OML/cmm/m/it/10 ; \OT1/cmr/m/n/10 36\OML/cmm/m/it/10 ; \OT1/cmr/m/n/10 50\OML/cmm/m/it/10 ; \OT1/cmr/m/n/10 76\OML/cmm/m/it/10 ; \OT1/cmr/m/n/10 82\OML/cmm/m/it/10 ; \OT1/cmr/m/n/10 90\OML/cmm/m/it/10 ; \OT1/cmr/m/n/10 100\OML/cmm/m/it/10 ; \OT1/cmr/m/n/10 106\OML/cmm/m/it/10 ; \OT1/cmr/m/n/10 112\OML/cmm/m/it/10 ; \OT1/cmr/m/n/10 121\OMS/cmsy/m/n/10 g$ 
 []


Underfull \vbox (badness 10000) has occurred while \output is active []



[6]
Underfull \vbox (badness 10000) has occurred while \output is active []



[7]
Overfull \hbox (50.30966pt too wide) in paragraph at lines 39--39
 \T1/ETbb-TLF/regular/n/10 test run. Sam-ple set size range is $\OML/cmm/m/it/10 n \OMS/cmsy/m/n/10 2 f\OT1/cmr/m/n/10 12\OML/cmm/m/it/10 ; \OT1/cmr/m/n/10 24\OML/cmm/m/it/10 ; \OT1/cmr/m/n/10 36\OML/cmm/m/it/10 ; \OT1/cmr/m/n/10 50\OML/cmm/m/it/10 ; \OT1/cmr/m/n/10 76\OML/cmm/m/it/10 ; \OT1/cmr/m/n/10 82\OML/cmm/m/it/10 ; \OT1/cmr/m/n/10 90\OML/cmm/m/it/10 ; \OT1/cmr/m/n/10 100\OML/cmm/m/it/10 ; \OT1/cmr/m/n/10 106\OML/cmm/m/it/10 ; \OT1/cmr/m/n/10 112\OML/cmm/m/it/10 ; \OT1/cmr/m/n/10 121\OML/cmm/m/it/10 ; \OT1/cmr/m/n/10 150\OML/cmm/m/it/10 ; \OT1/cmr/m/n/10 231\OML/cmm/m/it/10 ; \OT1/cmr/m/n/10 250\OML/cmm/m/it/10 ; \OT1/cmr/m/n/10 256\OML/cmm/m/it/10 ; \OT1/cmr/m/n/10 280\OMS/cmsy/m/n/10 g$\T1/ETbb-TLF/regular/n/10 . 
 []

LaTeX Font Info:    Font shape `T1/ETbb-TLF/regular/n' will be
(Font)              scaled to size 7.0pt on input line 40.
LaTeX Font Info:    Font shape `T1/ETbb-TLF/regular/n' will be
(Font)              scaled to size 5.0pt on input line 40.
LaTeX Font Info:    Font shape `T1/ETbb-TLF/regular/sc' will be
(Font)              scaled to size 10.0pt on input line 40.
)

[8{D:/MikTek/fonts/enc/dvips/etbb/etbb_6bhqsy.enc}]
\openout2 = `content/c7.aux'.

 (content/c7.tex

[160











]
LaTeX Font Info:    Font shape `T1/ETbb-TLF/regular/n' will be
(Font)              scaled to size 17.28pt on input line 1.

Underfull \vbox (badness 10000) has occurred while \output is active []



[161]
Package hyperref Info: bookmark level for unknown definition defaults to 0 on input line 21.


[162]

[163])

[164] (main.ind



[183









]) (appendix/appendix.tex

LaTeX Warning: Command \textellipsis invalid in math mode on input line 41.



[184

]
<pdf/theorem_4_verify.pdf, id=721, 462.96765pt x 356.13351pt>
File: pdf/theorem_4_verify.pdf Graphic file (type pdf)
<use pdf/theorem_4_verify.pdf>
Package pdftex.def Info: pdf/theorem_4_verify.pdf  used on input line 51.
(pdftex.def)             Requested size: 258.00539pt x 198.47699pt.

Underfull \vbox (badness 10000) has occurred while \output is active []



[185 <./pdf/theorem_4_verify.pdf>]
<pdf/VennFig2.pdf, id=784, 1824.8175pt x 527.9725pt>
File: pdf/VennFig2.pdf Graphic file (type pdf)
<use pdf/VennFig2.pdf>
Package pdftex.def Info: pdf/VennFig2.pdf  used on input line 70.
(pdftex.def)             Requested size: 430.00462pt x 124.41191pt.
LaTeX Font Info:    Font shape `T1/ETbb-TLF/regular/sc' will be
(Font)              scaled to size 9.0pt on input line 71.


[186]
Underfull \vbox (badness 10000) has occurred while \output is active []



[187 <./pdf/VennFig2.pdf>]

[188
pdfTeX warning (ext4): destination with the same identifier (name{equation.Alph0.23}) has been already used, duplicate ignored
<argument> ...shipout:D \box_use:N \l_shipout_box 
                                                  \__shipout_drop_firstpage_...
l.155 \end{align}
                 ]

[189]
LaTeX Font Info:    Font shape `T1/ETbb-TLF/regular/it' will be
(Font)              scaled to size 8.0pt on input line 203.
LaTeX Font Info:    Font shape `T1/ETbb-TLF/m/it' aliased to
(Font)              `T1/ETbb-TLF/regular/it' on input line 207.
LaTeX Font Info:    Font shape `T1/ETbb-TLF/regular/it' will be
(Font)              scaled to size 10.0pt on input line 207.

pdfTeX warning (ext4): destination with the same identifier (name{definition.1}) has been already used, duplicate ignored
<to be read again> 
                   \relax 
l.208     A
            \textbf{deterministic model} $h_{d}$ assumes its internal space ...
Overfull \hbox (17.14725pt too wide) in paragraph at lines 211--212
[]\T1/ETbb-TLF/regular/n/10 Similarly, if the in-ter-pre-ta-tion of the model is []\T1/ETbb-TLF/regular/it/10 prob-a-bilis-tic[]\T1/ETbb-TLF/regular/n/10 , we have the fol-low-ing def-i-ni-tion of probabilistic-
 []


pdfTeX warning (ext4): destination with the same identifier (name{definition.2}) has been already used, duplicate ignored
<to be read again> 
                   \relax 
l.213     A
            \textbf{probabilistic model} $h_{p}$ assumes its internal space ...

[190]
Package hyperref Info: bookmark level for unknown conjecture defaults to 0 on input line 228.


[191]
Underfull \vbox (badness 10000) has occurred while \output is active []



[192]
LaTeX Font Info:    Font shape `T1/ETbb-TLF/bold/n' will be
(Font)              scaled to size 8.0pt on input line 302.


[193]) (main.bbl

[194]
Underfull \hbox (badness 1342) in paragraph at lines 15--19
[]\T1/ETbb-TLF/regular/n/9 [PDF] A Unifeid Bias-Variance De-com-po-si-tion and its Ap-pli-ca-tions | Se-man-tic Scholar, b.  URL [][]$\T1/cmtt/m/n/9 https :
 []


Underfull \hbox (badness 10000) in paragraph at lines 15--19
\T1/cmtt/m/n/9 / / www . semanticscholar . org / paper / A-[]Unifeid-[]Bias-[]Variance-[]Decomposition-[]and-[]its-[]Domingos /
 []


Underfull \hbox (badness 3058) in paragraph at lines 21--25
[]\T1/ETbb-TLF/regular/n/9 [PDF] A Unifeid Bias-Variance De-com-po-si-tion and its Ap-pli-ca-tions | Se-man-tic Scholar.  URL [][]$\T1/cmtt/m/n/9 https :
 []


Underfull \hbox (badness 10000) in paragraph at lines 21--25
\T1/cmtt/m/n/9 / / www . semanticscholar . org / paper / A-[]Unifeid-[]Bias-[]Variance-[]Decomposition-[]and-[]its-[]Domingos /
 []



[195

]
Underfull \hbox (badness 1571) in paragraph at lines 164--171
\T1/ETbb-TLF/regular/n/9 Gan-guli.  Sta-tis-ti-cal me-chan-ics of deep learn-ing.  \T1/ETbb-TLF/regular/it/9 An-nual Re-view of Con-densed Mat-ter Physics\T1/ETbb-TLF/regular/n/9 , 11:501--
 []


Underfull \hbox (badness 3826) in paragraph at lines 164--171
\T1/ETbb-TLF/regular/n/9 528, 2020.  doi: $10 . 1146 / annurev-[]conmatphys-[]031119-[]050745$.  URL [][]$\T1/cmtt/m/n/9 https : / / doi . org / 10 . 1146 /
 []



[196]

[197]
Underfull \hbox (badness 7099) in paragraph at lines 441--446
[]\T1/ETbb-TLF/regular/n/9 Nicolò Cesa-Bianchi and Gá-bor Lu-gosi.  \T1/ETbb-TLF/regular/it/9 Pre-dic-tion, Learn-ing, and Games\T1/ETbb-TLF/regular/n/9 .  Cam-bridge Uni-ver-sity
 []


Underfull \hbox (badness 10000) in paragraph at lines 441--446
\T1/ETbb-TLF/regular/n/9 Press, 2006.  URL [][]$\T1/cmtt/m/n/9 https : / / www . cambridge . org / core / books / prediction-[]learning-[]and-[]games /
 []



[198]
Underfull \hbox (badness 2027) in paragraph at lines 537--544
[]\T1/ETbb-TLF/regular/n/9 Stéphane d' As-coli, Lev-ent Sa-gun, and Giulio Biroli.  Triple de-scent and the two kinds of over-fit-ting:
 []



[199]
Underfull \hbox (badness 10000) in paragraph at lines 619--624
[]\T1/ETbb-TLF/regular/n/9 Pedro M. Domin-gos.  A Unifeid Bias-Variance De-com-po-si-tion and its Ap-pli-ca-
 []


Underfull \hbox (badness 10000) in paragraph at lines 619--624
\T1/ETbb-TLF/regular/n/9 tions.  In \T1/ETbb-TLF/regular/it/9 Se-man-tic Scholar\T1/ETbb-TLF/regular/n/9 , June 2000d.  URL [][]$\T1/cmtt/m/n/9 https : / / www . semanticscholar .
 []


Underfull \hbox (badness 10000) in paragraph at lines 619--624
\T1/cmtt/m/n/9 org / paper / A-[]Unifeid-[]Bias-[]Variance-[]Decomposition-[]and-[]its-[]Domingos /
 []


Underfull \hbox (badness 10000) in paragraph at lines 683--689
\T1/cmtt/m/n/9 research . tilburguniversity . edu / en / publications / on-[]de-[]finettis-[]philosophy-[]of-[]probability$[][]\T1/ETbb-TLF/regular/n/9 .
 []


Underfull \hbox (badness 1983) in paragraph at lines 703--708
[]\T1/ETbb-TLF/regular/n/9 Molavi et al.  Model Com-plex-ity, Ex-pec-ta-tions, and As-set Prices | The Re-view of Eco-nomic Stud-ies |
 []



[200]

[201]

[202]

[203]
Underfull \hbox (badness 3568) in paragraph at lines 1163--1172
[]\T1/ETbb-TLF/regular/n/9 Xinyue Li and Rishi Son-thalia.  Least squares re-gres-sion can ex-hibit under-parameterized dou-ble de-
 []


Underfull \hbox (badness 2617) in paragraph at lines 1163--1172
\T1/ETbb-TLF/regular/n/9 scent.  In A. Glober-son, L. Mackey, D. Bel-grave, A. Fan, U. Pa-quet, J. Tom-czak, and C. Zhang,
 []


Underfull \hbox (badness 3058) in paragraph at lines 1163--1172
\T1/ETbb-TLF/regular/n/9 ed-i-tors, \T1/ETbb-TLF/regular/it/9 Ad-vances in Neu-ral In-for-ma-tion Pro-cess-ing Sys-tems\T1/ETbb-TLF/regular/n/9 , vol-ume 37, pages 25510--25560. Cur-ran As-
 []


Underfull \hbox (badness 10000) in paragraph at lines 1163--1172
\T1/ETbb-TLF/regular/n/9 so-ciates, Inc., 2024.  URL [][]$\T1/cmtt/m/n/9 https : / / proceedings . neurips . cc / paper _ files / paper / 2024 / file /
 []



[204]

[205]

[206]

[207]
Underfull \hbox (badness 1454) in paragraph at lines 1633--1640
\T1/ETbb-TLF/regular/n/9 9780486843070.  URL [][]$\T1/cmtt/m/n/9 https : / / archive . org / details / Introduction _ To _ Artificial _ Intelligence _
 []



[208]
Underfull \hbox (badness 1824) in paragraph at lines 1684--1690
[]\T1/ETbb-TLF/regular/n/9 Alec Rad-ford, Karthik Narasimhan, Tim Sal-i-mans, and Ilya Sutskever.  Im-prov-ing lan-guage un-der-stand-
 []



[209]

[210]

[211]

[212]
Underfull \hbox (badness 10000) in paragraph at lines 2184--2190
[]\T1/ETbb-TLF/regular/n/9 Onur Tu-nali.  Em-pir-i-cal Rademacher Com-plex-ity and Its Im-pli-ca-tions to Deep Learn-ing.
 []


Underfull \hbox (badness 10000) in paragraph at lines 2184--2190
\T1/ETbb-TLF/regular/n/9 https://www.onurtunali.com/ml/2019/02/01/empirical-rademacher-complexity-and-its-implications-to-
 []



[213]

[214]
Underfull \hbox (badness 7649) in paragraph at lines 2430--2436
[]\T1/ETbb-TLF/regular/n/9 Tong Zhang.  \T1/ETbb-TLF/regular/it/9 Math-e-mat-i-cal Anal-y-sis of Ma-chine Learn-ing Al-go-rithms\T1/ETbb-TLF/regular/n/9 .  Cam-bridge Uni-ver-sity Press,
 []


Underfull \hbox (badness 10000) in paragraph at lines 2430--2436
\T1/ETbb-TLF/regular/n/9 2023.  doi: $10 . 1017 / 9781009093057$.  URL [][]$\T1/cmtt/m/n/9 https : / / www . cambridge . org / core / books /
 []

)

[215]
\tf@lof=\write9
\openout9 = `main.lof'.

 (main.aux (content/introduction.aux) (content/c1.aux) (content/c3.aux) (content/c4.aux) (content/c5.aux) (content/c6.aux) (content/c6.5.aux) (content/c7.aux) (content/c8.aux) (content/c9.aux) (content/c10.aux))
 ***********
LaTeX2e <2025-06-01>
L3 programming layer <2020/03/25>
 ***********


LaTeX Warning: There were multiply-defined labels.

Package rerunfilecheck Info: File `main.out' has not changed.
(rerunfilecheck)             Checksum: DA777A846DD8872BB2A3AF52D9646F00;2299.
 ) 
Here is how much of TeX's memory you used:
 74764 strings out of 468187
 1809255 string characters out of 5448666
 2761994 words of memory out of 5000000
 101611 multiletter control sequences out of 15000+600000
 874935 words of font info for 172 fonts, out of 8000000 for 9000
 1141 hyphenation exceptions out of 8191
 103i,25n,120p,2023b,1379s stack positions out of 10000i,1000n,20000p,200000b,200000s

pdfTeX warning (dest): name{page.78} has been referenced but does not exist, replaced by a fixed one


pdfTeX warning (dest): name{page.48} has been referenced but does not exist, replaced by a fixed one


pdfTeX warning (dest): name{page.30} has been referenced but does not exist, replaced by a fixed one


pdfTeX warning (dest): name{page.29} has been referenced but does not exist, replaced by a fixed one


pdfTeX warning (dest): name{page.43} has been referenced but does not exist, replaced by a fixed one


pdfTeX warning (dest): name{page.150} has been referenced but does not exist, replaced by a fixed one


pdfTeX warning (dest): name{page.38} has been referenced but does not exist, replaced by a fixed one


pdfTeX warning (dest): name{page.27} has been referenced but does not exist, replaced by a fixed one


pdfTeX warning (dest): name{page.16} has been referenced but does not exist, replaced by a fixed one


pdfTeX warning (dest): name{page.20} has been referenced but does not exist, replaced by a fixed one


pdfTeX warning (dest): name{page.49} has been referenced but does not exist, replaced by a fixed one


pdfTeX warning (dest): name{page.46} has been referenced but does not exist, replaced by a fixed one


pdfTeX warning (dest): name{page.42} has been referenced but does not exist, replaced by a fixed one


pdfTeX warning (dest): name{page.21} has been referenced but does not exist, replaced by a fixed one


pdfTeX warning (dest): name{page.97} has been referenced but does not exist, replaced by a fixed one


pdfTeX warning (dest): name{page.6} has been referenced but does not exist, replaced by a fixed one


pdfTeX warning (dest): name{page.24} has been referenced but does not exist, replaced by a fixed one


pdfTeX warning (dest): name{figure.caption.67} has been referenced but does not exist, replaced by a fixed one


pdfTeX warning (dest): name{figure.caption.62} has been referenced but does not exist, replaced by a fixed one


pdfTeX warning (dest): name{figure.caption.61} has been referenced but does not exist, replaced by a fixed one


pdfTeX warning (dest): name{figure.caption.59} has been referenced but does not exist, replaced by a fixed one


pdfTeX warning (dest): name{figure.caption.52} has been referenced but does not exist, replaced by a fixed one


pdfTeX warning (dest): name{figure.caption.44} has been referenced but does not exist, replaced by a fixed one


pdfTeX warning (dest): name{figure.caption.41} has been referenced but does not exist, replaced by a fixed one


pdfTeX warning (dest): name{figure.caption.40} has been referenced but does not exist, replaced by a fixed one


pdfTeX warning (dest): name{figure.caption.38} has been referenced but does not exist, replaced by a fixed one


pdfTeX warning (dest): name{figure.caption.36} has been referenced but does not exist, replaced by a fixed one


pdfTeX warning (dest): name{figure.caption.33} has been referenced but does not exist, replaced by a fixed one


pdfTeX warning (dest): name{figure.caption.31} has been referenced but does not exist, replaced by a fixed one


pdfTeX warning (dest): name{figure.caption.30} has been referenced but does not exist, replaced by a fixed one


pdfTeX warning (dest): name{figure.caption.29} has been referenced but does not exist, replaced by a fixed one


pdfTeX warning (dest): name{theorem.1} has been referenced but does not exist, replaced by a fixed one


pdfTeX warning (dest): name{figure.caption.28} has been referenced but does not exist, replaced by a fixed one


pdfTeX warning (dest): name{figure.caption.27} has been referenced but does not exist, replaced by a fixed one


pdfTeX warning (dest): name{figure.caption.26} has been referenced but does not exist, replaced by a fixed one


pdfTeX warning (dest): name{figure.caption.25} has been referenced but does not exist, replaced by a fixed one


pdfTeX warning (dest): name{figure.caption.24} has been referenced but does not exist, replaced by a fixed one


pdfTeX warning (dest): name{figure.caption.20} has been referenced but does not exist, replaced by a fixed one


pdfTeX warning (dest): name{figure.caption.19} has been referenced but does not exist, replaced by a fixed one


pdfTeX warning (dest): name{figure.caption.18} has been referenced but does not exist, replaced by a fixed one


pdfTeX warning (dest): name{figure.caption.17} has been referenced but does not exist, replaced by a fixed one


pdfTeX warning (dest): name{figure.caption.13} has been referenced but does not exist, replaced by a fixed one


pdfTeX warning (dest): name{hypothesis.1} has been referenced but does not exist, replaced by a fixed one


pdfTeX warning (dest): name{figure.caption.11} has been referenced but does not exist, replaced by a fixed one


pdfTeX warning (dest): name{figure.caption.9} has been referenced but does not exist, replaced by a fixed one


pdfTeX warning (dest): name{figure.caption.8} has been referenced but does not exist, replaced by a fixed one


pdfTeX warning (dest): name{equation.4.24} has been referenced but does not exist, replaced by a fixed one


pdfTeX warning (dest): name{subsection.8.3.4} has been referenced but does not exist, replaced by a fixed one


pdfTeX warning (dest): name{subsection.8.3.3} has been referenced but does not exist, replaced by a fixed one


pdfTeX warning (dest): name{subsection.8.3.2} has been referenced but does not exist, replaced by a fixed one


pdfTeX warning (dest): name{subsection.8.3.1} has been referenced but does not exist, replaced by a fixed one


pdfTeX warning (dest): name{section.8.3} has been referenced but does not exist, replaced by a fixed one


pdfTeX warning (dest): name{subsection.8.2.2} has been referenced but does not exist, replaced by a fixed one


pdfTeX warning (dest): name{subsection.8.2.1} has been referenced but does not exist, replaced by a fixed one


pdfTeX warning (dest): name{section.8.2} has been referenced but does not exist, replaced by a fixed one


pdfTeX warning (dest): name{subsection.8.1.3} has been referenced but does not exist, replaced by a fixed one


pdfTeX warning (dest): name{subsection.8.1.2} has been referenced but does not exist, replaced by a fixed one


pdfTeX warning (dest): name{subsection.8.1.1} has been referenced but does not exist, replaced by a fixed one


pdfTeX warning (dest): name{section.8.1} has been referenced but does not exist, replaced by a fixed one


pdfTeX warning (dest): name{chapter.8} has been referenced but does not exist, replaced by a fixed one


pdfTeX warning (dest): name{section.6.6} has been referenced but does not exist, replaced by a fixed one


pdfTeX warning (dest): name{subsection.6.5.3} has been referenced but does not exist, replaced by a fixed one


pdfTeX warning (dest): name{subsection.6.5.2} has been referenced but does not exist, replaced by a fixed one


pdfTeX warning (dest): name{subsection.6.5.1} has been referenced but does not exist, replaced by a fixed one


pdfTeX warning (dest): name{section.6.5} has been referenced but does not exist, replaced by a fixed one


pdfTeX warning (dest): name{section.6.4} has been referenced but does not exist, replaced by a fixed one


pdfTeX warning (dest): name{subsection.6.3.2} has been referenced but does not exist, replaced by a fixed one


pdfTeX warning (dest): name{subsection.6.3.1} has been referenced but does not exist, replaced by a fixed one


pdfTeX warning (dest): name{section.6.3} has been referenced but does not exist, replaced by a fixed one


pdfTeX warning (dest): name{subsection.6.2.1} has been referenced but does not exist, replaced by a fixed one


pdfTeX warning (dest): name{section.6.2} has been referenced but does not exist, replaced by a fixed one


pdfTeX warning (dest): name{subsection.6.1.1} has been referenced but does not exist, replaced by a fixed one


pdfTeX warning (dest): name{section.6.1} has been referenced but does not exist, replaced by a fixed one


pdfTeX warning (dest): name{chapter.6} has been referenced but does not exist, replaced by a fixed one


pdfTeX warning (dest): name{subsection.5.3.4} has been referenced but does not exist, replaced by a fixed one


pdfTeX warning (dest): name{subsection.5.3.3} has been referenced but does not exist, replaced by a fixed one


pdfTeX warning (dest): name{subsection.5.3.2} has been referenced but does not exist, replaced by a fixed one


pdfTeX warning (dest): name{subsection.5.3.1} has been referenced but does not exist, replaced by a fixed one


pdfTeX warning (dest): name{section.5.3} has been referenced but does not exist, replaced by a fixed one


pdfTeX warning (dest): name{subsection.5.2.1} has been referenced but does not exist, replaced by a fixed one


pdfTeX warning (dest): name{section.5.2} has been referenced but does not exist, replaced by a fixed one


pdfTeX warning (dest): name{subsection.5.1.4} has been referenced but does not exist, replaced by a fixed one


pdfTeX warning (dest): name{subsection.5.1.3} has been referenced but does not exist, replaced by a fixed one


pdfTeX warning (dest): name{subsection.5.1.2} has been referenced but does not exist, replaced by a fixed one


pdfTeX warning (dest): name{subsection.5.1.1} has been referenced but does not exist, replaced by a fixed one


pdfTeX warning (dest): name{section.5.1} has been referenced but does not exist, replaced by a fixed one


pdfTeX warning (dest): name{chapter.5} has been referenced but does not exist, replaced by a fixed one


pdfTeX warning (dest): name{section.4.6} has been referenced but does not exist, replaced by a fixed one


pdfTeX warning (dest): name{subsection.4.5.2} has been referenced but does not exist, replaced by a fixed one


pdfTeX warning (dest): name{subsection.4.5.1} has been referenced but does not exist, replaced by a fixed one


pdfTeX warning (dest): name{section.4.5} has been referenced but does not exist, replaced by a fixed one


pdfTeX warning (dest): name{subsection.4.4.3} has been referenced but does not exist, replaced by a fixed one


pdfTeX warning (dest): name{subsection.4.4.2} has been referenced but does not exist, replaced by a fixed one


pdfTeX warning (dest): name{subsection.4.4.1} has been referenced but does not exist, replaced by a fixed one


pdfTeX warning (dest): name{section.4.4} has been referenced but does not exist, replaced by a fixed one


pdfTeX warning (dest): name{subsection.4.3.1} has been referenced but does not exist, replaced by a fixed one


pdfTeX warning (dest): name{section.4.3} has been referenced but does not exist, replaced by a fixed one


pdfTeX warning (dest): name{section.4.2} has been referenced but does not exist, replaced by a fixed one


pdfTeX warning (dest): name{subsection.4.1.3} has been referenced but does not exist, replaced by a fixed one


pdfTeX warning (dest): name{subsection.4.1.2} has been referenced but does not exist, replaced by a fixed one


pdfTeX warning (dest): name{subsection.4.1.1} has been referenced but does not exist, replaced by a fixed one


pdfTeX warning (dest): name{section.4.1} has been referenced but does not exist, replaced by a fixed one


pdfTeX warning (dest): name{chapter.4} has been referenced but does not exist, replaced by a fixed one


pdfTeX warning (dest): name{subsection.3.4.8} has been referenced but does not exist, replaced by a fixed one


pdfTeX warning (dest): name{subsection.3.4.7} has been referenced but does not exist, replaced by a fixed one


pdfTeX warning (dest): name{subsection.3.4.6} has been referenced but does not exist, replaced by a fixed one


pdfTeX warning (dest): name{subsection.3.4.5} has been referenced but does not exist, replaced by a fixed one


pdfTeX warning (dest): name{subsection.3.4.4} has been referenced but does not exist, replaced by a fixed one


pdfTeX warning (dest): name{subsection.3.4.3} has been referenced but does not exist, replaced by a fixed one


pdfTeX warning (dest): name{subsection.3.4.2} has been referenced but does not exist, replaced by a fixed one


pdfTeX warning (dest): name{subsection.3.4.1} has been referenced but does not exist, replaced by a fixed one


pdfTeX warning (dest): name{section.3.4} has been referenced but does not exist, replaced by a fixed one


pdfTeX warning (dest): name{subsection.3.3.2} has been referenced but does not exist, replaced by a fixed one


pdfTeX warning (dest): name{subsection.3.3.1} has been referenced but does not exist, replaced by a fixed one


pdfTeX warning (dest): name{section.3.3} has been referenced but does not exist, replaced by a fixed one


pdfTeX warning (dest): name{subsection.3.2.1} has been referenced but does not exist, replaced by a fixed one


pdfTeX warning (dest): name{section.3.2} has been referenced but does not exist, replaced by a fixed one


pdfTeX warning (dest): name{subsection.3.1.2} has been referenced but does not exist, replaced by a fixed one


pdfTeX warning (dest): name{subsection.3.1.1} has been referenced but does not exist, replaced by a fixed one


pdfTeX warning (dest): name{section.3.1} has been referenced but does not exist, replaced by a fixed one


pdfTeX warning (dest): name{chapter.3} has been referenced but does not exist, replaced by a fixed one


pdfTeX warning (dest): name{section.2.9} has been referenced but does not exist, replaced by a fixed one


pdfTeX warning (dest): name{section.2.8} has been referenced but does not exist, replaced by a fixed one


pdfTeX warning (dest): name{section.2.7} has been referenced but does not exist, replaced by a fixed one


pdfTeX warning (dest): name{subsection.2.6.2} has been referenced but does not exist, replaced by a fixed one


pdfTeX warning (dest): name{subsection.2.6.1} has been referenced but does not exist, replaced by a fixed one


pdfTeX warning (dest): name{section.2.6} has been referenced but does not exist, replaced by a fixed one


pdfTeX warning (dest): name{subsection.2.5.1} has been referenced but does not exist, replaced by a fixed one


pdfTeX warning (dest): name{section.2.5} has been referenced but does not exist, replaced by a fixed one


pdfTeX warning (dest): name{subsection.2.4.6} has been referenced but does not exist, replaced by a fixed one


pdfTeX warning (dest): name{subsection.2.4.5} has been referenced but does not exist, replaced by a fixed one


pdfTeX warning (dest): name{subsection.2.4.4} has been referenced but does not exist, replaced by a fixed one


pdfTeX warning (dest): name{subsection.2.4.3} has been referenced but does not exist, replaced by a fixed one


pdfTeX warning (dest): name{subsection.2.4.2} has been referenced but does not exist, replaced by a fixed one


pdfTeX warning (dest): name{subsection.2.4.1} has been referenced but does not exist, replaced by a fixed one


pdfTeX warning (dest): name{section.2.4} has been referenced but does not exist, replaced by a fixed one


pdfTeX warning (dest): name{subsection.2.3.1} has been referenced but does not exist, replaced by a fixed one


pdfTeX warning (dest): name{section.2.3} has been referenced but does not exist, replaced by a fixed one


pdfTeX warning (dest): name{subsection.2.2.2} has been referenced but does not exist, replaced by a fixed one


pdfTeX warning (dest): name{subsection.2.2.1} has been referenced but does not exist, replaced by a fixed one


pdfTeX warning (dest): name{section.2.2} has been referenced but does not exist, replaced by a fixed one


pdfTeX warning (dest): name{section.2.1} has been referenced but does not exist, replaced by a fixed one


pdfTeX warning (dest): name{chapter.2} has been referenced but does not exist, replaced by a fixed one


pdfTeX warning (dest): name{subsection.1.3.3} has been referenced but does not exist, replaced by a fixed one


pdfTeX warning (dest): name{subsection.1.3.2} has been referenced but does not exist, replaced by a fixed one


pdfTeX warning (dest): name{subsection.1.3.1} has been referenced but does not exist, replaced by a fixed one


pdfTeX warning (dest): name{section.1.3} has been referenced but does not exist, replaced by a fixed one


pdfTeX warning (dest): name{section.1.2} has been referenced but does not exist, replaced by a fixed one


pdfTeX warning (dest): name{subsection.1.1.6} has been referenced but does not exist, replaced by a fixed one


pdfTeX warning (dest): name{subsection.1.1.5} has been referenced but does not exist, replaced by a fixed one


pdfTeX warning (dest): name{subsection.1.1.4} has been referenced but does not exist, replaced by a fixed one


pdfTeX warning (dest): name{subsection.1.1.3} has been referenced but does not exist, replaced by a fixed one


pdfTeX warning (dest): name{subsection.1.1.2} has been referenced but does not exist, replaced by a fixed one


pdfTeX warning (dest): name{subsection.1.1.1} has been referenced but does not exist, replaced by a fixed one


pdfTeX warning (dest): name{section.1.1} has been referenced but does not exist, replaced by a fixed one


pdfTeX warning (dest): name{chapter.1} has been referenced but does not exist, replaced by a fixed one


pdfTeX warning (dest): name{chapter*.3} has been referenced but does not exist, replaced by a fixed one

<D:/MikTek/fonts/type1/public/etbb/ETbb-Bold.pfb><D:/MikTek/fonts/type1/public/etbb/ETbb-Italic.pfb><D:/MikTek/fonts/type1/public/etbb/ETbb-Regular.pfb><D:/MikTek/fonts/type1/public/amsfonts/cm/cmbx10.pfb><D:/MikTek/fonts/type1/public/amsfonts/cm/cmbx9.pfb><D:/MikTek/fonts/type1/public/amsfonts/cm/cmex10.pfb><D:/MikTek/fonts/type1/public/amsfonts/cm/cmmi10.pfb><D:/MikTek/fonts/type1/public/amsfonts/cm/cmmi5.pfb><D:/MikTek/fonts/type1/public/amsfonts/cm/cmmi6.pfb><D:/MikTek/fonts/type1/public/amsfonts/cm/cmmi7.pfb><D:/MikTek/fonts/type1/public/amsfonts/cm/cmmi8.pfb><D:/MikTek/fonts/type1/public/amsfonts/cm/cmmi9.pfb><D:/MikTek/fonts/type1/public/amsfonts/cmextra/cmmib6.pfb><D:/MikTek/fonts/type1/public/amsfonts/cmextra/cmmib7.pfb><D:/MikTek/fonts/type1/public/amsfonts/cmextra/cmmib9.pfb><D:/MikTek/fonts/type1/public/amsfonts/cm/cmr10.pfb><D:/MikTek/fonts/type1/public/amsfonts/cm/cmr5.pfb><D:/MikTek/fonts/type1/public/amsfonts/cm/cmr6.pfb><D:/MikTek/fonts/type1/public/amsfonts/cm/cmr7.pfb><D:/MikTek/fonts/type1/public/amsfonts/cm/cmr8.pfb><D:/MikTek/fonts/type1/public/amsfonts/cm/cmr9.pfb><D:/MikTek/fonts/type1/public/amsfonts/cm/cmss10.pfb><D:/MikTek/fonts/type1/public/amsfonts/cm/cmss9.pfb><D:/MikTek/fonts/type1/public/amsfonts/cm/cmsy10.pfb><D:/MikTek/fonts/type1/public/amsfonts/cm/cmsy6.pfb><D:/MikTek/fonts/type1/public/amsfonts/cm/cmsy7.pfb><D:/MikTek/fonts/type1/public/amsfonts/cm/cmsy8.pfb><D:/MikTek/fonts/type1/public/amsfonts/cm/cmsy9.pfb><D:/MikTek/fonts/type1/public/amsfonts/symbols/msbm10.pfb><D:/MikTek/fonts/type1/public/amsfonts/symbols/msbm7.pfb><D:/MikTek/fonts/type1/public/cm-super/sfrm0800.pfb><D:/MikTek/fonts/type1/public/cm-super/sfss1095.pfb><D:/MikTek/fonts/type1/public/cm-super/sfss1200.pfb><D:/MikTek/fonts/type1/public/cm-super/sfss1728.pfb><D:/MikTek/fonts/type1/public/cm-super/sfss2074.pfb><D:/MikTek/fonts/type1/public/cm-super/sftt0900.pfb>
Output written on main.pdf (48 pages, 2719393 bytes).
PDF statistics:
 1965 PDF objects out of 2073 (max. 8388607)
 610 named destinations out of 1000 (max. 500000)
 135 words of extra memory for PDF output out of 10000 (max. 10000000)

